s_m,x_m,y_m,z_m,Q_m3s,speed_mps,vx_mps,vy_mps,vz_mps,radius_m,diameter_plume_m,plume_temp_C,plume_salinity_psu,ambient_temp_C,ambient_salinity_psu,plume_density_kgm3,ambient_density_kgm3,gprime_mps2,local_Froude,alpha_tophat,dQds_shear_m2s,dQds_forced_m2s,dQds_total_m2s,dilution_bulk,bulk_to_centerline_ratio,dilution_centerline,centerline_delta_T_C,bulk_delta_T_C,trajectory_angle_deg,current_perp_mps,current_tangent_mps,horizontal_distance_m
0.0,0.0,0.0,1.0,1.1111111111111112,8.841941282883074,8.540659439668257,0.0,2.288462799688354,0.2,0.4,30.0,35.0,20.0,35.0,1021.7286394941123,1024.7630049942754,0.029037894895846125,116.02459582752313,0.07779806000160579,0.8644228889067309,0.0,0.8644228889067309,1.0,1.0,1.0,10.0,10.0,14.999999999999998,0.0,0.0,0.0
0.007914588792119396,0.007644902805253097,0.0,1.0020484571868928,1.117952672426291,8.787837750637545,8.48839296482568,0.0,2.274483942838076,0.20123140427752376,0.4024628085550475,29.938802764339467,35.0,20.0,35.0,1021.74951828023,1024.7630049942754,0.02883809167609367,115.35884309385338,0.07779824902209354,0.8644253188670914,0.0,0.8644253188670914,1.0061574051836617,1.0017291770222474,1.00442058418881,9.95598871370821,9.938802764339465,15.000163129441951,0.0,0.0,0.007644902805253097
0.08706047671331336,0.08409360404343505,0.0,1.022534248686878,1.186369364326296,8.281117299257577,7.998876138394109,0.0,2.143568111045802,0.21354556545060488,0.42709113090120976,29.36564230771484,35.0,20.0,35.0,1021.9437472310194,1024.7630049942754,0.02697938353481943,109.10072754448566,0.07780019860438668,0.8644503758997106,0.0,0.8644503758997106,1.0677324278936664,1.018787746953329,1.048042078525881,9.541601625447573,9.365642307714834,15.001842591475718,0.0,0.0,0.08409360404343505
0.16706047671331337,0.16136668406405097,0.0,1.043243452042124,1.255526454110588,7.825040987879182,7.558280885729184,0.0,2.025748383785622,0.2259928437172678,0.4519856874345356,28.849762643179194,35.0,20.0,35.0,1022.1165178282897,1024.7630049942754,0.02532602488558691,103.43220017104427,0.07780227898702845,0.8644771033592044,0.0,0.8644771033592044,1.129973808699529,1.035606937408429,1.0911222857653406,9.164875587694324,8.84976264317919,15.003629128622741,0.0,0.0,0.16136668406405097
0.24706047671331338,0.23863910216005932,0.0,1.0639551251040462,1.3246857384186705,7.41657579368536,7.163677636447971,0.0,1.9202393664683695,0.2384403630053988,0.4768807260107976,28.387733625316212,35.0,20.0,35.0,1022.2695942395175,1024.7630049942754,0.023861133217122608,98.32592019117725,0.07780446979228758,0.864505239129635,0.0,0.864505239129635,1.1922171645768034,1.0520108605715803,1.1332745784858589,8.823986869414084,8.387733625316207,15.005505031335971,0.0,0.0,0.23863910216005932
0.3270604767133134,0.3159108259541534,0.0,1.084669388336461,1.3938473299486973,7.04863603451906,6.808221672297981,0.0,1.8252089217327019,0.25088813578151375,0.5017762715630275,27.97154098040284,35.0,20.0,35.0,1022.4061328126628,1024.7630049942754,0.02255450330190307,93.70189840636388,0.07780677109645082,0.8645347840534153,0.0,0.8645347840534153,1.2544625969538274,1.0680097694287531,1.1745797022295053,8.513683644471888,7.9715409804028345,15.00747024519911,0.0,0.0,0.3159108259541534
0.4070604767133134,0.3931818230752875,0.0,1.105386362131394,1.4630113414687,6.715475601600121,6.486362293066625,0.0,1.7391712850579109,0.2633361745209545,0.526672349041909,27.59468556132778,34.99999999999999,20.0,35.0,1022.5286541723775,1024.7630049942754,0.02138201357853237,89.49467885236999,0.07780918297965851,0.8645657390348052,0.0,0.8645657390348052,1.31671020732183,1.0836136638187914,1.2151103767754061,8.229705046662062,7.594685561327773,15.009524722735472,0.0,0.0,0.3931818230752875
0.48706047671331343,0.4704520611558617,0.0,1.1261061668173646,1.5321778858214672,6.41238568229059,6.193550819031432,0.0,1.6609089049434427,0.27578449170832925,0.5515689834166585,27.251841456485955,34.99999999999999,20.0,35.0,1022.6391947433256,1024.7630049942754,0.020324176122647905,85.65017221848748,0.07781170552598675,0.8645981050381757,0.0,0.8645981050381757,1.3789600972393203,1.0988322966836392,1.2549322598190173,7.968557602816084,7.25184145648595,15.0116684220947,0.0,0.0,0.4704520611558617
0.5670604767133134,0.5477215078293254,0.0,1.1468289226661104,1.6013470759292867,6.13547079969819,5.926024246882532,0.0,1.5894145335026562,0.28823309983795886,0.5764661996759177,26.938602679037064,34.99999999999999,20.0,35.0,1022.7394170962406,1024.7630049942754,0.019365080670895637,82.12328478605129,0.07781433882348635,0.8646318830863879,0.0,0.8646318830863879,1.441212368336358,1.1136751801642453,1.2941047748983752,7.727349588664713,6.93860267903706,15.013901306033846,0.0,0.0,0.5477215078293254
0.6470604767133133,0.6249901307281075,0.0,1.1675547498980885,1.6705190247985662,5.88148047612753,5.680642637862607,0.0,1.523847699728122,0.3006820114143268,0.6013640228286536,26.651292769593518,34.99999999999999,20.0,35.0,1022.8306915585061,1024.7630049942754,0.01849161363411313,78.87611853113171,0.07781708296419737,0.8646670742593426,0.0,0.8646670742593426,1.5034671223187095,1.1281515915459621,1.3326818253728063,7.503666523855074,6.651292769593514,15.016223341115806,0.0,0.0,0.6249901307281075
0.7270604767133133,0.7022578974818056,0.0,1.1882837686870127,1.7396938455243436,5.6476810435317795,5.4547652876079615,0.0,1.4635015635712314,0.3131312389525292,0.6262624779050584,26.38681980723006,34.99999999999999,20.0,35.0,1022.9141574259094,1024.7630049942754,0.017692872320677094,75.87658771250469,0.07781993804414972,0.8647036796926996,0.0,0.8647036796926996,1.5657244609719092,1.1422705790571501,1.3707124123465433,7.295476359538358,6.386819807230061,15.018634497070943,0.0,0.0,0.7022578974818056
0.8070604767133133,0.7795247757155823,0.0,1.209016099163616,1.8088716512947025,5.431756857455414,5.246155299542224,0.0,1.4077773728821474,0.325580794978725,0.65116158995745,26.142564677354706,35.0,20.0,35.0,1022.9907694663493,1024.7630049942754,0.016959719911077108,73.09734345580655,0.07782290416335622,0.8647417005767691,0.0,0.8647417005767691,1.6279844861652322,1.1560409675246164,1.4082411712892575,7.101056412691663,6.142564677354702,15.021134746283044,0.0,0.0,0.7795247757155823
0.8870604767133132,0.8567907330487294,0.0,1.2297518614187881,1.8780525553951053,5.2317333356979825,5.0529052407880926,0.0,1.3561645635651178,0.3380306920305848,0.6760613840611696,25.916294024462783,35.0,20.0,35.0,1023.0613336666108,1024.7630049942754,0.016284443372870647,70.51492904508461,0.07782598142580197,0.8647811381555544,0.0,0.8647811381555544,1.6902472998555946,1.1694713638894165,1.4453088395719127,6.91893644195929,5.916294024462778,15.02372406337118,0.0,0.0,0.8567907330487294
0.9670604767133132,0.9340557370933692,0.0,1.2504911755062,1.9472366712126539,5.045916396139371,4.8733786395475365,0.0,1.3082251000611251,0.3504809426577384,0.7009618853154768,25.70609175318766,35.0,20.0,35.0,1023.1265350084385,1024.7630049942754,0.015660487652652263,68.10911007098966,0.07782916993943201,0.8648219937259252,0.0,0.8648219937259252,1.7525130040913883,1.1825701625864755,1.4819526650819212,6.7478538523004765,5.706091753187659,15.02640242484664,0.0,0.0,0.9340557370933692
1.0470604767133131,1.0113197554532687,0.0,1.271234161444509,2.0164241122402906,4.872844356761538,4.706163520871719,0.0,1.2635810381764503,0.3629315594222213,0.7258631188444425,25.51030462473811,34.99999999999999,20.0,35.0,1023.1869592669632,1024.7630049942754,0.015082247072173531,65.86233854587125,0.07783246981613857,0.8648642686369108,0.0,0.8648642686369108,1.8147817010162615,1.195345550791381,1.518206764407816,6.586718116685871,5.510304624738111,15.029169808829009,0.0,0.0,1.0113197554532687
1.1270604767133132,1.0885827557227479,0.0,1.2919809392192125,2.085614992080946,4.711249405257791,4.550035186582074,0.0,1.2219045623152929,0.37538255489891886,0.7507651097978377,25.32749867703285,35.0,20.0,35.0,1023.2431102760738,1024.7630049942754,0.014544900104327154,63.75932068762001,0.07783588117174872,0.8649079642890868,0.0,0.8649079642890868,1.8770534928728513,1.207805513537635,1.5541024377136712,6.43458227548473,5.327498677032847,15.03202619480951,0.0,0.0,1.0885827557227479
1.2070604767133133,1.1658447054856662,0.0,1.3127316287842095,2.1548094244516407,4.560026488314452,4.403926162540491,0.0,1.1829099412131179,0.38783394167601065,0.7756678833520213,25.156424036867527,34.99999999999999,20.0,35.0,1023.2954237206427,1024.7630049942754,0.014044277386019438,61.786665671579726,0.07783940412601263,0.8649530821340528,0.0,0.8649530821340528,1.9393284820064765,1.2199578387075605,1.5896684462973136,6.290619923476617,5.156424036867523,15.034971563452366,0.0,0.0,1.1658447054856662
1.2870604767133134,1.2431055723144762,0.0,1.3334863500631153,2.2240075231875487,4.418208005487343,4.266901753115673,0.0,1.1463469845604517,0.4002857323554116,0.8005714647108232,24.995986297378245,35.0,20.0,35.0,1023.3442782421046,1024.7630049942754,0.01357675544137561,59.93259816612541,0.07784303880259273,0.8649996236739763,0.0,0.8649996236739763,2.001606770868794,1.2318101218999802,1.624931257896677,6.1541064899841205,4.99598629737824,15.038005896426938,0.0,0.0,1.2431055723144762
1.3670604767133134,1.3203653237693318,0.0,1.3542452229503685,2.293209402246027,4.284943082263473,4.138140019109036,0.0,1.1119956836633211,0.41273793955321364,0.8254758791064273,24.845223074800156,35.0,20.0,35.0,1023.390004447186,1024.7630049942754,0.013139170471117526,58.186721518353025,0.07784678532905373,0.8650475904612007,0.0,0.8650475904612007,2.063888462021424,1.2433697711777139,1.6599152640380817,6.024403905819243,4.845223074800151,15.041129176265146,0.0,0.0,1.3203653237693318
1.4470604767133135,1.397623927397246,0.0,1.3750083673121578,2.362415175710616,4.159480483896086,4.016915272641233,0.0,1.0796617934955475,0.4251905759001253,0.8503811518002506,24.70328468312895,35.0,20.0,35.0,1023.4328922664423,1024.7630049942754,0.012728747933750381,56.53982146253469,0.07785064383685353,0.8650969840979053,0.0,0.8650969840979053,2.1261736581395545,1.2546440116978588,1.6946429730791048,5.900947962997989,4.703284683128943,15.044341386239603,0.0,0.0,1.397623927397246
1.5270604767133136,1.4748813507312888,0.0,1.3957759029871981,2.4316249577950133,4.0411544451312436,3.902584388768794,0.0,1.0491731687105363,0.43764365404191086,0.8752873080838217,24.569418106806502,35.0,20.0,35.0,1023.4731970039574,1024.7630049942754,0.012343044651893412,54.983702476374035,0.07785461446133503,0.8651478062358072,0.0,0.8651478062358072,2.188462462015512,1.2656398902277475,1.7291351820632848,5.7832378311032535,4.569418106806494,15.04764251025897,0.0,0.0,1.4748813507312888
1.6070604767133136,1.5521375612898203,0.0,1.4165479497873756,2.5008388628470266,3.9293728513249895,3.794575388527088,0.0,1.0203767076498644,0.45009718663982784,0.9001943732796557,24.442953632950957,35.0,20.0,35.0,1023.5111443413576,1024.7630049942754,0.011979900925487556,53.51105061397337,0.07785869734171855,0.8652000585759037,0.0,0.8652000585759037,2.250754976562324,1.2763642795494075,1.7634111300552096,5.6708273127928575,4.442953632950947,15.051032532777665,0.0,0.0,1.5521375612898203
1.6870604767133137,1.6293925265757556,0.0,1.4373246274982774,2.5700570053525076,3.8236073279852922,3.692377865497892,0.0,0.9931357898112715,0.46255118637106507,0.9251023727421301,24.323293642114038,35.0,20.0,35.0,1023.546934500623,1024.7630049942754,0.011637400695044629,52.11531794359711,0.07786289262109523,0.8652537428682463,0.0,0.8652537428682463,2.3130513048172565,1.2868238827552734,1.7974886352471824,5.5633175108363595,4.323293642114027,15.054511438717569,0.0,0.0,1.6293925265757556
1.7670604767133138,1.7066462140758547,0.0,1.458106055879624,2.639279499939267,3.7233848886427507,3.5955349177113543,0.0,0.9673281162519756,0.4750056659291783,0.9500113318583566,24.209903161588915,35.0,20.0,35.0,1023.5807457258254,1024.7630049942754,0.011313838222536345,50.79062471794762,0.0778672004464207,0.86530886091174,0.0,0.86530886091174,2.37535154994534,1.2970252374378375,1.8313842178103212,5.460350647750156,4.209903161588908,15.0580792133999,0.0,0.0,1.7066462140758547
1.8470604767133139,1.7838985912600371,0.0,1.4788923546656159,2.708506461380976,3.628280862478768,3.503636315784515,0.0,0.9428438808973538,0.4874606380245266,0.9749212760490532,24.102301866190103,35.0,20.0,35.0,1023.612737210061,1024.7630049942754,0.011007690081600111,49.531676178437365,0.0778716209685096,0.8653654145539696,0.0,0.8653654145539696,2.4376558152428784,1.3069747197758592,1.8651132101934813,5.361604831999785,4.102301866190096,15.061735842485675,0.0,0.0,1.7838985912600371
1.927060476713314,1.8611496255807163,0.0,1.4996836435652035,2.777738004601055,3.53791287863494,3.416312691806338,0.0,0.9195842150743458,0.49991611538470754,0.9998322307694151,24.000057274194564,35.0,20.0,35.0,1023.6430515678413,1024.7630049942754,0.010717591497559381,48.3336914994582,0.07787615434203041,0.8654234056910443,0.0,0.8654234056910443,2.4999642041409493,1.3166785485196824,1.898689856344674,5.266789605782081,4.000057274194552,15.065481311923465,0.0,0.0,1.8611496255807163
2.007060476713314,1.938399284472152,0.0,1.5204800422622924,2.846974244676549,3.451935727487348,3.333230575364595,0.0,0.897459858800502,0.5123721107549914,1.024744221509983,23.90277893517561,35.0,20.0,35.0,1023.6718169330537,1024.7630049942754,0.010442316270618791,47.19234285320277,0.0778808007255008,0.8654828362674595,0.0,0.8654828362674595,2.562276820208894,1.3261427888781585,1.9321274011348617,5.175642141468705,3.902778935175604,15.069315607903423,0.0,0.0,1.938399284472152
2.087060476713314,2.0156475353498196,0.0,1.5412816704158891,2.916215296841995,3.3700369532728023,3.2540881360535425,0.0,0.8763900211776803,0.5248286368987564,1.0496572737975127,23.81011344503387,35.0,20.0,35.0,1023.699148746888,1024.7630049942754,0.010180759665987613,46.10370295083114,0.07788556028128334,0.8655437082759766,0.0,0.8655437082759766,2.6245937671577955,1.335373356309599,1.9654381710977447,5.087923979015203,3.8101134450338656,15.073238716816658,0.0,0.0,2.0156475353498196
2.167060476713314,2.092894345609791,0.0,1.5620886476601952,2.9854612764932766,3.2919330594456917,3.1786115178750225,0.0,0.8563013992185918,0.5372857065979207,1.0745714131958415,23.721740154058285,35.0,20.0,35.0,1023.7251512877981,1024.7630049942754,0.009931923772641281,45.06419971450404,0.07789043317558153,0.8656060237575129,0.0,0.8656060237575129,2.6869151488439487,1.3443760202191288,1.9986336474567512,5.003418216602596,3.7217401540582786,15.07725062521924,0.0,0.0,2.092894345609791
2.247060476713314,2.170139682628131,0.0,1.5829010936046557,3.0547122991914746,3.2173662296343917,3.1065516717050974,0.0,0.837127329991135,0.5497433326533776,1.0994866653067552,23.637367458157037,35.0,20.0,35.0,1023.7499189858227,1024.7630049942754,0.009694904925699278,44.07057697359845,0.07789541957843599,0.8656697848010432,0.0,0.8656697848010432,2.749241069272327,1.353156407564753,2.031724532288236,4.9219270826727035,3.6373674581570303,15.081351319800223,0.0,0.0,2.170139682628131
2.327060476713314,2.247383513760304,0.0,1.6037191278339678,3.1239684806667065,3.1461014842735477,3.037681608620505,0.0,0.818807055414741,0.5622015278854269,1.1244030557708538,23.556729582860527,35.0,20.0,35.0,1023.7735375558432,1024.7630049942754,0.009468882861511865,43.11986027052212,0.0779005196637212,0.8657349935435144,0.0,0.8657349935435144,2.8115716326000357,1.3617200063743884,2.0647208085646853,4.843269830244805,3.5567295828605214,15.085540787353112,0.0,0.0,2.247383513760304
2.407060476713314,2.32462580634059,0.0,1.6245428699080504,3.1932299368219623,3.07792420684069,2.971794010260304,0.0,0.8012850826246971,0.5746603051342083,1.1493206102684166,23.47958378536604,35.0,20.0,35.0,1023.796084978181,1024.7630049942754,0.009253111333663822,42.20932701713865,0.07790573360914217,0.8658016521697658,0.0,0.8658016521697658,2.873906943139766,1.3700721691760598,2.0976317947309955,4.76728090464629,3.4795837853660356,15.089819014750388,0.0,0.0,2.32462580634059
2.487060476713314,2.401866527681509,0.0,1.6453724393619837,3.262496783736932,3.012637984834196,2.908699143225449,0.0,0.7845106257185975,0.587119677260133,1.174239354520266,23.40570791257125,35.0,20.0,35.0,1023.8176323499557,1024.7630049942754,0.009046909965753257,41.33648036891319,0.07791106159623135,0.8658697629124564,0.0,0.8658697629124564,2.9362471053632384,1.3782181163434042,2.1304661943883687,4.693808344079771,3.4057079125712466,15.094185988920632,0.0,0.0,2.401866527681509
2.5670604767133143,2.479105645073257,0.0,1.666207955705918,3.331769137671829,2.950062719743439,2.848223033322935,0.0,0.7684371170556213,0.5995796571443159,1.1991593142886319,23.334898263351864,35.0,20.0,35.0,1023.8382446266152,1024.7630049942754,0.00884965715518413,40.49902628707935,0.07791650381034605,0.8659393280520056,0.0,0.8659393280520056,2.998592223904646,1.3861629393585746,2.163232141592386,4.622712379189622,3.3348982633518616,15.09864169682801,0.0,0.0,2.479105645073257
2.6470604767133143,2.5563431257831453,0.0,1.6870495384249555,3.4010471150712096,2.890032967707186,2.790205862653187,0.0,0.7530217782044494,0.6120402576890069,1.2240805153780139,23.2669677117597,35.0,20.0,35.0,1023.8579812697999,1024.7630049942754,0.00866078387331873,39.694853343858206,0.07792206044066524,0.8660103499165264,0.0,0.8660103499165264,3.0609424035640886,1.3939116039945807,2.1959372422126626,4.553864203297465,3.2669677117596976,15.103186125453766,0.0,0.0,2.5563431257831453
2.7270604767133144,2.633578937055049,0.0,1.7078973069790109,3.4703308325677837,2.8323964786656592,2.734500558440934,0.0,0.7382252422153059,0.6245014918180221,1.2490029836360441,23.201744054727413,35.0,20.0,35.0,1023.8768968150283,1024.7630049942754,0.008479768232911843,38.92201489507214,0.07792773168018732,0.8660828308817791,0.0,0.8660828308817791,3.1232977493110052,1.4014689534190612,2.2285886117500673,4.48714488949452,3.2017440547274063,15.10781926177954,0.0,0.0,2.633578937055049
2.8070604767133145,2.710813046108861,0.0,1.728751380802647,3.5396204069862276,2.7770129068461724,2.680971547373136,0.0,0.7240112201933887,0.6369633724771744,1.2739267449543488,23.1390685535604,35.0,20.0,35.0,1023.8950413705356,1024.7630049942754,0.008306130714384475,38.17871330254082,0.0779335177257276,0.8661567733711205,0.0,0.8661567733711205,3.185658366287605,1.4088397112214184,2.2611929099625834,4.422444434502261,3.1390685535603944,15.112541092772211,0.0,0.0,2.710813046108861
2.8870604767133146,2.7880454201399516,0.0,1.749611879304893,3.6089159553469874,2.7237526695880936,2.6294936532316657,0.0,0.7103462062281006,0.649425912634705,1.29885182526941,23.078794643208262,35.00000000000001,20.0,35.0,1023.9124610567986,1024.7630049942754,0.008139429959713911,37.463285936287114,0.07793941877791564,0.866232179855458,0.0,0.866232179855458,3.2480243598122884,1.4160284843652176,2.2937563726116177,4.359660912293938,3.0787946432082562,15.117351605370237,0.0,0.0,2.7880454201399516
2.9670604767133146,2.8652760263186323,0.0,1.7704789218690444,3.678217594870083,2.672495934973391,2.579951118951291,0.0,0.6971992156272718,0.6618891252817128,1.3237782505634257,23.02078678722203,35.00000000000001,20.0,35.0,1023.9291983948,1024.7630049942754,0.007979259056870046,36.774192726450025,0.07794543504119313,0.8663090528532087,0.0,0.8663090528532087,3.3103958353830745,1.4230397660676881,2.326284840606213,4.29869972302879,3.0207867872220224,15.122250786471158,0.0,0.0,2.8652760263186323
3.0470604767133147,2.942504831789626,0.0,1.7913526278524472,3.747525442978907,2.623131721614457,2.5322367370208165,0.0,0.6845415521516524,0.6743530234325852,1.3487060468651704,22.964919459567138,35.00000000000001,20.0,35.0,1023.945292649866,1024.7630049942754,0.007825242249399298,36.11000506830579,0.07795156672381157,0.8663873949302623,0.0,0.8663873949302623,3.372772898681016,1.4298779386081304,2.3587837867924137,4.239472924984987,2.9649194595671355,15.127238622920254,0.0,0.0,2.942504831789626
3.1270604767133148,3.019731803671541,0.0,1.8122331165862657,3.8168396173040198,2.5755570963655425,2.486251074477759,0.0,0.6723466005692993,0.6868176201254272,1.3736352402508545,22.91107623719315,35.00000000000001,20.0,35.0,1023.9607801368896,1024.7630049942754,0.007677032015540368,35.46939591176869,0.07795781403783004,0.8664672086999454,0.0,0.8664672086999454,3.4351556555736176,1.436547276066984,2.3912583406085144,4.181898638963139,2.9110762371931456,15.132315101500183,0.0,0.0,3.019731803671541
3.207060476713315,3.0969569090563476,0.0,1.8331205073752395,3.886160235686946,2.5296764577518016,2.4419017807056385,0.0,0.6605896413737755,0.6992829284224921,1.3985658568449841,22.85914898955448,35.00000000000001,20.0,35.0,1023.975694491897,1024.7630049942754,0.0075343064694188295,34.85113089032691,0.07796417719911315,0.8665484968229897,0.0,0.8665484968229897,3.497544212118251,1.4430519469972654,2.42371331080355,4.12590051613185,2.859148989554475,15.137480208921513,0.0,0.0,3.0969569090563476
3.287060476713315,3.174180115008859,0.0,1.854014919497425,3.955487416183962,2.485400894618319,2.3991029678932625,0.0,0.6492476849518062,0.7117489614106096,1.4234979228212192,22.809037153208926,35.00000000000001,20.0,35.0,1023.9900669142054,1024.7630049942754,0.007396767043674924,34.25406036438139,0.07797065642732864,0.8666312620074988,0.0,0.8666312620074988,3.559938674565566,1.4493960170300515,2.4561532063957334,4.071407261550446,2.809037153208922,15.142733931814037,0.0,0.0,3.174180115008859
3.367060476713315,3.2514013885662183,0.0,1.8749164722039282,4.024821277069888,2.442647610945516,2.3577746554102745,0.0,0.6382993228594229,0.7242157322016158,1.4484314644032317,22.76064708125379,35.00000000000001,20.0,35.0,1024.0039263828146,1024.7630049942754,0.00726413641866784,33.677112270774344,0.07797725194594564,0.8667155070089243,0.0,0.8667155070089243,3.622339149362899,1.4555834514156298,2.4885822560293525,4.018352206671866,2.7606470812537833,15.1480762567188,0.0,0.0,3.2514013885662183
3.447060476713315,3.3286206967373837,0.0,1.8958252847186257,4.094161936841873,2.401339409001653,2.317842270535942,0.0,0.6277245941821921,0.7366832539327819,1.4733665078655638,22.71389145874429,35.00000000000001,20.0,35.0,1024.0172998501735,1024.7630049942754,0.007136156668193239,33.119285684806954,0.07798396398223248,0.8668012346300358,0.0,0.8668012346300358,3.6847457431576855,1.4616181175019092,2.5210044258724595,3.9666729250343296,2.7138914587442833,15.153507170080786,0.0,0.0,3.3286206967373837
3.527060476713315,3.4058380065026213,0.0,1.9167414762378758,4.163509514223179,2.361404224044321,2.279236198983913,0.0,0.6175048652243385,0.7491515397672428,1.4983030795344856,22.6686887764166,35.00000000000001,20.0,35.0,1024.0302124160303,1024.7630049942754,0.007012587595790476,32.57964501323107,0.07799079276725443,0.8668884477208959,0.0,0.8668884477208959,3.747158562800861,1.4675037871516388,2.55342343618338,3.9163108861204274,2.6686887764165963,15.159026658242157,0.0,0.0,3.4058380065026213
3.607060476713315,3.483053284812998,0.0,1.937665165930222,4.2328641281669634,2.322774704670741,2.2418913795234117,0.0,0.6076227210011692,0.7616206028944252,1.5232412057888505,22.62496285604206,35.000000000000014,20.0,35.0,1024.042687483709,1024.7630049942754,0.0068932052392310685,32.05731474711788,0.07799773853587218,0.8669771491788407,0.0,0.8669771491788407,3.809577715350267,1.4732441390999442,2.5858427766613548,3.8672111430190066,2.624962856042054,15.164634707436027,0.0,0.0,3.483053284812998
3.6870604767133153,3.5602664985898778,0.0,1.9585964729360867,4.302225897860063,2.285387833676076,2.2057469377308982,0.0,0.5980618672055515,0.7740904565304764,1.5481809130609527,22.582642421598045,35.000000000000014,20.0,35.0,1024.0547469008534,1024.7630049942754,0.006777800523640202,31.551474712748817,0.07800480152673905,0.8670673419484493,0.0,0.8670673419484493,3.8720033080740563,1.4788427612536579,2.6182657206853057,3.8193220500868783,2.5826424215980395,15.1703313037807,0.0,0.0,3.5602664985898778
3.7670604767133153,3.6374776147244203,0.0,1.9795355163674588,4.371594942726767,2.249184584930131,2.1707458545352507,0.0,0.5888070414875738,0.7865611139186921,1.5731222278373842,22.54166071117756,35.000000000000014,20.0,35.0,1024.0664110864004,1024.7630049942754,0.006666178046406595,31.061355766010998,0.07801198198229993,0.8671590290215325,0.0,0.8671590290215325,3.93443544845409,1.4843031529338762,2.650695338534637,3.772595007289001,2.5416607111775535,15.176116433274355,0.0,0.0,3.6374776147244203
3.8470604767133154,3.714686600077083,0.0,2.0004824153075726,4.4409713824326,2.21410961234264,2.1368346657602943,0.0,0.579843933031265,0.7990325883299436,1.5980651766598872,22.50195512519265,35.00000000000001,20.0,35.0,1024.0776991453367,1024.7630049942754,0.006558154978996546,30.586235882927724,0.07801928014878852,0.8672522134371057,0.0,0.8672522134371057,3.9968742441893395,1.4896287270631499,2.683134509676987,3.7269842283098447,2.5019551251926457,15.18199008179008,0.0,0.0,3.714686600077083
3.9270604767133155,3.791893421477124,0.0,2.021437288810582,4.510355336888094,2.1801109674698034,2.1039631893345976,0.0,0.5711591095370102,0.8115048930631059,1.6230097861262118,22.463466906972613,35.00000000000001,20.0,35.0,1024.088628972579,1024.7630049942754,0.006453560072853956,30.125436604236665,0.07802669627622573,0.8673468982813729,0.0,0.8673468982813729,4.059319803199284,1.4948228122986724,2.7155859341998143,3.6824465298855076,2.463466906972609,15.187952235071291,0.0,0.0,3.791893421477124
4.007060476713315,3.869098045722105,0.0,2.0424002559012253,4.579746926252565,2.1471398427316504,2.0720842772411436,0.0,0.5627399508260847,0.8239780414454853,1.6479560828909705,22.42614085232935,35.00000000000001,20.0,35.0,1024.0992173471654,1024.7630049942754,0.006352232758019492,29.678319797265473,0.07803423061841758,0.8674430866877073,0.0,0.8674430866877073,4.121772233627309,1.4998886551127975,2.748052143455499,3.638941140114482,2.426140852329348,15.194002878727462,0.0,0.0,3.869098045722105
4.087060476713315,3.9463004395774033,0.0,2.0633714355744903,4.649146270937887,2.1151503375707494,2.041153589628193,0.0,0.5545745883770705,0.8364520468332455,1.672904093666491,22.38992504507062,35.00000000000001,20.0,35.0,1024.1094800177932,1024.7630049942754,0.0062540223245620315,29.244284702500394,0.07804188343295317,0.8675407818366346,0.0,0.8675407818366346,4.1842316438440985,1.5048294218221911,2.7805355099832054,3.5964295237719877,2.3899250450706147,15.200141998230126,0.0,0.0,3.9463004395774033
4.167060476713315,4.023500569775717,0.0,2.0843509467952663,4.7185534916122585,2.0840992451961338,2.0111293888053257,0.0,0.5466518501849338,0.8489269226118351,1.6978538452236702,22.354770615796205,35.00000000000001,20.0,35.0,1024.1194317806155,1024.7630049942754,0.006158787178088372,28.8227652360594,0.07804965498120275,0.867639986955815,0.0,0.867639986955815,4.246698142451033,1.5096482005668825,2.813038256764967,3.554875222884504,2.354770615796201,15.206369578909184,0.0,0.0,4.023500569775717
4.247060476713315,4.100698403016577,0.0,2.1053389084979965,4.787968709203977,2.053945857828864,1.981972351111938,0.0,0.5389612104040185,0.8614026821964144,1.7228053643928287,22.32063152162045,35.00000000000001,20.0,35.0,1024.129086550102,1024.7630049942754,0.006066394161630705,28.413227522568672,0.07805754552831563,0.8677407053200275,0.0,0.8677407053200275,4.309171838283579,1.5143480032404513,2.845562465868263,3.514243711022774,2.320631521620447,15.21268560594939,0.0,0.0,4.100698403016577
4.327060476713315,4.177893905965862,0.0,2.126335439586325,4.857392044905206,2.024651788603228,1.9536453948749757,0.0,0.5314927432976397,0.8738793390322811,1.7477586780645622,22.287464344733156,35.00000000000001,20.0,35.0,1024.138457423673,1024.7630049942754,0.005976717937123088,28.015167635779196,0.07806555534321842,0.8678429402511569,0.0,0.8678429402511569,4.371652840414685,1.5189317673725604,2.8781100865226783,3.4745022599472426,2.287464344733152,15.219090064387153,0.0,0.0,4.177893905965862
4.4070604767133155,4.25508704525531,0.0,2.147340658932738,4.926823620175743,1.9961808084851191,1.92611352287316,0.0,0.5242370810706249,0.886356906595297,1.772713813190594,22.2552281079457,35.00000000000001,20.0,35.0,1024.147556740736,1024.7630049942754,0.005889640420426627,27.628109526850825,0.07807368469861228,0.8679466951181706,0.0,0.8679466951181706,4.434141258158169,1.523402357965006,2.910682942674049,3.4356198173934342,2.255228107945697,15.225582939107415,0.0,0.0,4.25508704525531
4.4870604767133155,4.332277787482035,0.0,2.1683546853781994,4.996263556746789,1.9684986967507874,1.8993436779004433,0.0,0.517185375208121,0.8988353983923139,1.7976707967846277,22.223884105574665,35.00000000000001,20.0,35.0,1024.1563961366817,1024.7630049942754,0.005805050264626828,27.25160312224283,0.07808193387097186,0.8680519733371138,0.0,0.8680519733371138,4.49663720107211,1.527762569282439,2.9432827400556714,3.3975668949191244,2.223884105574662,15.232164214840862,0.0,0.0,4.332277787482035
4.567060476713316,4.4094660992080446,0.0,2.1893776377317877,5.065711976624708,1.9415731037284645,1.87330461017532,0.0,0.5103292609851748,0.911314827961599,1.822629655923198,22.193395748195396,35.00000000000001,20.0,35.0,1024.1649865923323,1024.7630049942754,0.005722842386809639,26.885222575350788,0.07809030314054276,0.8681587783710911,0.0,0.8681587783710911,4.559140778962236,1.5320151265988695,2.975911072812772,3.3603154648529867,2.193395748195393,15.23883387616117,0.0,0.0,4.4094660992080446
4.647060476713316,4.486651946959761,0.0,2.210409634770324,5.135169002094794,1.91537342464533,1.847966755477821,0.0,0.5036608248477892,0.923795208873261,1.847590417746522,22.163728419956296,35.00000000000001,20.0,35.0,1024.1733384792872,1024.7630049942754,0.005642917534129745,26.528564657534986,0.07809879279133912,0.8682671137302478,0.0,0.8682671137302478,4.6216521018853145,1.536162687901053,3.0085694297132957,3.3238388654879603,2.163728419956295,15.2455919074825,0.0,0.0,4.486651946959761
4.727060476713316,4.5638352972275396,0.0,2.2314507952379987,5.204634755725036,1.889870683545504,1.8233021230150543,0.0,0.4971725743980116,0.9362765547296744,1.8725531094593488,22.13484934728398,35.0,20.0,35.0,1024.1814616015504,1024.7630049942754,0.005565181885443838,26.181247275685514,0.07810740311114205,0.868376982971763,0.0,0.868376982971763,4.684171280152532,1.5402078455498174,3.0412591999753094,3.2881117137536933,2.1348493472839802,15.25243829305709,0.0,0.0,4.5638352972275396
4.807060476713316,4.641016116465188,0.0,2.2525012378459937,5.274109360369876,1.8650374263533867,1.799284192121091,0.0,0.4908574107437083,0.9487588791659051,1.8975177583318101,22.106727477932292,35.0,20.0,35.0,1024.1893652337956,1024.7630049942754,0.005489546685129683,25.84290810492523,0.07811613439149767,0.8684883896998361,0.0,0.8684883896998361,4.746698424332888,1.5441531279003746,3.0739816787387517,3.253109824682813,2.10672747793229,15.259373016972988,0.0,0.0,4.641016116465188
4.887060476713316,4.7181943710894965,0.0,2.2735610812721045,5.343592939173975,1.840847622252666,1.7758878169897283,0.0,0.48470860299849283,0.9612421958501352,1.9224843917002703,22.07933336943676,35.0,20.0,35.0,1024.1970581565806,1024.7630049942754,0.0054159279060925995,25.51320332616567,0.07812498692771438,0.8686013375656683,0.0,0.8686013375656683,4.809233645256578,1.5480010008826237,3.106738072206993,3.2188101370567455,2.0793333694367617,15.26639606315193,0.0,0.0,4.7181943710894965
4.967060476713316,4.795370027479755,0.0,2.294630444160355,5.413085615575967,1.8172765726362126,1.7530891387206842,0.0,0.4787197647392363,0.9737265184840875,1.947453036968175,22.05263908613218,35.00000000000001,20.0,35.0,1024.2045486887887,1024.7630049942754,0.005344245939315659,25.19180645917367,0.07813396101886098,0.868715830267452,0.0,0.868715830267452,4.87177705401837,1.551753869542437,3.1395295024815386,3.185190644679665,2.052639086132182,15.273507415347327,0.0,0.0,4.795370027479755
5.047060476713316,4.872543051977284,0.0,2.315709445120612,5.482587513312222,1.7943008269573721,1.7308655040324903,0.0,0.4728848322480469,0.9862118608034495,1.972423721606899,22.026618103975967,35.00000000000001,20.0,35.0,1024.2118447175494,1024.7630049942754,0.005274425307523124,24.878407282880133,0.07814305696776455,0.8688318715503589,0.0,0.8688318715503589,4.934328761980999,1.5554140795448936,3.172357012111372,3.152230332784792,2.0266181039759643,15.280707057142275,0.0,0.0,4.872543051977284
5.127060476713316,4.94971341088496,0.0,2.3367982027281977,5.552098756420603,1.7718981048799642,1.7091953900598997,0.0,0.4671980443828885,0.9986982365782977,1.9973964731565954,22.001245222495715,35.000000000000014,20.0,35.0,1024.218953725864,1024.7630049942754,0.005206394400818222,24.572710835374075,0.07815227508100882,0.8689494652065336,0.0,0.8689494652065336,4.996888880778542,1.5589839186403947,3.20522156837665,3.119909119126733,2.0012452224957116,15.287994971947798,0.0,0.0,4.94971341088496
5.207060476713316,5.026881070466742,0.0,2.357896835523497,5.621619469244222,1.7500472241837222,1.6880583347110105,0.0,0.46165392393636273,1.0111856596135216,2.022371319227043,21.976496483246475,35.00000000000001,20.0,35.0,1024.2258828181396,1024.7630049942754,0.0051400852323239,24.27443648687412,0.07816161566893108,0.8690686150750702,0.0,0.8690686150750702,5.0594575223198,1.562465618094583,3.238124067324935,3.0882077993574706,1.9764964832464733,15.295371143001104,0.0,0.0,5.026881070466742
5.287060476713316,5.104045996947205,0.0,2.379005462011564,5.691149776435196,1.7287280339348003,1.6674348721104075,0.0,0.4562472603558615,1.023674143749246,2.047348287498492,21.952349094223077,35.00000000000001,20.0,35.0,1024.232638743813,1024.7630049942754,0.005075433212118479,23.983317079456036,0.07817107904562004,0.8691893250420023,0.0,0.8691893250420023,5.122034798791677,1.5658613540829567,3.271065337576701,3.0571079963227783,1.952349094223075,15.302835553363861,0.0,0.0,5.104045996947205
5.367060476713316,5.181208156511067,0.0,2.4001242006617263,5.760689802958404,1.707921352478145,1.6473064727001963,0.0,0.4509730937104937,1.036163702861257,2.072327405722514,21.928781359726226,35.00000000000001,20.0,35.0,1024.2392279192263,1024.7630049942754,0.005012376937884342,23.699098128004334,0.07818066552891434,0.8693115990402995,0.0,0.8693115990402995,5.184620822662564,1.5691732490510488,3.304046143915557,3.0265921129507007,1.9287813597262253,15.31038818592071,0.0,0.0,5.181208156511067
5.447060476713316,5.258367515302723,0.0,2.421253169907186,5.830239674095236,1.6876089098506668,1.6276554876115004,0.0,0.44582669980108275,1.048654350861421,2.097308701722842,21.905772615228788,35.00000000000001,20.0,35.0,1024.2456564479094,1024.7630049942754,0.004950858000820508,23.421537077425228,0.07819037544039965,0.8694354410498463,0.0,0.8694354410498463,5.247215706685712,1.5724033730410258,3.337067190677418,2.9966432884349623,1.9057726152287875,15.318029023377672,0.0,0.0,5.258367515302723
5.5270604767133165,5.335524039425777,0.0,2.4423924881446197,5.899799515447352,1.6677732942518235,1.6084650969553915,0.0,0.4408035763192744,1.0611461016981116,2.1222922033962233,21.883303166831187,35.00000000000001,20.0,35.0,1024.251930139396,1024.7630049942754,0.004890820805567951,23.150402611478984,0.07820020910540688,0.8695608550974375,0.0,0.8695608550974375,5.309819563902617,1.575553744985531,3.3701291249517986,2.9672453574439897,1.8833031668311886,15.325758048260765,0.0,0.0,5.335524039425777
5.6070604767133165,5.412677694942576,0.0,2.4635422737337747,5.96936945294043,1.6483979022419626,1.5897192617148095,0.0,0.4358994299705194,1.0736389693566297,2.1472779387132594,21.861354234933124,35.00000000000001,20.0,35.0,1024.2580545267022,1024.7630049942754,0.004832212402959622,22.885474009147217,0.07821016685300944,0.8696878452567615,0.0,0.8696878452567615,5.372432507646387,1.5786263339695827,3.4032325396073775,2.938382812111239,1.8613542349331267,15.33357524291459,0.0,0.0,5.412677694942576
5.687060476713317,5.489828447873747,0.0,2.484702644997065,6.03894961282792,1.6294668923690339,1.5714026789482676,0.0,0.4311101644835161,1.0861329678596263,2.1722659357192526,21.839907901782937,35.000000000000014,20.0,35.0,1024.2640348825703,1024.7630049942754,0.0047749823345551255,22.626540544734265,0.07822024901602073,0.8698164156483861,0.0,0.8698164156483861,5.435054651545127,1.5816230604613175,3.4363779761530955,2.9100407665848937,1.8399079017829394,15.341480589500991,0.0,0.0,5.489828447873747
5.767060476713317,5.566976264197733,0.0,2.505873720219164,6.10854012169479,1.610965141951451,1.5535007400423753,0.0,0.4264318694357289,1.0986281112675245,2.197256222535049,21.81894706259675,35.000000000000014,20.0,35.0,1024.269876234584,1024.7630049942754,0.004719082488009135,22.373400928259798,0.07823045593099263,0.869946570439756,0.0,0.869946570439756,5.4976861095253104,1.5845457975123445,3.469565927445199,2.8822049239350984,1.8189470625967468,15.349474069997822,0.0,0.0,5.566976264197733
5.847060476713317,5.64412110985033,0.0,2.527055617646596,6.17814110646128,1.592878206769301,1.5359994917738078,0.0,0.42186080983090685,1.1111244136789413,2.2222488273578827,21.798455379967088,35.000000000000014,20.0,35.0,1024.275583379242,1024.7630049942754,0.004664466962381489,22.125862783071845,0.07824078793821237,0.8700783138451726,0.0,0.8700783138451726,5.560326995815152,1.5873963719284632,3.502796840249885,2.8548615452349826,1.7984553799670886,15.357555666197676,0.0,0.0,5.64412110985033
5.927060476713317,5.721262950724224,0.0,2.5482484554873253,6.247752694386648,1.5751922834381016,1.5188855999625972,0.0,0.41739341637021815,1.1236218892311094,2.247243778462219,21.77841724130566,35.000000000000014,20.0,35.0,1024.2811608950744,1024.7630049942754,0.004611091942625179,21.883742157766573,0.07825124538170068,0.8702116501257907,0.0,0.8702116501257907,5.622977424947983,1.5901765654114786,3.536071117670487,2.8279974206479923,1.7784172413056607,15.365725359706705,0.0,0.0,5.721262950724224
6.007060476713317,5.798401752668534,0.0,2.569452351910345,6.317375013072917,1.5578941742591037,1.5021463155177526,0.0,0.4130262763637382,1.1361205521002977,2.2722411042005954,21.75881771908716,35.000000000000014,20.0,35.0,1024.2866131548758,1024.7630049942754,0.0045589155825102885,21.646863069863898,0.07826182860920874,0.870346583589597,0.0,0.870346583589597,5.685637511765625,1.5928881156728196,3.5693891214475353,2.801599842368709,1.7588177190871577,15.373983131943517,0.0,0.0,5.798401752668534
6.087060476713317,5.87553748148835,0.0,2.590667425045261,6.387008190468623,1.540971254358038,1.4857694426935018,0.0,0.4087561252336496,1.148620416502233,2.297240833004466,21.73964253368147,35.00000000000001,20.0,35.0,1024.2919443371245,1024.7630049942754,0.0045078978953528494,21.415057078799926,0.07827253797221645,0.870483118591408,0.0,0.870483118591408,5.7483073714217605,1.595532717519669,3.602751174139366,2.775656579277592,1.739642533681466,15.38232896413804,0.0,0.0,5.87553748148835
6.167060476713317,5.9526701029442775,0.0,2.6118937929818777,6.456652354872558,1.524411440940347,1.4697433093900412,0.0,0.40457983856469537,1.161121496692519,2.322242993385038,21.72087801857971,35.00000000000001,20.0,35.0,1024.2971584366508,1024.7630049942754,0.004458000651921969,21.18816288612518,0.07828337382592902,0.8706212595328483,0.0,0.8706212595328483,5.810987119385302,1.5981120239142692,3.636157561190487,2.750155853181999,1.7208780185797108,15.390762837330453,0.0,0.0,5.9526701029442775
6.247060476713317,6.029799582751979,0.0,2.63313157376978,6.526307634937519,1.5082031645055523,1.4540567393468034,0.0,0.40049442466119817,1.1736238069670593,2.3472476139341185,21.702511087836193,35.00000000000001,20.0,35.0,1024.3022592746083,1024.7630049942754,0.004409187285013891,20.96602596082973,0.07829433652927573,0.8707610108623525,0.0,0.8707610108623525,5.873676871443767,1.600627647007081,3.669608532894335,2.7250863165267076,1.7025110878361907,15.399284732370191,0.0,0.0,6.029799582751979
6.327060476713317,6.106925886581717,0.0,2.6543808854179134,6.595974159674047,1.4923353418766452,1.4386990260890204,0.0,0.396497017573383,1.186127361662476,2.372254723324952,21.6845292055632,35.00000000000001,20.0,35.0,1024.3072505078055,1024.7630049942754,0.0043614228001577285,20.748498188050622,0.07830542644490686,0.8709023770751488,0.0,0.8709023770751488,5.936376743706642,1.6030811591444278,3.7031043062566558,2.7004370314668953,1.684529205563199,15.407894629914903,0.0,0.0,6.106925886581717
6.407060476713317,6.184048980057902,0.0,2.675641845894166,6.665652058454175,1.4767973509123706,1.4236599084999533,0.0,0.392584870558839,1.1986321751565283,2.3972643503130566,21.66692035732929,35.00000000000001,20.0,35.0,1024.3121356374415,1024.7630049942754,0.004314673692011138,20.535437539445862,0.07831664393919027,0.8710453627132357,0.0,0.8710453627132357,5.999086852608758,1.605474093851264,3.736645066765264,2.676197450205457,1.666920357329284,15.416592510429508,0.0,0.0,6.184048980057902
6.487060476713317,6.261168828758637,0.0,2.696914573124944,6.735341461015165,1.4615790067811547,1.4089295479016593,0.0,0.38875534994777,1.2111382618685345,2.422276523737069,21.649673023323817,35.00000000000001,20.0,35.0,1024.3169180172904,1024.7630049942754,0.004268907866043439,20.326707763653804,0.07832798938220971,0.8711899723653821,0.0,0.8711899723653821,6.061807314913648,1.6078079467896778,3.7702309700715837,2.6523573965045792,1.6496730233238126,15.425378354185238,0.0,0.0,6.261168828758637
6.567060476713317,6.338285398215264,0.0,2.718199184994748,6.80504249746325,1.44667053968531,1.3944985065367175,0.0,0.3850059293832372,1.2236456362597892,2.4472912725195783,21.632776153161878,35.00000000000001,20.0,35.0,1024.3216008613738,1024.7630049942754,0.004224094565107932,20.12217809545392,0.07833946314776329,0.8713362106671274,0.0,0.8713362106671274,6.1245382477169255,1.6100841766937293,3.8038621435889914,2.628907048288789,1.632776153161873,15.434252141258723,0.0,0.0,6.338285398215264
6.6470604767133175,6.4153986539119146,0.0,2.7394957993457503,6.87475529827738,1.432062573933138,1.3803577273520162,0.0,0.38133418440992306,1.2361543128339838,2.4723086256679676,21.616219142213726,35.00000000000001,20.0,35.0,1024.3261872511632,1024.7630049942754,0.004180204300520521,19.921722982396663,0.07835106561335795,0.8714840823007369,0.0,0.8714840823007369,6.187279768449642,1.6123042062812059,3.8375386880126414,2.6058369212633874,1.6162191422137224,15.443213851531112,0.0,0.0,6.4153986539119146
6.7270604767133175,6.492508561285056,0.0,2.7608045339773652,6.9444799943129505,1.4177461082647267,1.366498514993598,0.0,0.37773778738705666,1.2486643061376235,2.497328612275247,21.599991809352233,35.000000000000014,20.0,35.0,1024.3306801423366,1024.7630049942754,0.0041372087874008805,19.725221827510477,0.07836279716021022,0.8716335919952289,0.0,0.8716335919952289,6.250031994881655,1.6144694231428682,3.871260678765159,2.5831378534782017,1.5999918093522256,15.452263464687165,0.0,0.0,6.492508561285056
6.807060476713318,6.569615085723044,0.0,2.7821255066458237,7.014216716805551,1.4037124973446817,1.3529125179287598,0.0,0.3742145027030709,1.2611756307604471,2.5223512615208943,21.58408437602017,35.000000000000014,20.0,35.0,1024.335082371131,1024.7630049942754,0.004095080883880211,19.532558747212136,0.07837465817324053,0.8717847445263297,0.0,0.8717847445263297,6.312795045124996,1.6165811806097383,3.9050281673723,2.560800990772114,1.5840843760201622,15.46140096021445,0.0,0.0,6.569615085723044
6.887060476713318,6.646718192565677,0.0,2.803458835063743,7.083965597374697,1.3899534343418427,1.339591711618169,0.0,0.3707621822713142,1.273688301335844,2.547376602671688,21.568487446526973,35.000000000000014,20.0,35.0,1024.3393966603098,1024.7630049942754,0.004053794533992755,19.34362234318195,0.07838664904107301,0.8719375447164888,0.0,0.8719375447164888,6.375569037637227,1.6186407985989764,3.9388411827723835,2.5388177730388772,1.568487446526966,15.470626317402457,0.0,0.0,6.646718192565677
6.967060476713318,6.723817847103741,0.0,2.824804636899696,7.153726768027567,1.3764609345222136,1.3265283826667433,0.0,0.36737876128774744,1.286202332541272,2.572404665082544,21.55319198949148,35.000000000000014,20.0,35.0,1024.3436256247799,1024.7630049942754,0.0040133247139290855,19.158305487426347,0.07839877015603137,0.8720919974348529,0.0,0.8720919974348529,6.438354091224809,1.6206495644388723,3.972699732563098,2.5171799212592947,1.553191989491469,15.479939515341835,0.0,0.0,6.723817847103741
7.047060476713318,6.800914014578572,0.0,2.8461630297777796,7.223500361162739,1.3632273197870217,1.3137151138875127,0.0,0.36406225423301775,1.298717739098676,2.597435478197352,21.53818932035364,35.000000000000014,20.0,35.0,1024.3477717768765,1024.7630049942754,0.0039736473814531315,18.976505119574103,0.07841102191413551,0.8722481075972466,0.0,0.8722481075972466,6.501150325046465,1.6226087336734665,4.006603804189036,2.495879425249053,1.5381893203536294,15.48934053292358,0.0,0.0,6.800914014578572
7.127060476713318,6.878006660181603,0.0,2.867534131277181,7.293286509573926,1.3502452040929884,1.301144770217697,0.0,0.36081075110264144,1.3112345357749033,2.6224690715498067,21.523471084884104,35.00000000000001,20.0,35.0,1024.3518375313404,1024.7630049942754,0.003934739428278422,18.798122055576222,0.07842340471510033,0.8724058801661785,0.0,0.8724058801661785,6.563957858616534,1.6245195308473075,4.040553366073071,2.4749085320753457,1.5234710848840933,15.49882934883822,0.0,0.0,6.878006660181603
7.207060476713318,6.955095749053925,0.0,2.888918058931744,7.363085346453706,1.3375074796966384,1.288810485430798,0.0,0.35762241385025684,1.3237527373821212,2.6475054747642424,21.509029243625793,35.00000000000001,20.0,35.0,1024.3558252100086,1024.7630049942754,0.003896578635177248,18.623060807130923,0.07843591896233275,0.8725653201508278,0.0,0.8725653201508278,6.626776811808335,1.6263831502708301,4.074548368694563,2.4542597350989066,1.5090292436257817,15.508405941575088,0.0,0.0,6.955095749053925
7.287060476713318,7.032181246285842,0.0,2.910314930229531,7.432897005397258,1.325007304168818,1.2767056495927074,0.0,0.354495473030026,1.3362723587782337,2.6725447175564674,21.494856057206643,35.00000000000001,20.0,35.0,1024.3597370462378,1024.7630049942754,0.0038591436296486793,18.451229411121677,0.07844856506292804,0.8727264326070228,0.0,0.8727264326070228,6.689607304857532,1.6282007567668404,4.108588745617128,2.43392576360133,1.4948560572066298,15.518070289421564,0.0,0.0,7.032181246285842
7.367060476713318,7.109263116916431,0.0,2.9317248626123886,7.502721620406095,1.3127380881295776,1.2648238972136832,0.0,0.3514282246252979,1.348793414867297,2.697586829734594,21.480944072467107,35.00000000000001,20.0,35.0,1024.3635751890777,1024.7630049942754,0.0038224138459844056,18.28253926840857,0.07846134342766645,0.8728892226372236,0.0,0.8728892226372236,6.752449458365485,1.6299734863985662,4.142674414468576,2.4138995729604793,1.4809440724670935,15.527822370462323,0.0,0.0,7.109263116916431
7.447060476713318,7.186341325933095,0.0,2.9531479734755077,7.572559325891789,1.3006934836572175,1.2531590960515642,0.0,0.3484190270515871,1.3613159205999368,2.7226318411998736,21.467286109350184,35.0,20.0,35.0,1024.367341707208,1024.7630049942754,0.003786369487588811,18.116904991348022,0.07847425447101289,0.8730536953905388,0.0,0.8730536953905388,6.81530339330261,1.6317024471797348,4.176805277875454,2.3941743353395046,1.4672861093501703,15.537662162578606,0.0,0.0,7.186341325933095
7.527060476713318,7.263415838271132,0.0,2.9745843801669847,7.6424102566797085,1.288867373328664,1.241705336524844,0.0,0.3454662983227938,1.3738398909737615,2.747679781947523,21.4538752485055,35.0,20.0,35.0,1024.3710385926609,1024.7630049942754,0.003750991491359614,17.95424425960621,0.07848729861111102,0.8732198560626798,0.0,0.8732198560626798,6.8781692310117375,1.6333887197671169,4.210981224354485,2.37474343085748,1.4538752485054893,15.54758964344751,0.0,0.0,7.263415838271132
7.607060476713318,7.340486618813287,0.0,2.9960341999873794,7.712274548012741,1.2772538598514138,1.2304569216971968,0.0,0.3425685133703818,1.386365341033779,2.772730682067558,21.440704819562505,34.99999999999999,20.0,35.0,1024.3746677643355,1024.7630049942754,0.0037162614940529234,17.794477683615074,0.07850047626978174,0.8733877098959655,0.0,0.8733877098959655,6.941047093211466,1.635033358135972,4.245202129163066,2.3556004392119445,1.440704819562494,15.557604790541292,0.0,0.0,7.340486618813287
7.687060476713318,7.417553632389323,0.0,3.0174975501892742,7.782152335555024,1.2658472562501273,1.2194083577977912,0.0,0.33972420150597066,1.3988922858728112,2.7977845717456225,21.427768390030973,34.99999999999999,20.0,35.0,1024.378231071322,1024.7630049942754,0.003682161800476041,17.637528675271863,0.07851378787252059,0.8735572621793142,0.0,0.8735572621793142,7.003937101999521,1.6366373902388185,4.279467855110841,2.3367391317257584,1.427768390030965,15.567707581126648,0.0,0.0,7.417553632389323
7.7670604767133185,7.494616843775577,0.0,3.0389745479768306,7.8520437553956715,1.2546420765735606,1.2085543452442473,0.0,0.3369319440184693,1.4114207406319084,2.8228414812638167,21.415059754790082,34.999999999999986,20.0,35.0,1024.3817302960463,1024.7630049942754,0.0036486753533905205,17.483323325444225,0.0785272338484937,0.873728518248219,0.0,0.873728518248219,7.066839379856104,1.6382018186479366,4.3137782533342595,2.3181534637925987,1.4150597547900716,15.577897992264049,0.0,0.0,7.494616843775577
7.8470604767133185,7.571676217694529,0.0,3.0604653105053443,7.9219489440525015,1.2436330270899294,1.197889770137416,0.0,0.3341903718975009,1.4239507205007633,2.8479014410015266,21.402572926129874,34.999999999999986,20.0,35.0,1024.3851671572447,1024.7630049942754,0.003615785705044963,17.331790287804814,0.07854081463053732,0.8739014834847647,0.0,0.8739014834847647,7.129754049647251,1.6397276211820082,4.34813316403594,2.299837567697212,1.4025729261298652,15.588176000807035,0.0,0.0,7.571676217694529
7.927060476713319,7.648731718814367,0.0,3.0819699548808006,7.991868038475759,1.2328149979410152,1.1874096961993001,0.0,0.3314981636754437,1.436482240718125,2.87296448143625,21.390302124311646,34.999999999999986,20.0,35.0,1024.3885433127855,1024.7630049942754,0.0035834769901787245,17.18286066875337,0.07855453065514897,0.8740761633175519,0.0,0.8740761633175519,7.192681234628183,1.641215751517286,4.382532417190505,2.2817857457882003,1.3903021243116356,15.598541583401566,0.0,0.0,7.648731718814367
8.007060476713319,7.725783311748551,0.0,3.1034885981594265,8.06180117605184,1.222183055227367,1.177109357127412,0.0,0.3288540433809377,1.4490153165722128,2.8980306331444257,21.378241768615865,34.999999999999986,20.0,35.0,1024.3918603623342,1024.7630049942754,0.0035517339005095732,17.036467922815334,0.0785683823624921,0.8742525632217684,0.0,0.8742525632217684,7.255621058446656,1.6426671397836725,4.416975833218512,2.2639924639826052,1.3782417686158603,15.608994716485366,0.0,0.0,7.725783311748551
8.087060476713319,7.802830961055386,0.0,3.125021357347244,8.131748494607018,1.2117324334988449,1.1669841493406887,0.0,0.3262567785971984,1.4615499634011282,2.9230999268022564,21.366386468848617,34.999999999999986,20.0,35.0,1024.3951198498878,1024.7630049942754,0.0035205416604877225,16.89254775349857,0.07858237019638695,0.8744306887191122,0.0,0.8744306887191122,7.318573645146317,1.644082693146081,4.4514632236299825,2.2464523455829917,1.3663864688486134,15.619535376287224,0.0,0.0,7.802830961055386
8.167060476713319,7.879874631237584,0.0,3.14656834939962,8.20171013241116,1.2014585286264878,1.1570296250937624,0.0,0.32370517861892906,1.4740861965932694,2.948172393186539,21.35473101727928,34.999999999999986,20.0,35.0,1024.3983232661728,1024.7630049942754,0.003489886004342342,16.751038019041864,0.07859649460430987,0.8746105453778057,0.0,0.8746105453778057,7.381539119170044,1.645463296371443,4.485994391638957,2.2291601653889948,1.3547310172792755,15.630163538826391,0.0,0.0,7.879874631237584
8.247060476713319,7.956914286741842,0.0,3.168129691220817,8.271686228181455,1.1913568910333083,1.1472414859379534,0.0,0.3211980927020376,1.4866240315877421,2.9732480631754843,21.34327038098421,34.999999999999986,20.0,35.0,1024.4014720509222,1024.7630049942754,0.0034597531542965194,16.611878642883063,0.0786107560373908,0.8747921388125893,0.0,0.8747921388125893,7.444517605363309,1.6468098123817168,4.520569132750426,2.212110844086517,1.343270380984206,15.640879179911895,0.0,0.0,7.956914286741842
8.327060476713319,8.033949891958407,0.0,3.1897054996635408,8.341676921086128,1.1814232192630998,1.1376155765087819,0.0,0.31873440840075334,1.4991634838747725,2.998326967749545,21.331999694572733,34.99999999999998,20.0,35.0,1024.4045675950374,1024.7630049942754,0.0034301297998723538,16.475011528596088,0.07862515495040666,0.8749754746846722,0.0,0.8749754746846722,7.507509228977515,1.6481230827932416,4.555187235320906,2.1952994428988637,1.3319996945727297,15.651682275141926,0.0,0.0,8.033949891958407
8.407060476713319,8.110981411220651,0.0,3.2112958915284886,8.411682350748164,1.1716533538677334,1.1281478786211365,0.0,0.3163130499870936,1.5117045689961184,3.0234091379922368,21.32091425327335,34.99999999999998,20.0,35.0,1024.407611242638,1024.7630049942754,0.0034010030782818065,16.340380478897824,0.07863969180178504,0.8751605587017959,0.0,0.8751605587017959,7.570514115673347,1.6494039284427755,4.589848481093877,2.1787211584851156,1.3209142532733482,15.662572799903206,0.0,0.0,8.110981411220651
8.487060476713319,8.188008808804643,0.0,3.232900983563896,8.48170265724902,1.1620432715946882,1.1188345056544682,0.0,0.3139329769479592,1.5242473025454808,3.0484946050909616,21.310009506359535,34.99999999999998,20.0,35.0,1024.4106042930143,1024.7630049942754,0.0033723605557379652,16.207931118738898,0.0786543670535931,0.8753473966181347,0.0,0.8753473966181347,7.633532391524118,1.6506531499005441,4.624552645711218,2.162371318072017,1.310009506359531,15.673550729370323,0.0,0.0,8.188008808804643
8.56706047671332,8.265032048928727,0.0,3.2545208924650812,8.551737981132352,1.1525890798577525,1.109671697211525,0.0,0.31159318255545027,1.5367917001689155,3.073583400337831,21.299281050895797,34.99999999999998,20.0,35.0,1024.4135480024788,1024.7630049942754,0.003344190209736752,16.077610822000377,0.07866918117153741,0.8755359942343165,0.0,0.8755359942343165,7.696564183019116,1.6518715279706244,4.659299499201723,2.146245374806513,1.2992810508957933,15.684616038505142,0.0,0.0,8.265032048928727
8.64706047671332,8.342051095753096,0.0,3.2761557348739903,8.62178846340772,1.143287011474935,1.100655814035209,0.0,0.30929269250627206,1.5493377775652428,3.0986755551304856,21.288724625785996,34.99999999999998,20.0,35.0,1024.4164435861273,1024.7630049942754,0.0033164804122046343,15.949368641712272,0.07868413462496252,0.8757263573974323,0.0,0.8757263573974323,7.759609617066947,1.6530598241789716,4.69408880644772,2.130338903316906,1.288724625785994,15.695768702056187,0.0,0.0,8.342051095753096
8.72706047671332,8.419065913379367,0.0,3.297805627378739,8.691854245554312,1.134133419658632,1.0917833331691134,0.0,0.307030563626365,1.5618855504864582,3.1237711009729163,21.27833610610696,34.99999999999998,20.0,35.0,1024.4192922195152,1024.7630049942754,0.0032892199134579468,15.823155243610914,0.07869922788684688,0.8759184920010143,0.0,0.8759184920010143,7.822668820998881,1.6542187812493983,4.728920327630772,2.1146475954713497,1.2783361061069558,15.707008694557974,0.0,0.0,8.419065913379367
8.80706047671332,8.49607646585016,0.0,3.3194706865131556,8.761935469524653,1.125124773244065,1.0830508433482244,0.0,0.3048058826371444,1.5744350347381415,3.148870069476283,21.26811149771158,34.99999999999997,20.0,35.0,1024.4220950402532,1024.7630049942754,0.003262397826930304,15.698922842846319,0.07871446143379651,0.8761124039849899,0.0,0.8761124039849899,7.885741922572188,1.6553491235678008,4.763793818657372,2.099167256323113,1.2681114977115786,15.718335990330443,0.0,0.0,8.49607646585016
8.88706047671332,8.573082717148685,0.0,3.3411510287563213,8.832032277748317,1.1162576521428618,1.0744550406071125,0.0,0.3026177649799535,1.5869862461798667,3.1739724923597334,21.258046932086607,34.99999999999998,20.0,35.0,1024.424853149524,1024.7630049942754,0.003236003614659397,15.576625143585133,0.07872983574604579,0.8763080993357144,0.0,0.8763080993357144,7.948829049973485,1.656451557634924,4.798709031565521,2.0838938002326888,1.2580469320866017,15.729750563478307,0.0,0.0,8.573082717148685
8.96706047671332,8.65008463119831,0.0,3.362846770532111,8.902144813135646,1.1075287430094896,1.0659927240937368,0.0,0.300465353695554,1.5995392007256126,3.1990784014512252,21.24813866145112,34.99999999999998,20.0,35.0,1024.4275676135296,1024.7630049942754,0.003210027073439612,15.45621728147612,0.07874535130745143,0.8765055840859309,0.0,0.8765055840859309,8.01193033182208,1.6575267725079468,4.833665714913011,2.0688232471574555,1.2481386614511152,15.741252387890512,0.0,0.0,8.65008463119831
9.04706047671332,8.727082171862149,0.0,3.3845580282087298,8.972273219081455,1.0989348351090045,1.057660792077719,0.0,0.29834781835566815,1.6120939143441688,3.2241878286883376,21.23838305408277,34.99999999999998,20.0,35.0,1024.4302394648685,1024.7630049942754,0.003184458321636125,15.337655768746648,0.07876100860548804,0.876704864314744,0.0,0.876704864314744,8.07504589717331,1.658575440231166,4.868663614148199,2.0539517191001413,1.238383054082767,15.75284143723955,0.0,0.0,8.727082171862149
9.12706047671332,8.80407530294265,0.0,3.406284918098253,9.042417639468741,1.0904728163752864,1.0494562381426267,0.0,0.2962643540437753,1.6246504030595457,3.2493008061190913,21.22877658985943,34.99999999999998,20.0,35.0,1024.4328697038475,1024.7630049942754,0.0031592877866365304,15.22089844176045,0.07877680813125008,0.8769059461476678,0.0,0.8769059461476678,8.138175875521867,1.6595982162560463,4.903702471964029,2.039275436707889,1.228776589859425,15.76451768498092,0.0,0.0,8.80407530294265
9.20706047671332,8.88106398818117,0.0,3.428027556456161,9.112578218672398,1.0821396696495975,1.0413761475524463,0.0,0.29421418038253283,1.637208682951382,3.274417365902764,21.219315856004794,34.99999999999998,20.0,35.0,1024.4354592997363,1024.7630049942754,0.0031345061928442644,15.1059044110538,0.07879275037944053,0.8771088357565262,0.0,0.8771088357565262,8.201320396805158,1.6605957398508968,4.938782028636028,2.0247907160141985,1.2193158560047868,15.776281104352448,0.0,0.0,8.88106398818117
9.28706047671332,8.958048191257566,0.0,3.449786059480875,9.18275510156292,1.0739324690899084,1.033417693783018,0.0,0.2921965406053527,1.6497687701553525,3.299537540310705,21.20999754302715,34.99999999999998,20.0,35.0,1024.4380091919595,1024.7630049942754,0.0031101045502704024,14.992634013513413,0.0788088358483735,0.8773135393595068,0.0,0.8773135393595068,8.264479591406628,1.6615686345004366,4.973902022344932,2.010493965316496,1.2099975430271446,15.78813166837378,0.0,0.0,8.958048191257566
9.36706047671332,9.035027875789783,0.0,3.4715605433132914,9.252948433510108,1.0658483767420197,1.0255781352097633,0.0,0.29021070066981186,1.6623306808635747,3.3246613617271494,21.20081844084115,34.999999999999986,20.0,35.0,1024.4405202912365,1024.7630049942754,0.00308607414362591,14.881048766743373,0.07882506503997,0.8775200632211403,0.0,0.8775200632211403,8.327653590159096,1.6625175082954922,5.009062189484598,1.9963816821824965,1.2008184408411438,15.800069349845707,0.0,0.0,9.035027875789783
9.44706047671332,9.112003005333436,0.0,3.493351124036315,9.32315836038678,1.0578846392640335,1.0178548119435473,0.0,0.28825594841071417,1.6748944313250163,3.3497888626500325,21.191775435062997,34.99999999999998,20.0,35.0,1024.4429934806708,1024.7630049942754,0.003062406521894767,14.771111325491155,0.07884143845974835,0.8777284136522209,0.0,0.8777284136522209,8.3908425243481,1.6634429543130738,5.04426226495584,1.9824504505789302,1.1917754350629908,15.812094121349636,0.0,0.0,9.112003005333436
9.52706047671332,9.188973543381405,0.0,3.5151579176743906,9.393385028572466,1.0500385847962344,1.0102451428070074,0.0,0.2863315927307492,1.6874600378459,3.3749200756918,21.182865503470133,34.99999999999998,20.0,35.0,1024.445429616786,1024.7630049942754,0.003039093488424952,14.662785439876794,0.07885795661683082,0.8779385970099053,0.0,0.8779385970099053,8.454046525715219,1.6643455509870682,5.079501982446737,1.9686969381165822,1.1828655034701259,15.824205955246915,0.0,0.0,9.188973543381405
9.60706047671332,9.265939453363421,0.0,3.536981040193034,9.463628584957123,1.0423076199689023,1.0027466224441215,0.0,0.28443696282681696,1.700027516790111,3.400055033580222,21.174085712616915,34.99999999999998,20.0,35.0,1024.4478295305203,1024.7630049942754,0.0030161270914067398,14.556035915582914,0.07887462002393082,0.8781506196975987,0.0,0.8781506196975987,8.51726572646141,1.6652258624697787,5.114781074700001,1.9551178934059332,1.1740857126169066,15.836404823678318,0.0,0.0,9.265939453363421
9.68706047671332,9.342900698645662,0.0,3.558820607498364,9.533889176944832,1.0346892270410217,0.995356818556221,0.0,0.28257140745019643,1.7125968845796027,3.4251937691592054,21.165433214598345,34.99999999999998,20.0,35.0,1024.4501940281732,1024.7630049942754,0.0029934996148144564,14.450828575674285,0.07889142919735413,0.8783644881649953,0.0,0.8783644881649953,8.580500259250348,1.6660844389845386,5.150099273767946,1.9417101435180182,1.1654332145983373,15.84869069856339,0.0,0.0,9.342900698645662
9.76706047671332,9.419857242530346,0.0,3.580676735436627,9.604166952457499,1.0271809611632494,0.9880733692580393,0.0,0.2807342941988442,1.7251681576947993,3.4503363153895985,21.156905243954352,34.99999999999998,20.0,35.0,1024.4525238923125,1024.7630049942754,0.0029712035697290274,14.347130224106937,0.07890838465699326,0.8785802089080417,0.0,0.8785802089080417,8.643750257211748,1.666921817169619,5.185456311255536,1.92847059154544,1.1569052439543461,15.861063551599907,0.0,0.0,9.419857242530346
9.84706047671332,9.49680904825532,0.0,3.6025495397937286,9.674462059938554,1.0197804477588968,0.9808939805477587,0.0,0.2789250088402061,1.737741352675003,3.475482705350006,21.148499114707544,34.99999999999998,20.0,35.0,1024.4548198826403,1024.7630049942754,0.002949231686045645,14.24490861078522,0.07892548692632378,0.8787977884689254,0.0,0.8787977884689254,8.707015853944698,1.667738520413644,5.220851918552031,1.9153962142587326,1.1484991147075398,15.87352335426323,0.0,0.0,9.49680904825532
9.92706047671332,9.57375607899366,0.0,3.6244391362947583,9.744774648356653,1.0124853800170253,0.9738164238853604,0.0,0.2771429546630192,1.7503164861187976,3.5006329722375953,21.140212217527772,34.99999999999998,20.0,35.0,1024.4570827368223,1024.7630049942754,0.0029275769045448183,14.144132398095334,0.07894273653240151,0.8790172334360705,0.0,0.8790172334360705,8.770297183520988,1.6685350591827273,5.25628582705167,1.9024840598535622,1.1402122175277676,15.88607007780577,0.0,0.0,9.57375607899366
10.00706047671332,9.65069829785327,0.0,3.6463456406035157,9.815104867209376,1.005293516492104,0.9668385338739105,0.0,0.27538755185666514,1.7628935746844512,3.5257871493689024,21.132042017017213,34.999999999999986,20.0,35.0,1024.4593131712793,1024.7630049942754,0.0029062323693093916,14.044771128840782,0.07896013400586145,0.8792385504441543,0.0,0.8792385504441543,8.833594380488439,1.669311931339529,5.291757768363865,1.8897312457844904,1.1320420170172074,15.89870369325633,0.0,0.0,9.65069829785327
10.08706047671332,9.727635667876472,0.0,3.668269168322034,9.885452866526922,0.9982026788049728,0.9599582060387089,0.0,0.2736582369167197,1.7754726350903214,3.5509452701806428,21.123986049110044,34.99999999999998,20.0,35.0,1024.4615118819495,1024.7630049942754,0.002885191420437475,13.946795195590196,0.07897767988090475,0.879461746173991,0.0,0.879461746173991,8.89690757987423,1.6700696224544367,5.3272674745133015,1.8771349566812578,1.1239860491100397,15.91142417141959,0.0,0.0,9.727635667876472
10.16706047671332,9.804568152039614,0.0,3.690209834990105,9.955818796875807,0.9912107494401654,0.9531733946995192,0.0,0.2719544620754158,1.7880536841152566,3.576107368230513,21.11604191858111,34.99999999999998,20.0,35.0,1024.4636795450122,1024.7630049942754,0.002864447587112231,13.850175811186503,0.07899537469530458,0.8796868273526245,0.0,0.8796868273526245,8.960236917188226,1.6708086061090617,5.362814678130373,1.8646924423437803,1.1160419185811057,15.92423148287548,0.0,0.0,9.804568152039614
10.24706047671332,9.88149571325267,0.0,3.7121677560847997,10.026202809362555,0.9843156696349087,0.9464821109313594,0.0,0.27027569475581165,1.8006367385989992,3.6012734771979984,21.108207296658264,34.99999999999998,20.0,35.0,1024.4658168175845,1024.7630049942754,0.002843994580934939,13.754884980544968,0.07901321899040023,0.8799138007532931,0.0,0.8799138007532931,9.0235825284263,1.6715293441922445,5.398399112632322,1.8524010158122386,1.1082072966582583,15.937125597978593,0.0,0.0,9.88149571325267
10.32706047671332,9.958418314358836,0.0,3.7341430470199906,10.096605055637397,0.977515437355379,0.9398824206095797,0.0,0.2686214170485201,1.813221815442588,3.626443630885176,21.100479918733406,34.99999999999998,20.0,35.0,1024.4679243383894,1024.7630049942754,0.002823826289534399,13.660895473615872,0.0790312133110891,0.880142673195369,0.0,0.880142673195369,9.086944550073657,1.6722322871887492,5.43402051239547,1.840258051508848,1.1004799187334033,15.950106486857567,0.0,0.0,9.958418314358836
10.40706047671332,10.035335918134138,0.0,3.7561358231458706,10.167025687897958,0.9708081053560362,0.9333724425351958,0.0,0.2669911252099201,1.82580893160876,3.65161786321752,21.09285758216751,34.99999999999998,20.0,35.0,1024.4700027283943,1024.7630049942754,0.0028039367704526742,13.568180799423919,0.07904935820582325,0.880373451544349,0.0,0.880373451544349,9.150323119108162,1.6729178744608308,5.469678612918906,1.828260983448071,1.0928575821675084,15.963174119414587,0.0,0.0,10.035335918134138
10.48706047671332,10.112248487287037,0.0,3.7781461997484738,10.23746485889295,0.9641917793180835,0.9269503466366552,0.0,0.2653843291808253,1.8383981041223494,3.6767962082446988,21.08533814418511,34.99999999999998,20.0,35.0,1024.472052591422,1024.7630049942754,0.0027843202453028204,13.476715181111892,0.07906765422661435,0.8806061427119402,0.0,0.8806061427119402,9.213718373003655,1.6735865345228529,5.505373150979927,1.816407303512216,1.085338144185106,15.976328465324668,0.0,0.0,10.112248487287037
10.567060476713321,10.189155984458036,0.0,3.8001742920491917,10.307922721925864,0.9576646160633145,0.9206143522444276,0.0,0.26380055212464726,1.8509893500706915,3.701978700141383,21.077919519854063,34.99999999999998,20.0,35.0,1024.474074514741,1024.7630049942754,0.0027649710941137396,13.386473532115168,0.07908610192901463,0.8808407536558771,0.0,0.8808407536558771,9.277130449733278,1.67423868530912,5.541103864781628,1.804694559789504,1.0779195198540628,15.989569494035154,0.0,0.0,10.189155984458036
10.647060476713321,10.266058372219288,0.0,3.8222202152042906,10.378399430858657,0.9512248218398104,0.9143627264350022,0.0,0.26223932998413557,1.8635826866040202,3.7271653732080403,21.07059968014662,34.99999999999997,20.0,35.0,1024.4760690696266,1024.7630049942754,0.002745883849966608,13.29743143314022,0.07910470187212555,0.881077291380048,0.0,0.881077291380048,9.340559487772792,1.6748747344351038,5.576870494092888,1.7931203549718724,1.070599680146617,16.002897174765128,0.0,0.0,10.266058372219288
10.727060476713321,10.342955613074198,0.0,3.844284084304427,10.448895140115438,0.9448706506761357,0.908193782441055,0.0,0.260700211055829,1.8761781309358703,3.7523562618717405,21.063376650077895,34.99999999999998,20.0,35.0,1024.4780368119018,1024.7630049942754,0.00272705319381625,13.209565110134509,0.07912345461859159,0.8813157629344581,0.0,0.8813157629344581,9.404005626103894,1.6754950794522125,5.612672780381096,1.7816823448098837,1.0633766500778912,16.01631147650476,0.0,0.0,10.342955613074198
10.807060476713321,10.419847669457042,0.0,3.8663660143741634,10.519410004686161,0.9386004028008637,0.9021058781247221,0.0,0.25918275558139986,1.8887757003434753,3.7775514006869506,21.056248506918298,34.99999999999998,20.0,35.0,1024.4799782824582,1024.7630049942754,0.0027084739495039935,13.122851413165483,0.07914236073458528,0.8815561754150916,0.0,0.8815561754150916,9.467469004217545,1.6761001080962763,5.64851046693789,1.770378236622281,1.056248506918293,16.02981236801481,0.0,0.0,10.419847669457042
10.887060476713321,10.496734503732577,0.0,3.88846612037148,10.589944180130304,0.9324124231244231,0.8960974145110774,0.0,0.2576865353551103,1.9013754121681663,3.8027508243363326,21.049213378476413,34.99999999999998,20.0,35.0,1024.4818940077503,1024.7630049942754,0.0026901410790316316,13.037267795976813,0.0791614207898227,0.8817985359641167,0.0,0.8817985359641167,9.530949762117274,1.6766901985298923,5.684383298998187,1.7592057878578307,1.04921337847641,16.04339981782593,0.0,0.0,10.496734503732577
10.967060476713321,10.573616078195654,0.0,3.910584517187289,10.660497822580554,0.926305099780419,0.8901668343790603,0.0,0.25621113334664963,1.9139772838157711,3.8279545676315423,21.04226944144917,34.99999999999998,20.0,35.0,1024.4837845002776,1024.7630049942754,0.0026720496779441775,12.952792296530877,0.07918063535753943,0.8820428517696481,0.0,0.8820428517696481,9.594448040322499,1.6772657195787914,5.7202910238527584,1.7481628047072246,1.0422694414491684,16.057073794238175,0.0,0.0,10.573616078195654
11.047060476713321,10.650492355070828,0.0,3.932721319644944,10.731071088746491,0.9202768627237276,0.8843126209072473,0.0,0.2547561433386478,1.9265813327570116,3.853162665514023,21.03541491983621,34.99999999999998,20.0,35.0,1024.485650259042,1024.7630049942754,0.002654194970956324,12.86940351815395,0.07920000501449741,0.8822891300658557,0.0,0.8822891300658557,9.657963979871841,1.6778270309623635,5.75623339095464,1.7372471407629206,1.0354149198362095,16.0708342653203,0.0,0.0,10.650492355070828
11.127060476713321,10.72736329651198,0.0,3.9548766424997517,10.801664135918275,0.9143261823828019,0.8785332963719911,0.0,0.2533211695782098,1.939187576527902,3.878375153055804,21.02864808341558,34.99999999999998,20.0,35.0,1024.4874917699883,1024.7630049942754,0.0026365723077312092,12.787080611451639,0.07921953034098227,0.8825373781329662,0.0,0.8825373781329662,9.721497722326447,1.678374483518496,5.792210152019577,1.7264566957249103,1.0286480834155773,16.08468119890931,0.0,0.0,10.72736329651198
11.207060476713322,10.804228864601933,0.0,3.9770506004384805,10.872277121970315,0.9084515683637618,0.8728274208955825,0.0,0.25190582644183596,1.9517960327301453,3.9035920654602907,21.021967246277985,34.99999999999998,20.0,35.0,1024.489309506431,1024.7630049942754,0.0026191771588049712,12.705803256959335,0.07923921192079036,0.8827876032971511,0.0,0.8827876032971511,9.785049409773283,1.6789084194228572,5.828221061120772,1.7157894141504975,1.0219672462779825,16.09861456260973,0.0,0.0,10.804228864601933
11.287060476713322,10.88108902135207,0.0,3.999243308078868,10.94291020536496,0.9026515682039564,0.8671935912422033,0.0,0.2505097381131367,1.9644067190315295,3.928813438063059,21.01537076541702,34.99999999999998,20.0,35.0,1024.4911039294595,1024.7630049942754,0.002602005111700603,12.625551648373651,0.0792590503412329,0.8830398129306049,0.0,0.8830398129306049,9.848619184828463,1.6794291724027683,5.864265874778149,1.7052432842462673,1.0153707654170177,16.112634323793092,0.0,0.0,10.88108902135207
11.367060476713322,10.957943728701954,0.0,4.021454879969129,11.013563545156169,0.8969247661728152,0.8616304396595587,0.0,0.24913253827277337,1.9770196531663238,3.9540393063326476,21.008857039372863,34.99999999999998,20.0,35.0,1024.4928754883317,1024.7630049942754,0.002585051867165837,12.546306476477087,0.07927904619312585,0.8832940144514652,0.0,0.8832940144514652,9.912207190640551,1.679937067945794,5.90034435204235,1.6948163367005167,1.00885703937286,16.12674044959731,0.0,0.0,10.957943728701954
11.447060476713322,11.034792948518954,0.0,4.04368543058746,11.084237300993193,0.8912697821179024,0.8561366327641765,0.0,0.24777386980008767,1.989634852935676,3.979269705871352,21.002424506927106,34.99999999999998,20.0,35.0,1024.4946246208501,1024.7630049942754,0.0025683132355720415,12.46804891362247,0.07929920007078982,0.8835502153238439,0.0,0.8835502153238439,9.975813570893873,1.6804324235031818,5.936456254573682,1.6845066435544946,1.0024245069271036,16.14093290692612,0.0,0.0,11.034792948518954
11.527060476713322,11.111636642597862,0.0,4.065935074341546,11.154931633124251,0.8856852703542046,0.8507108704684694,0.0,0.24643338448590846,2.0022523362080045,4.004504672416009,20.996071645846488,34.99999999999998,20.0,35.0,1024.4963517537253,1024.7630049942754,0.0025517851334371433,12.390760598825397,0.07931951257204212,0.883808423057773,0.0,0.883808423057773,10.039438469811826,1.6809155486882807,5.9726013467162,1.6743123171108862,0.9960716458464868,16.15521166244844,0.0,0.0,11.111636642597862
11.607060476713322,11.188474772660523,0.0,4.0882039255680604,11.2256467024002,0.8801699185947686,0.8453518849477406,0.0,0.24511074275605196,2.0148721209193954,4.029744241838791,20.989796971673393,34.99999999999998,20.0,35.0,1024.4980573029238,1024.7630049942754,0.0025354635800965155,12.314423623367,0.0793399842981991,0.8840686452092634,0.0,0.8840686452092634,10.103082032160179,1.681386745470058,6.008779395567142,1.664231508878043,0.9897969716733915,16.169576682597782,0.0,0.0,11.188474772660523
11.687060476713322,11.265307300355461,0.0,4.1104920985321725,11.296382670278208,0.8747224469209074,0.8400584396454132,0.0,0.2438056134050515,2.027494225073994,4.054988450147988,20.9835990365611,34.999999999999986,20.0,35.0,1024.4997416740066,1024.7630049942754,0.0025193446944630697,12.23902051701221,0.07936061585405658,0.8843308893801194,0.0,0.8843308893801194,10.166744403250386,1.6818463083618411,6.044990171041871,1.654262408548544,0.9835990365610966,16.184027933571677,0.0,0.0,11.265307300355461
11.767060476713322,11.342134187257502,0.0,4.132799707427044,11.367139698825435,0.8693416067902765,0.8348293283148406,0.0,0.24251767333968027,2.040118666744403,4.080237333488806,20.977476428151864,34.99999999999998,20.0,35.0,1024.501405262449,1024.7630049942754,0.0025034246919657796,12.164534234591134,0.07938140784790564,0.8845951632181513,0.0,0.8845951632181513,10.23042572894289,1.682294524605398,6.081233445934538,1.6444032430107183,0.9774764281518614,16.19856538133107,0.0,0.0,11.342134187257502
11.847060476713322,11.418955394867409,0.0,4.155126866373333,11.437917950722692,0.8640261800812047,0.8296633740961401,0.0,0.24124660733184733,2.0527454640720686,4.105490928144137,20.97142776849602,34.999999999999986,20.0,35.0,1024.5030484539545,1024.7630049942754,0.0024876998815469473,12.09094814320017,0.07940236089151466,0.884861474417007,0.0,0.884861474417007,10.294126155650423,1.682731674350471,6.117508995974609,1.6346522753918489,0.9714277684960198,16.213188991599697,0.0,0.0,11.418955394867409
11.927060476713322,11.495770884611511,0.0,4.17747368941869,11.508717589268121,0.8587749781717428,0.824559428626563,0.0,0.23999210778047125,2.065374635267681,4.130749270535362,20.965451713010342,34.999999999999986,20.0,35.0,1024.5046716247546,1024.7630049942754,0.002472166662794375,12.01824600980567,0.07942347560012629,0.8851298307161738,0.0,0.8851298307161738,10.357845830341308,1.683158030829881,6.153816599879438,1.6250078041318154,0.9654517130103377,16.227898729863533,0.0,0.0,11.495770884611511
12.007060476713322,11.572580617841338,0.0,4.199840290537258,11.579538778380858,0.8535868410519697,0.8195163711829903,0.0,0.23875387448195254,2.0780061986115603,4.156012397223121,20.959546949473992,34.999999999999986,20.0,35.0,1024.5062751418964,1024.7630049942754,0.0024568215231845145,11.946411989277376,0.0794447525924585,0.8854002399010252,0.0,0.8854002399010252,10.421584900542772,1.6835738605303074,6.190156039403039,1.6154681620860032,0.9595469494739888,16.242694561370165,0.0,0.0,11.572580617841338
12.087060476713322,11.649384555833247,0.0,4.2222267836291705,11.650381682604696,0.8484606364681601,0.8145331078552085,0.0,0.23753161440888346,2.09064017245405,4.1812803449081,20.95371219706057,34.999999999999986,20.0,35.0,1024.5078593635228,1024.7630049942754,0.002441661035406114,11.875430612896489,0.07946619249069252,0.8856727098027205,0.0,0.8856727098027205,10.485343514344226,1.683979423358849,6.226527099381216,1.6060317156563546,0.9537121970605671,16.257576451128138,0.0,0.0,11.649384555833247
12.167060476713322,11.726182659788067,0.0,4.244633282520043,11.721246467111756,0.8433952590974892,0.8096085707486828,0.0,0.236325041496656,2.1032765752159106,4.206553150431821,20.947946205404644,34.999999999999986,20.0,35.0,1024.50942463914,1024.7630049942754,0.0024266818547991967,11.805286777225716,0.07948779592047309,0.8859472482982441,0.0,0.8859472482982441,10.54912182040058,1.6843749728054758,6.262929567773193,1.5966968639494914,0.9479462054046383,16.27254436390644,0.0,0.0,11.726182659788067
12.247060476713322,11.802974890830733,0.0,4.267059900960473,11.792133297706153,0.8383896297520115,0.8047417172156077,0.0,0.2351338764376368,2.115915425388705,4.23183085077741,20.94224775370141,34.999999999999986,20.0,35.0,1024.5109713098755,1024.7630049942754,0.0024118807168832454,11.73596573337828,0.07950956351090714,0.8862238633104255,0.0,0.8862238633104255,10.612919967935538,1.6847607561014684,6.299363235699889,1.5874620379608817,0.9422477537014006,16.287598264233857,0.0,0.0,11.802974890830733
12.327060476713323,11.87976121000992,0.0,4.289506752625528,11.863042340827656,0.8334426946107065,0.7999315291130731,0.0,0.2339578464826004,2.128556741535193,4.257113483070386,20.9366156498381,34.99999999999998,20.0,35.0,1024.5124997087291,1024.7630049942754,0.0023972544349571932,11.667453076702804,0.07953149589455051,0.8865025628078277,0.0,0.8865025628078277,10.67673810674489,1.6851370143739448,6.335827897478988,1.5783256997840769,0.9366156498380933,16.30273811639835,0.0,0.0,11.87976121000992
12.407060476713323,11.956541578297692,0.0,4.311973951114245,11.93397376355535,0.8285534244784474,0.7951770120872349,0.0,0.23279668524912395,2.141200542289719,4.282401084579438,20.931048729555858,34.99999999999998,20.0,35.0,1024.5140101608135,1024.7630049942754,0.0023827998977995046,11.599734736791198,0.07955359370740507,0.8867833548047507,0.0,0.8867833548047507,10.740576387199814,1.6855039827965737,6.3723233506569015,1.5692863418440832,0.9310487295558548,16.317963884446524,0.0,0.0,11.956541578297692
12.487060476713323,12.033315956589135,0.0,4.3344616099491144,12.004927733611298,0.8237208140707949,0.7904771948824342,0.0,0.23165013253665806,2.1538468463586007,4.307693692717201,20.925545855640795,34.99999999999998,20.0,35.0,1024.5155029835848,1024.7630049942754,0.002368514067457471,11.532796967812866,0.07957585758892206,0.887066247361306,0.0,0.887066247361306,10.804434960250168,1.685861890736565,6.408849396037794,1.5603424861539732,0.9255458556407894,16.333275532182913,0.0,0.0,12.033315956589135
12.567060476713323,12.110084305702008,0.0,4.356969842575575,12.075904419364198,0.8189438813235734,0.7858311286742554,0.0,0.23051793414800711,2.1664956725205182,4.3329913450410364,20.920105917143076,34.999999999999986,20.0,35.0,1024.5169784870677,1024.7630049942754,0.00235439397709525,11.466626339227458,0.07959828818199138,0.887351248583333,0.0,0.887351248583333,10.868313977427778,1.6862109618980323,6.4454058377097665,1.5514926835938823,0.920105917143067,16.348673023169454,0.0,0.0,12.110084305702008
12.647060476713323,12.186846586376385,0.0,4.379498762361502,12.146903989833042,0.8142216667262335,0.7812378864255624,0.0,0.22939984171695887,2.1791470396269013,4.3582940792538025,20.914727828622933,34.999999999999986,20.0,35.0,1024.518436974072,1024.7630049942754,0.0023404367289202423,11.401209726807512,0.07962088613293296,0.8876383666223407,0.0,0.8876383666223407,10.932213590849738,1.6865514144618148,6.481992483068327,1.5427355132115772,0.914727828622924,16.364156320724824,0.0,0.0,12.186846586376385
12.727060476713323,12.263602759274297,0.0,4.402048482596693,12.217926614690777,0.8095532326780498,0.7766965622645925,0.0,0.22829561254181963,2.1918009666023166,4.383601933204633,20.9094105294225,34.999999999999986,20.0,35.0,1024.5198787404008,1024.7630049942754,0.0023266394921943262,11.3365343039351,0.07964365209149817,0.8879276096755597,0.0,0.8879276096755597,10.9961339532217,1.6868834612218468,6.5186091428372634,1.5340695815438077,0.9094105294224933,16.37972538792391,0.0,0.0,12.263602759274297
12.807060476713323,12.340352784979393,0.0,4.424619116492358,12.288972464267951,0.8049376628662472,0.7722062708842345,0.0,0.22720500942461752,2.204457472444856,4.408914944889712,20.904152982962444,34.999999999999986,20.0,35.0,1024.5213040750511,1024.7630049942754,0.0023129995013081908,11.272587533206316,0.07966658671086713,0.8882189859859512,0.0,0.8882189859859512,11.060075217841156,1.6872073097181635,6.55525563108701,1.5254935219577048,0.9041529829624364,16.39538018759709,0.0,0.0,12.340352784979393
12.887060476713323,12.417096623996574,0.0,4.447210777180603,12.360041709556373,0.8003740616651891,0.7677661469616511,0.0,0.226127800515753,2.2171165762265193,4.4342331524530385,20.898954176062404,34.999999999999986,20.0,35.0,1024.522713260411,1024.7630049942754,0.0022995140539013663,11.209357158367807,0.07968969064762928,0.888512503842026,0.0,0.888512503842026,11.124037538600735,1.6875231623666163,6.591931765250655,1.5170059940114922,0.8989541760623971,16.411120682329695,0.0,0.0,12.417096623996574
12.967060476713323,12.493834236751658,0.0,4.469823577713915,12.431134522212771,0.7958615535557985,0.7633753445974473,0.0,0.2250637591638816,2.229778297093605,4.45955659418721,20.893813118284346,34.999999999999986,20.0,35.0,1024.5241065724433,1024.7630049942754,0.002286180509095399,11.146831196403557,0.07971296456180428,0.888808171578118,0.0,0.888808171578118,11.188021069991493,1.6878312165853926,6.628637366137644,1.5086056828338419,0.8938131182843405,16.426946834461404,0.0,0.0,12.493834236751658
13.047060476713323,12.570565583591025,0.0,4.492457631064647,12.502251074562428,0.7913992825644245,0.7590330367736218,0.0,0.2240126637708222,2.2424426542670903,4.484885308534181,20.888728841297894,34.999999999999986,20.0,35.0,1024.5254842808722,1024.7630049942754,0.0022729962857204996,11.084997930046912,0.07973640911680752,0.8891059975740371,0.0,0.8891059975740371,11.252025967106185,1.6881316649184073,6.665372257945313,1.5002912985212067,0.8887288412978855,16.44285860608558,0.0,0.0,12.570565583591025
13.127060476713323,12.647290624781277,0.0,4.515113050124497,12.573391539602852,0.7869864117203955,0.754738414829571,0.0,0.22297429765129922,2.255109667043019,4.510219334086038,20.88370039826678,34.999999999999986,20.0,35.0,1024.5268466493555,1024.7630049942754,0.0022599588606553355,11.02384590041028,0.07976002497946028,0.8894059902552199,0.0,0.8894059902552199,11.316052385642566,1.6884246951556492,6.702136268268324,1.4920615755525017,0.8837003982667728,16.458855959048687,0.0,0.0,12.647290624781277
13.207060476713323,12.724009320508893,0.0,4.537789947703992,12.6445560910074,0.7826221225315395,0.7504906879554482,0.0,0.22194844889732887,2.267779354792885,4.53555870958577,20.87872686325566,34.999999999999986,20.0,35.0,1024.528193935653,1024.7630049942754,0.002247065767223401,10.963363899855112,0.07978381282000163,0.8897081580929042,0.0,0.8897081580929042,11.38010048190666,1.6887104904505552,6.738929228106115,1.4839152722205342,0.8787268632556544,16.474938854949635,0.0,0.0,12.724009320508893
13.287060476713323,12.800721630879886,0.0,4.560488436531967,12.715744903128954,0.7783056144769787,0.7462890827022091,0.0,0.22093491024707432,2.2804517369640127,4.560903473928025,20.873807330656426,34.999999999999986,20.0,35.0,1024.5295263917953,1024.7630049942754,0.0022343145935719744,10.90354096526816,0.07980777331203735,0.8900125096035955,0.0,0.8900125096035955,11.444170412816058,1.688989229434488,6.775750971868439,1.4758511700795967,0.8738073306564217,16.49110725513924,0.0,0.0,12.800721630879886
13.367060476713323,12.877427515919468,0.0,4.583208629255045,12.786958151003542,0.7740361045165404,0.7421328425077105,0.0,0.2199334789579942,2.293126833079946,4.586253666159892,20.868940914633335,34.999999999999986,20.0,35.0,1024.530844264237,1024.7630049942754,0.002221702981212097,10.84436637129485,0.07983190713258437,0.8903190533496049,0.0,0.8903190533496049,11.508262335903188,1.6892610863283863,6.812601337379071,1.467868073408678,0.8689409146333283,16.50736112071954,0.0,0.0,12.877427515919468
13.447060476713323,12.954126935571704,0.0,4.605950638437113,12.858196010354,0.7698128266161518,0.7380212272382475,0.0,0.21894395668412614,2.3058046627408237,4.6116093254816475,20.864126748586195,34.999999999999986,20.0,35.0,1024.5321477940124,1024.7630049942754,0.0022092286235215566,10.785829623999472,0.07985621496203882,0.8906277979387307,0.0,0.8906277979387307,11.572376409318599,1.6895262310516586,6.849480165877794,1.4599648086897485,0.8641267485861892,16.523700412543196,0.0,0.0,12.954126935571704
13.527060476713324,13.030819849699181,0.0,4.6287145765587985,12.929458657593601,0.7656350312886139,0.7339535127449475,0.0,0.21796614935734618,2.318485245623766,4.636970491247532,20.85936398463098,34.999999999999986,20.0,35.0,1024.5334372168843,1024.7630049942754,0.002196889264328382,10.727920454652878,0.07988069748417215,0.8909387520242563,0.0,0.8909387520242563,11.63651279183424,1.689784829328388,6.886387302020708,1.4521402241006178,0.8593639846309763,16.540125091212865,0.0,0.0,13.030819849699181
13.607060476713324,13.107506218082673,0.0,4.6515005560169485,13.000746269829712,0.761501985149176,0.7299289904344618,0.0,0.21699986707245525,2.3311686014832547,4.662337202966509,20.854651793097158,34.999999999999986,20.0,35.0,1024.5347127634861,1024.7630049942754,0.0021846826965443863,10.670628813709707,0.07990535538613096,0.8912519243049882,0.0,0.8912519243049882,11.700671642846741,1.6900370427909157,6.923322593878967,1.444393189021869,0.8546517930971549,16.556635117080614,0.0,0.0,13.107506218082673
13.687060476713324,13.184186000420805,0.0,4.674308689124101,13.072059024867416,0.7574129704853597,0.7259469668534216,0.0,0.21604492397594913,2.3438547501515106,4.687709500303021,20.84998936204114,34.99999999999998,20.0,35.0,1024.5359746594604,1024.7630049942754,0.0021726067608443924,10.613944864974233,0.07993018935843862,0.8915673235253152,0.0,0.8915673235253152,11.764853122380673,1.6902830290808657,6.960285892935996,1.4367225935574017,0.8499893620411347,16.573230450247213,0.0,0.0,13.184186000420805
13.767060476713324,13.260859156329728,0.0,4.697139088107956,13.143397101213168,0.7533672848404984,0.7220067632861432,0.0,0.21510113815833665,2.3565437115388774,4.713087423077755,20.84537589677524,34.999999999999986,20.0,35.0,1024.537223125595,1024.7630049942754,0.0021606593443607067,10.557858980017903,0.07995520009496962,0.8918849584749624,0.0,0.8918849584749624,11.829057391091851,1.6905229419476773,6.997277054083285,1.4291273480681268,0.8453758967752354,16.589911050561607,0.0,0.0,13.260859156329728
13.847060476713324,13.337525645342781,0.0,4.719991865110855,13.214760678078429,0.7493642406104876,0.7181077153650952,0.0,0.21416833154987244,2.3692355056341996,4.738471011268399,20.840810619411602,34.999999999999986,20.0,35.0,1024.5384583779498,1024.7630049942754,0.002148838379466788,10.50236173265734,0.07998038829297091,0.8922048379892721,0.0,0.8922048379892721,11.893284610270586,1.690756931344702,7.034295935614798,1.4216063827183862,0.8408106194115949,16.606676877620266,0.0,0.0,13.337525645342781
13.927060476713324,13.414185426910171,0.0,4.742867132189244,13.286149935383287,0.7454031646532594,0.714249172693657,0.0,0.213246329819579,2.381930152505201,4.763860305010402,20.836292768420474,34.999999999999986,20.0,35.0,1024.5396806279862,1024.7630049942754,0.0021371418425500483,10.447443893726925,0.0800057546530334,0.8925269709489266,0.0,0.8925269709489266,11.957534941844958,1.6909851435229293,7.0713423992200894,1.414158647034673,0.836292768420468,16.623527890766482,0.0,0.0,13.414185426910171
14.007060476713324,13.490838460398644,0.0,4.765765001313148,13.357565053760123,0.7414833979105135,0.710430498480716,0.0,0.21233496227744109,2.394627672298864,4.789255344597728,20.831821598202396,34.999999999999986,20.0,35.0,1024.540890082686,1024.7630049942754,0.002125567752858627,10.393096425928924,0.08003129987909878,0.8928513662800653,0.0,0.8928513662800653,12.02180854838411,1.6912077211224004,7.1084163099761755,1.4067831094762535,0.831821598202388,16.640464049089907,0.0,0.0,13.490838460398644
14.087060476713324,13.567484705091157,0.0,4.788685584365637,13.429006214557205,0.7376042950412613,0.7066510691866783,0.0,0.21143406177964927,2.407328085241804,4.814656170483608,20.8273963786737,34.999999999999986,20.0,35.0,1024.542086944671,1024.7630049942754,0.002114114171369931,10.339310478879286,0.08005702467845126,0.8931780329542365,0.0,0.8931780329542365,12.086105593101484,1.6914248032613597,7.145517536338229,1.3994787570173077,0.8273963786736901,16.65748531142571,0.0,0.0,13.567484705091157
14.167060476713324,13.644124120186564,0.0,4.811628993142296,13.500473599842357,0.7337652240667506,0.7029102741804707,0.0,0.2105434646367921,2.4200314116406503,4.8400628232813006,20.82301639486492,34.99999999999999,20.0,35.0,1024.5432714123162,1024.7630049942754,0.0021027791996961554,10.28607738430287,0.08008292976171089,0.8935069799883641,0.0,0.8935069799883641,12.15042623985812,1.691636525623211,7.18264595012916,1.3922445947402122,0.8230163948649072,16.674591636354148,0.0,0.0,13.644124120186564
14.247060476713324,13.720756664799291,0.0,4.834595339350692,13.571967392406567,0.7299655660263645,0.6992075154071459,0.0,0.20966301052488157,2.4327376718824207,4.8654753437648415,20.818680946531586,34.99999999999999,20.0,35.0,1024.5444436798612,1024.7630049942754,0.002091560979031155,10.233388651358823,0.08010901584283439,0.8938382164448001,0.0,0.8938382164448001,12.214770653165909,1.6918430205413226,7.219801426528134,1.385079645439613,0.8186809465315774,16.691782982199843,0.0,0.0,13.720756664799291
14.327060476713324,13.797382297959015,0.0,4.857584734609834,13.643487775767621,0.7262047146441012,0.6955422070657064,0.0,0.20879254239911557,2.4454468864348966,4.890893772869793,20.81438934777703,34.99999999999999,20.0,35.0,1024.5456039375167,1024.7630049942754,0.002080457689116896,10.181235962141075,0.08013528363910173,0.8941717514312181,0.0,0.8941717514312181,12.279138998190858,1.6920444170817404,7.256983844058078,1.3779829492369433,0.8143893477770181,16.709059307031126,0.0,0.0,13.797382297959015
14.407060476713324,13.874000978610349,0.0,4.8805972904496455,13.715034934173735,0.7224820760052514,0.6919137752967817,0.0,0.20793190641027798,2.458159075846999,4.916318151693998,20.81014092668665,34.99999999999999,20.0,35.0,1024.5467523715697,1024.7630049942754,0.0020694675472490705,10.12961116729797,0.08016173387111016,0.8945075941005894,0.0,0.8945075941005894,12.343531440756362,1.692240841123858,7.294193084572243,1.3709535632050567,0.8101409266866372,16.72642056865946,0.0,0.0,13.874000978610349
14.487060476713324,13.950612665612532,0.0,4.903633118310419,13.78660905260718,0.7187970682429189,0.6883216578798119,0.0,0.20708095182368327,2.470874260749163,4.941748521498326,20.805935024973383,34.999999999999986,20.0,35.0,1024.5478891644823,1024.7630049942754,0.0020585888073240575,10.078506281758193,0.0801883672627809,0.8948457536513024,0.0,0.8948457536513024,12.407948147346461,1.6924324154390962,7.331429033239864,1.3639905610026557,0.805935024973374,16.743866724638806,0.0,0.0,13.950612665612532
14.567060476713324,14.027217317739106,0.0,4.926692329542284,13.8582103167879,0.7151491212340313,0.6847653039394,0.0,0.20623953094057465,2.4835924618537097,4.9671849237074195,20.801770997633888,34.999999999999986,20.0,35.0,1024.5490144949915,1024.7630049942754,0.0020478197588858814,10.02791348065676,0.08021518454133182,0.8951862393269001,0.0,0.8951862393269001,12.47238928510911,1.6926192597676382,7.368691578530964,1.3570930325182124,0.8017709976338763,16.76139773226496,0.0,0.0,14.027217317739106
14.647060476713325,14.103814893677617,0.0,4.949775035404664,13.929838913177148,0.711537676304509,0.6812441736605109,0.0,0.20540749902189046,2.4963136999552233,4.992627399910447,20.797648212615048,34.999999999999986,20.0,35.0,1024.5501285382015,1024.7630049942754,0.0020371587262449755,9.977825095278334,0.08024218643730031,0.8955290604163817,0.0,0.8955290604163817,12.536855021859433,1.6928014908932711,7.405980612200361,1.350260083523084,0.7976482126150348,16.77901354857493,0.0,0.0,14.103814893677617
14.727060476713325,14.180405352029295,0.0,4.972881347065737,14.001495028981097,0.7079621859432731,0.6777577380122075,0.0,0.20458471421431615,2.509037995930921,5.018075991861842,20.79356605049053,34.999999999999986,20.0,35.0,1024.5512314656773,1024.7630049942754,0.002026604067579539,9.928233609229421,0.08026937368451391,0.8958742262539182,0.0,0.8958742262539182,12.601345526082987,1.6929792227163811,7.443296029270908,1.3434908353335409,0.7935660504905152,16.796714130346302,0.0,0.0,14.180405352029295
14.807060476713325,14.25698865130875,0.0,4.996011375601897,14.073178852154467,0.7044221135247821,0.6743054784796277,0.0,0.20377103747854197,2.5217653707410244,5.043530741482049,20.789523904146954,34.99999999999999,20.0,35.0,1024.5523234455334,1024.7630049942754,0.002016154174089115,9.879131654662633,0.08029674702009047,0.8962217462188985,0.0,0.8962217462188985,12.66586096693902,1.6931525663251432,7.480637728016024,1.3367844244814335,0.7895239041469375,16.81449943409664,0.0,0.0,14.25698865130875
14.887060476713325,14.33356474994367,0.0,5.019165231997208,14.144890571404138,0.7009169330398062,0.6708868868039167,0.0,0.20296633251964902,2.5344958454291326,5.068991690858265,20.785521178479385,34.99999999999999,20.0,35.0,1024.5534046425187,1024.7630049942754,0.0020058074691786283,9.830512008599909,0.0803243071844453,0.896571629736056,0.0,0.896571629736056,12.730401514263724,1.6933216300649554,7.518005609941561,1.3301400023932322,0.7855211784793703,16.83236941608276,0.0,0.0,14.33356474994367
14.967060476713325,14.410133606274515,0.0,5.04234302714286,14.216630376192779,0.6974461288341494,0.6675014647298386,0.0,0.20217046571955277,2.5472294411225924,5.094458882245185,20.781557290095833,34.99999999999999,20.0,35.0,1024.5544752181027,1024.7630049942754,0.0019955624076380784,9.782367589434061,0.08035205492126199,0.8969238862751866,0.0,0.8969238862751866,12.7949673385735,1.693486519606159,7.555399579767028,1.3235567350771873,0.7815572900958176,16.850324032300215,0.0,0.0,14.410133606274515
15.047060476713325,14.48669517855421,0.0,5.065544871836626,14.288398456742451,0.6940091953550539,0.6641487237608079,0.0,0.2013833060714306,2.5599661790328683,5.1199323580657365,20.777631667030406,34.99999999999999,20.0,35.0,1024.5555353305542,1024.7630049942754,0.0019854174748853244,9.734691453437684,0.08037999097751233,0.8972785253514192,0.0,0.8972785253514192,12.859558611068206,1.6936473380100847,7.592819545406232,1.317033802818368,0.7776316670303919,16.86836323848257,0.0,0.0,14.48669517855421
15.127060476713325,14.563249424947854,0.0,5.088770876782314,14.360195004038228,0.6906056369050191,0.6608281849210836,0.0,0.20060472511606778,2.57270608045591,5.14541216091182,20.77374374846489,34.99999999999999,20.0,35.0,1024.5565851350223,1024.7630049942754,0.0019753711861958223,9.687476791460417,0.08040811610343082,0.8976355565249745,0.0,0.8976355565249745,12.924175503634405,1.69380418579347,7.6302654179473635,1.3105703998813354,0.7737437484648751,16.886486990100757,0.0,0.0,14.563249424947854
15.207060476713325,14.639796303532416,0.0,5.112021152589222,14.43202020983181,0.6872349674027851,0.6575393785248855,0.0,0.199834596880056,2.5854491667725243,5.170898333545049,20.769892984458398,34.99999999999999,20.0,35.0,1024.5576247836113,1024.7630049942754,0.001965422085978052,9.640716925665316,0.08043643105251888,0.8979949894012604,0.0,0.8979949894012604,12.98881818884863,1.6939571609912853,7.667737111632571,1.3041657342202302,0.769892984458383,16.90469524236249,0.0,0.0,14.639796303532416
15.287060476713325,14.716335772296445,0.0,5.135295809771587,14.503874266645141,0.6838967101512406,0.6542818439521967,0.0,0.19907279781578244,2.598195459448742,5.196390918897484,20.766078835684873,34.99999999999999,20.0,35.0,1024.5586544254566,1024.7630049942754,0.0019555687470576475,9.594405306389937,0.08046493658153259,0.8983568336307822,0.0,0.8983568336307822,13.053486839980627,1.6941063592180092,7.705234543837053,1.2978190271960495,0.7660788356848599,16.922987950211645,0.0,0.0,14.716335772296445
15.367060476713325,14.792867789139766,0.0,5.158594958748037,14.575757367774003,0.6805903976120193,0.6510551294310303,0.0,0.19831920674314663,2.610944980036184,5.221889960072368,20.762300773178154,34.99999999999999,20.0,35.0,1024.5596742067946,1024.7630049942754,0.001945809769996344,9.548535509063106,0.08049363345048928,0.8987210989092611,0.0,0.8987210989092611,13.118181630996602,1.69425187372739,7.742757635047689,1.291529513300904,0.7623007731781413,16.941365068327496,0.0,0.0,14.792867789139766
15.447060476713325,14.8693923118732,0.0,5.181918709841042,14.647669707291639,0.6773155711865634,0.6478587918259411,0.0,0.1975737047929519,2.6236977501724295,5.247395500344859,20.75855827808434,34.99999999999999,20.0,35.0,1024.5606842710358,1024.7630049942754,0.0019361437824043954,9.50310123127414,0.0805225224226379,0.8990877949773521,0.0,0.8990877949773521,13.182902736562475,1.6943937954707329,7.780306308841286,1.2852964398890474,0.7585582780843275,16.959826551124195,0.0,0.0,14.8693923118732
15.527060476713325,14.945909298218268,0.0,5.205267173276359,14.719611480052356,0.6740717810034366,0.6446923964325751,0.0,0.19683617535191114,2.6364537915813813,5.2729075831627625,20.75485084142124,34.999999999999986,20.0,35.0,1024.5616847588294,1024.7630049942754,0.0019265694383139168,9.45809628982444,0.08055160426448667,0.8994569316210015,0.0,0.8994569316210015,13.247650332047119,1.6945322131537477,7.81788049186241,1.279119066914485,0.7548508414212296,16.97837235275007,0.0,0.0,14.945909298218268
15.607060476713325,15.0224187058069,0.0,5.228640459182478,14.791582881695131,0.6708585857116818,0.641555516778058,0.0,0.19610650400921653,2.649213126073631,5.298426252147262,20.75117796384466,34.999999999999986,20.0,35.0,1024.5626758081323,1024.7630049942754,0.001917085417521766,9.413514617981333,0.08058087974576227,0.8998285186710366,0.0,0.8998285186710366,13.312424593525618,1.694667213291992,7.855480113800892,1.2729966666749637,0.7511779638446487,16.99700242708704,0.0,0.0,15.0224187058069
15.687060476713325,15.098920492181152,0.0,5.252038677590075,14.863584108647213,0.6676755522800225,0.6384477344270285,0.0,0.19538457850461874,2.6619757755468254,5.323951551093651,20.74753915542128,34.999999999999986,20.0,35.0,1024.5636575542715,1024.7630049942754,0.0019076904249933479,9.369350262705712,0.0806103496394291,0.900202566003432,0.0,0.900202566003432,13.37722569778249,1.6947988802649467,7.893105107368987,1.2669285235621683,0.7475391554212676,17.015716727749876,0.0,0.0,15.098920492181152
15.767060476713326,15.175414614792928,0.0,5.27546193843145,14.93561535812773,0.664522255801715,0.6353686387931309,0.0,0.1946702886779693,2.674741761986028,5.349483523972056,20.74393393540794,34.99999999999999,20.0,35.0,1024.5646301300067,1024.7630049942754,0.0018983831902598934,9.32559738201492,0.08064001472167491,0.9005790835391945,0.0,0.9005790835391945,13.442053822314957,1.6949272963687565,7.930755408278255,1.2609139338179352,0.743933935407932,17.03451520808565,0.0,0.0,15.175414614792928
15.847060476713326,15.251901031003687,0.0,5.298910351539972,15.007676828151288,0.6613982793048705,0.6323178269557908,0.0,0.1939635264201757,2.6875111074640854,5.375022214928171,20.74036183203713,34.99999999999999,20.0,35.0,1024.5655936655924,1024.7630049942754,0.0018891624668287916,9.282250242428995,0.08066987577188947,0.9009580812441776,0.0,0.9009580812441776,13.50690914533616,1.6950525418676659,7.968430955216169,1.254952205296321,0.7403618320371192,17.053397821173046,0.0,0.0,15.251901031003687
15.927060476713326,15.328379698084172,0.0,5.322384026649523,15.079768717531573,0.6583032135680645,0.6292949034820983,0.0,0.19326418562552483,2.700283834141987,5.400567668283974,20.7368223823084,34.99999999999999,20.0,35.0,1024.5665482888335,1024.7630049942754,0.0018800270316483203,9.239303216394921,0.08069993357270128,0.9013395691295374,0.0,0.9013395691295374,13.571791845778415,1.6951746950441895,8.006131689822464,1.249042657231354,0.7368223823083875,17.072364519821747,0.0,0.0,15.328379698084172
16.007060476713324,15.404850573214125,0.0,5.3458830733939395,15.151891225884938,0.6552366569410657,0.6262994802536381,0.0,0.19257216214532819,2.7130599642692275,5.426119928538455,20.733315131785627,34.99999999999999,20.0,35.0,1024.5674941251468,1024.7630049942754,0.0018709756845201563,9.196750779947154,0.0807301889099105,0.9017235572510349,0.0,0.9017235572510349,13.636702103296443,1.6952938322480386,8.043857556665289,1.2431846200103103,0.7333151317856147,17.091415256571704,0.0,0.0,15.404850573214125
16.087060476713322,15.481313613482017,0.0,5.369407601306452,15.224044553634018,0.6521982151705176,0.6233311762981014,0.0,0.19188735374285062,2.72583952018417,5.45167904036834,20.729839634399852,34.99999999999999,20.0,35.0,1024.5684312976132,1024.7630049942754,0.0018620072476010939,9.154587510253565,0.08076064257253496,0.9021100557095992,0.0,0.9021100557095992,13.701640098270616,1.695410027943844,8.081608503217161,1.2373774349523559,0.729839634399839,17.110549983692607,0.0,0.0,15.481313613482017
16.16706047671332,15.557768775884774,0.0,5.3929577198191225,15.29622890201131,0.6491875012304142,0.6203896176255312,0.0,0.19120966004947623,2.738622524314406,5.477245048628812,20.726395452257538,34.999999999999986,20.0,35.0,1024.569359927033,1024.7630049942754,0.0018531205648699535,9.11280808334807,0.08079129535277998,0.9024990746510413,0.0,0.9024990746510413,13.766606011810177,1.695523354757698,8.119384479830725,1.231620454092412,0.7263954522575238,17.129768653183156,0.0,0.0,15.557768775884774
16.24706047671332,15.634216017327503,0.0,5.4165335382622875,15.368444473062775,0.6462041351572184,0.6174744370690505,0.0,0.19053898252207568,2.7514089991771136,5.502817998354227,20.722982155454083,34.99999999999999,20.0,35.0,1024.5702801319785,1024.7630049942754,0.001844314501629301,9.071407271875676,0.08082214804604006,0.9028906242661225,0.0,0.9028906242661225,13.831600025756497,1.6956338835225484,8.15718543971439,1.2259130399700873,0.7229821554540699,17.14907121677044,0.0,0.0,15.634216017327503
16.327060476713317,15.710655294623221,0.0,5.440135165863989,15.44069146965143,0.6432477438894711,0.61458527412993,0.0,0.1898752244015353,2.7641989673794187,5.5283979347588375,20.719599321892424,34.999999999999986,20.0,35.0,1024.5711920288452,1024.7630049942754,0.0018355879440115203,9.030379942921703,0.08085320145088512,0.9032847147904525,0.0,0.9032847147904525,13.896622322686286,1.695741683322471,8.195011338907822,1.2202545654235464,0.7195993218924115,17.168457625909326,0.0,0.0,15.710655294623221
16.407060476713315,15.787086564492588,0.0,5.463762711749414,15.512970095460933,0.6403179611117549,0.611721774826862,0.0,0.18921829067241042,2.776992451618752,5.553984903237504,20.716246537106546,34.999999999999986,20.0,35.0,1024.5720957319015,1024.7630049942754,0.0018269397985044688,8.989721055884713,0.08088445636905658,0.9036813565044958,0.0,0.9036813565044958,13.961673085914839,1.6958468215358504,8.232862136257326,1.2146444133881753,0.716246537106534,17.18792783178174,0.0,0.0,15.787086564492588
16.487060476713314,15.863509783563646,0.0,5.487416284940328,15.585280554999171,0.6374144271028699,0.6088835915493022,0.0,0.18856808802366953,2.7897894746832073,5.5795789493664145,20.71292339408977,34.99999999999999,20.0,35.0,1024.5729913533376,1024.7630049942754,0.0018183689914858363,8.949425660417011,0.0809159136054563,0.9040805597335007,0.0,0.9040805597335007,14.026752499499253,1.6959493638774923,8.270737793391149,1.2090819766999072,0.7129233940897577,17.207481785296054,0.0,0.0,15.863509783563646
16.567060476713312,15.939924908371554,0.0,5.511095994354508,15.65762305360186,0.6345367885880923,0.6060703829147565,0.0,0.1879245248104936,2.8025900594518984,5.605180118903797,20.70962949312765,34.99999999999999,20.0,35.0,1024.5738790033101,1024.7630049942754,0.0018098744687901432,8.909488894371009,0.08094757396817003,0.9044823348478119,0.0,0.9044823348478119,14.091860748241674,1.6960493744396983,8.308638274694696,1.203566657903091,0.7096294931276382,17.22711943708646,0.0,0.0,15.939924908371554
16.64706047671331,16.01633189535832,0.0,5.5348019488051765,15.729997797436113,0.6316846985953878,0.6032818136298876,0.0,0.18728751101709734,2.8153942288953164,5.630788457790633,20.706364441635355,34.99999999999999,20.0,35.0,1024.574758789992,1024.7630049942754,0.0018014551952387464,8.869905981920164,0.08097943826840635,0.9048866922622432,0.0,0.9048866922622432,14.156998017692501,1.6961469157323252,8.346563547285703,1.1980978690627706,0.7063644416353415,17.246840737512276,0.0,0.0,16.01633189535832
16.72706047671331,16.092730700872554,0.0,5.5585342570004315,15.802404993504041,0.6288578163154562,0.6005175543553234,0.0,0.18665695822054232,2.828202006075684,5.656404012151368,20.703127853999362,34.99999999999999,20.0,35.0,1024.5756308196133,1024.7630049942754,0.0017931101542460047,8.830672231573374,0.08101150732054656,0.9052936424366825,0.0,0.9052936424366825,14.222164494153636,1.6962420487218564,8.384513580989369,1.1926750315812602,0.7031278539993502,17.266645636657348,0.0,0.0,16.092730700872554
16.807060476713307,16.1691212811692,0.0,5.5822930275426765,15.874844849646323,0.6260558069654897,0.5977772815740506,0.0,0.18603277955550898,2.84101341414731,5.68202682829462,20.699919351423386,34.999999999999986,20.0,35.0,1024.5764951965066,1024.7630049942754,0.0017848383473797462,8.791783034380273,0.08104378194209508,0.9057031958755957,0.0,0.9057031958755957,14.287360364681689,1.696334832869507,8.422488348313463,1.1872975760188995,0.699919351423372,17.28653408432934,0.0,0.0,16.1691212811692
16.887060476713305,16.245503592409293,0.0,5.606078368928051,15.947317574545794,0.6232783416565285,0.5950606774632866,0.0,0.18541488968000036,2.853828476356945,5.70765695271389,20.696738561778332,34.99999999999999,20.0,35.0,1024.5773520231483,1024.7630049942754,0.001776638793976137,8.753233862078602,0.08107626295370646,0.9061153631283778,0.0,0.9061153631283778,14.352585817091214,1.6964253261683897,8.460487824423433,1.181964941918876,0.6967385617783168,17.30650603005915,0.0,0.0,16.245503592409293
16.967060476713304,16.32187759065969,0.0,5.6298903895458565,16.019823377731026,0.6205250972643069,0.5923674297697197,0.0,0.18480320474194667,2.8666472160441336,5.733294432088267,20.693585119456237,34.99999999999999,20.0,35.0,1024.5782014002007,1024.7630049942754,0.001768510530728437,8.715020265379561,0.08110895117914593,0.9065301547889681,0.0,0.9065301547889681,14.417841039957922,1.6965135851797621,8.498511987117517,1.1766765776360044,0.6935851194562195,17.326561423100234,0.0,0.0,16.32187759065969
17.047060476713302,16.39824323189283,0.0,5.653729197677984,16.0923624695799,0.6177957563034787,0.5896972316880164,0.0,0.18419764234668493,2.8794696566415676,5.758939313283135,20.690458665228004,34.999999999999986,20.0,35.0,1024.579043426551,1024.7630049942754,0.0017604526113192739,8.67713787221739,0.08114184744531024,0.9069475814961349,0.0,0.9069475814961349,14.483126222621909,1.6965996650683797,8.536560816801872,1.1714319401693654,0.6904586652279884,17.346700212427905,0.0,0.0,16.39824323189283
17.1270604767133,16.4746004719865,0.0,5.677594901498344,16.164935061323177,0.6150900068051228,0.5870497817424962,0.0,0.18359812152528582,2.8922958216754378,5.7845916433508755,20.687358846104875,34.99999999999998,20.0,35.0,1024.5798781993497,1024.7630049942754,0.001752464106048566,8.639582386078946,0.0811749525822229,0.907367653933478,0.0,0.907367653933478,14.548441555190859,1.6966836196369743,8.574634296465755,1.16623049499869,0.6873588461048611,17.366922346738715,0.0,0.0,16.4746004719865
17.2070604767133,16.550949266723553,0.0,5.701487609072281,16.237541365048095,0.6124075421974284,0.5844247836718776,0.0,0.18300456270370458,2.9051257347657837,5.8102514695315675,20.68428531520347,34.99999999999998,20.0,35.0,1024.5807058140513,1024.7630049942754,0.0017445441014483892,8.602349584432613,0.0812082674229849,0.9077903828289309,0.0,0.9077903828289309,14.613787228543284,1.696765501359885,8.612732411656742,1.1610717159244013,0.6842853152034573,17.387227774449894,0.0,0.0,16.550949266723553
17.287060476713297,16.627289571791703,0.0,5.725407428356007,16.31018159370192,0.6097480611894626,0.5818219463170022,0.0,0.1824168876727261,2.9179594196268472,5.8359188392536945,20.68123773161433,34.99999999999998,20.0,35.0,1024.5815263644479,1024.7630049942754,0.0017366916999587683,8.565435317072218,0.08124179280382379,0.9082157789553659,0.0,0.9082157789553659,14.679163434331727,1.6968453614158538,8.650855150456009,1.1559550849112155,0.6812377316143189,17.407616443698565,0.0,0.0,16.627289571791703
17.367060476713295,16.703621342783258,0.0,5.749354467196021,16.382855961095526,0.607111267657931,0.5792409835114501,0.0,0.1818350195586864,2.930796900067418,5.861593800134836,20.678215760273847,34.99999999999998,20.0,35.0,1024.5823399427072,1024.7630049942754,0.0017289060195643045,8.528835504620682,0.08127552956405032,0.9086438531301627,0.0,0.9086438531301627,14.744570364985973,1.696923249720015,8.689002503453684,1.1508800919352047,0.6782157602738337,17.428088302341173,0.0,0.0,16.703621342783258
17.447060476713293,16.779944535194886,0.0,5.773328833328526,16.45556468190697,0.6044968705368382,0.5766816139749561,0.0,0.1812588827949425,2.9436381999911867,5.887276399982373,20.675219071839454,34.99999999999998,20.0,35.0,1024.583146639407,1024.7630049942754,0.001721186193465614,8.492546137009137,0.08130947854606468,0.9090746162153355,0.0,0.9090746162153355,14.810008213716273,1.696999214955095,8.72717446372429,1.1458462348342393,0.6752190718394411,17.44864329795283,0.0,0.0,16.779944535194886
17.52706047671329,16.856259104427387,0.0,5.7973306343788575,16.528307971685052,0.6019045837099648,0.5741435612095468,0.0,0.18068840309407083,2.9564833433970903,5.912966686794181,20.67224734256803,34.99999999999998,20.0,35.0,1024.5839465435693,1024.7630049942754,0.0017135313697507685,8.456563272015565,0.08134364059534595,0.9095080791174693,0.0,0.9095080791174693,14.875477174516547,1.6970733046018376,8.76537102680228,1.1408530191617148,0.6722473425680209,17.469281377826608,0.0,0.0,16.856259104427387
17.60706047671329,16.93256500578545,0.0,5.821359977860893,16.601086046852878,0.5993341259060756,0.5716265533983167,0.0,0.18012350742077224,2.969332354379658,5.938664708759316,20.669300254197385,34.99999999999998,20.0,35.0,1024.5847397426928,1024.7630049942754,0.0017059407110841442,8.420883033818182,0.08137801656046018,0.9099442527878667,0.0,0.9099442527878667,14.94097744216759,1.6971455649686846,8.803592190657657,1.1358999580434868,0.669300254197374,17.490002488972898,0.0,0.0,16.93256500578545
17.687060476713288,17.00886219447742,0.0,5.845416971176478,16.67389912471144,0.5967852205967792,0.5691303233067644,0.0,0.17956412396546326,2.9821852571293634,5.964370514258727,20.666377493830712,34.99999999999998,20.0,35.0,1024.585526322787,1024.7630049942754,0.0016984133943843877,8.385501611631735,0.08141260729302915,0.9103831482222566,0.0,0.9103831482222566,15.006509212240296,1.6972160412207171,8.841837955671755,1.1309865720379235,0.6663774938307,17.510806578118896,0.0,0.0,17.00886219447742
17.767060476713286,17.08515062561507,0.0,5.869501721614839,16.74674742344317,0.594257595896961,0.5666546081866152,0.0,0.17901018211853045,2.9950420759329646,5.990084151865929,20.663478753823995,34.99999999999998,20.0,35.0,1024.5863063684028,1024.7630049942754,0.0016909486105263199,8.35041525833912,0.08144741364773173,0.9108247764608636,0.0,0.9108247764608636,15.072072681098854,1.6972847774078872,8.88010832461309,1.1261123889990052,0.6634787538239852,17.531693591707743,0.0,0.0,17.08515062561507
17.847060476713285,17.161430254213382,0.0,5.893614336351999,16.819631162115506,0.591750984467714,0.564199149682057,0.0,0.1784616124452333,3.0079028351738515,6.015805670347703,20.66060373167623,34.999999999999986,20.0,35.0,1024.5870799626632,1024.7630049942754,0.0016835455640493659,8.315620289159678,0.08148243648230337,0.9112691485884614,0.0,0.9112691485884614,15.137668045903954,1.697351816492549,8.918403302613372,1.1212769439423855,0.6606037316762183,17.552663475898033,0.0,0.0,17.161430254213382
17.927060476713283,17.2377010351903,0.0,5.917754922450196,16.89255056068444,0.5892651234216953,0.5617636937383186,0.0,0.17791834666123243,3.0207675593323886,6.041535118664777,20.657752129922358,34.999999999999986,20.0,35.0,1024.5878471872927,1024.7630049942754,0.001676203472876865,8.281113080341903,0.08151767665754388,0.9117162757345169,0.0,0.9117162757345169,15.203295504615996,1.697417200376313,8.956722897143651,1.1164797789143455,0.657752129922346,17.573716176563078,0.0,0.0,17.2377010351903
18.00706047671328,17.31396292336653,0.0,5.941923586857292,16.9655058399981,0.5867997542308361,0.5593479905125222,0.0,0.17738031760872766,3.0336362729862634,6.067272545972527,20.654923656028906,34.999999999999986,20.0,35.0,1024.588608122649,1024.7630049942754,0.0016689215680114461,8.246890067965005,0.08155313503725603,0.9121661690725612,0.0,0.9121661690725612,15.268955255998291,1.697480969926235,8.995067117990613,1.1117204428635632,0.6549236560288941,17.594851639290304,0.0,0.0,17.31396292336653
18.08706047671328,17.3902158734653,0.0,5.966120436406189,17.03849722180028,0.5843546226363396,0.5569517942867456,0.0,0.17684745923318665,3.0465090008108215,6.093018001621643,20.652118022292186,34.999999999999986,20.0,35.0,1024.5893628477481,1024.7630049942754,0.0016616990932956795,8.212947746627657,0.08158881248831296,0.912618839821001,0.0,0.912618839821001,15.334647499620251,1.6975431650003596,9.033435977233017,1.1069984915156332,0.6521180222921747,17.616069809380562,0.0,0.0,17.3902158734653
18.167060476713278,17.466459840112154,0.0,5.990345577814239,17.11152492873402,0.5819294785609,0.5545748633832296,0.0,0.1763197065606489,3.059385767579414,6.118771535158828,20.649334945739017,34.999999999999986,20.0,35.0,1024.5901114402955,1024.7630049942754,0.001654535305113979,8.179282668328776,0.0816247098805796,0.9130742992423,0.0,0.9130742992423,15.400372435860618,1.6976038244726326,9.071829489218313,1.1023134872502618,0.6493349457390035,17.637370631847546,0.0,0.0,17.466459840112154
18.247060476713276,17.54269477783473,0.0,6.014599117682655,17.184589184345146,0.579524076023077,0.5522169600816685,0.0,0.17579699567558607,3.072266598163738,6.144533196327476,20.646574148029874,34.99999999999999,20.0,35.0,1024.59085397671,1024.7630049942754,0.0016474294721619575,8.14589144122726,0.08166082808697134,0.9135325586436923,0.0,0.9135325586436923,15.46613026591063,1.6976629862571988,9.110247670539414,1.0976649989810765,0.6465741480298601,17.658754051417077,0.0,0.0,17.54269477783473
18.327060476713275,17.618920641062545,0.0,6.038881162495921,17.257690213085816,0.5771381730537677,0.5498778505385267,0.0,0.17527926369930485,3.085151517534173,6.170303035068346,20.643835355364434,35.0,20.0,35.0,1024.5915905321526,1024.7630049942754,0.001640380875172265,8.112770728553597,0.08169716798339902,0.9139936293766269,0.0,0.9139936293766269,15.531921191777233,1.6977206873320996,9.148690540011637,1.093052602037983,0.643835355364416,17.680220012526433,0.0,0.0,17.618920641062545
18.407060476713273,17.695137384126788,0.0,6.063191818621198,17.33082824031809,0.5747715316147136,0.5475573047083192,0.0,0.17476644876887737,3.0980405507601247,6.1960811015202495,20.641118298389387,35.0,20.0,35.0,1024.5923211805525,1024.7630049942754,0.0016333888066687125,8.07991724749462,0.08173373044876309,0.9144575228367615,0.0,0.9144575228367615,15.597745416286282,1.697776963762385,9.187158118649847,1.0884758780520052,0.6411182983893664,17.70176845932381,0.0,0.0,17.695137384126788
18.48706047671327,17.771344961260112,0.0,6.087531192307734,17.404003492317464,0.5724239175189864,0.5452550962668066,0.0,0.174258490016581,3.1109337230103624,6.221867446020725,20.638422712108518,35.0,20.0,35.0,1024.5930459946298,1024.7630049942754,0.0016264525707421558,8.047327768066294,0.08177051636498667,0.9149242504643935,0.0,0.9149242504643935,15.663603143085718,1.6978318507226557,9.225650429645755,1.083934414842551,0.6384227121084994,17.723399335667537,0.0,0.0,17.771344961260112
18.56706047671327,17.847543326596416,0.0,6.111899389686271,17.477216196276412,0.5700951003533958,0.5429710025360445,0.0,0.1737553275498373,3.1238310595533534,6.247662119106707,20.63574833579496,35.0,20.0,35.0,1024.5937650459223,1024.7630049942754,0.0016195714828002661,8.014999112091719,0.08180752661697206,0.9153938237440322,0.0,0.9153938237440322,15.72949457664877,1.6978853825190492,9.264167498345428,1.0794278063070417,0.6357483357949406,17.74511258512551,0.0,0.0,17.847543326596416
18.647060476713268,17.923732434170653,0.0,6.136296516768445,17.55046658030795,0.5677848534027661,0.5407048044112389,0.0,0.17325690243163325,3.1367325857576067,6.273465171515213,20.63309491290553,35.00000000000001,20.0,35.0,1024.5944784048086,1024.7630049942754,0.0016127448693412385,7.982928152159471,0.08184476209260041,0.915866254204456,0.0,0.915866254204456,15.795419922277155,1.6979375926106803,9.302709352226989,1.0749556523128485,0.6330949129055092,17.766908150974572,0.0,0.0,17.923732434170653
18.727060476713266,17.99991223791862,0.0,6.160722679446195,17.62375487344918,0.5654929535760294,0.5384562862893567,0.0,0.17276315666141218,3.1496383270920036,6.299276654184007,20.63046219099715,35.0,20.0,35.0,1024.595186140532,1024.7630049942754,0.0016059720677296754,7.951111810614999,0.08188222368272312,0.9163415534186785,0.0,0.9163415534186785,15.861379386104261,1.697988513630556,9.341276020878514,1.07051755859148,0.6304621909971296,17.788785976199815,0.0,0.0,17.99991223791862
18.807060476713264,18.07608269167676,0.0,6.185177983491166,17.6970813056648,0.5632191813340837,0.5362252359994407,0.0,0.17227403315642073,3.162548309126135,6.32509661825227,20.627849921645257,35.0,20.0,35.0,1024.5958883212222,1024.7630049942754,0.001599252425985524,7.919547058557035,0.08191991228117297,0.9168197330041323,0.0,0.9168197330041323,15.92737317509832,1.6980381774059714,9.379867535976112,1.0661131366349679,0.6278499216452414,17.81074600349391,0.0,0.0,18.07608269167676
18.887060476713263,18.15224374918197,0.0,6.209662534554109,17.77044610785068,0.5609633206193683,0.5340114447345834,0.0,0.17178947573350112,3.175462557530635,6.35092511506127,20.625257860364165,35.0,20.0,35.0,1024.5965850139187,1024.7630049942754,0.0015925853025643114,7.888230914891867,0.08195782878474027,0.9173008046224643,0.0,0.9173008046224643,15.993401497065612,1.6980866149784029,9.41848393126226,1.0617420035943943,0.6252578603641477,17.83278817525654,0.0,0.0,18.15224374918197
18.96706047671326,18.2283953640714,0.0,6.2341764381642815,17.843849511837387,0.558725158787108,0.5318147069855134,0.0,0.17130942909131322,3.188381098077517,6.376762196155034,20.62268576652927,35.0,20.0,35.0,1024.597276284592,1024.7630049942754,0.0015859700661482593,7.857160445396014,0.08199597409316277,0.9177847799794865,0.0,0.9177847799794865,16.059464560653648,1.6981338566229098,9.457125242524292,1.0574037821805142,0.6226857665292536,17.854912433593647,0.0,0.0,18.2283953640714
19.04706047671326,18.30453748988226,0.0,6.25871979972885,17.91729175039372,0.5565044865381807,0.5296348204757491,0.0,0.17083383879297814,3.2013039566405026,6.402607913281005,20.620133403301157,35.0,20.0,35.0,1024.5979621981653,1024.7630049942754,0.0015794060954439258,7.826332761797076,0.08203434910911976,0.9182716708251694,0.0,0.9182716708251694,16.125562575354348,1.6981799318670578,9.495791507573143,1.053098100566418,0.6201334033011408,17.87711872031689,0.0,0.0,18.30453748988226
19.127060476713257,18.380670080051637,0.0,6.283292724532288,17.990773057230243,0.5543010978535627,0.5274715860982777,0.0,0.17036265124912836,3.2142311591953576,6.428462318390715,20.617600537551443,34.99999999999999,20.0,35.0,1024.5986428185347,1024.7630049942754,0.0015728927789863748,7.795745020871819,0.08207295473823076,0.9187614889536918,0.0,0.9187614889536918,16.19169575150722,1.6982248695093745,9.534482766222284,1.0488245922921902,0.6176005375514261,17.899406976942913,0.0,0.0,18.380670080051637
19.207060476713256,18.4567930879163,0.0,6.307895317735772,18.064293667002836,0.5521147899303113,0.5253248078537178,0.0,0.1698958137013571,3.2271627318202216,6.454325463640443,20.615086939790377,35.0,20.0,35.0,1024.599318208589,1024.7630049942754,0.001566429514949874,7.7653944235605765,0.08211179188905998,0.9192542462035546,0.0,0.9192542462035546,16.25786430030255,1.6982686976373493,9.57319906026689,1.0445828961715136,0.6150869397903577,17.92177714469284,0.0,0.0,18.4567930879163
19.287060476713254,18.532906466712515,0.0,6.332527684376583,18.13785381531621,0.5499453631190393,0.5231942927899245,0.0,0.16943327420605084,3.2400987006959374,6.480197401391875,20.61259238409612,35.0,20.0,35.0,1024.5999884302307,1024.7630049942754,0.001560015710947712,7.735278214140236,0.08215086147307821,0.919749954457215,0.0,0.919749954457215,16.324068433784586,1.6983114436449886,9.611940433463236,1.0403726562001743,0.6125923840961007,17.944229164491436,0.0,0.0,18.532906466712515
19.367060476713252,18.609010169575868,0.0,6.357189929367497,18.211453738727432,0.547792620862844,0.5210798509429981,0.0,0.16897498161860044,3.25303909210638,6.50607818421276,20.610116648045686,35.0,20.0,35.0,1024.600653544394,1024.7630049942754,0.0015536507838603037,7.705393679357866,0.08219016440469004,0.9202486256414572,0.0,0.9202486256414572,16.390308364854686,1.6983531342499392,9.650706931508271,1.0361935214664257,0.6101166480456671,17.966762976966603,0.0,0.0,18.609010169575868
19.44706047671325,18.685104149541086,0.0,6.381882157496183,18.285093674749486,0.5456563696376491,0.5189812952796594,0.0,0.1685208855779771,3.2659839324387896,6.531967864877579,20.607659512647462,35.0,20.0,35.0,1024.6013136110653,1024.7630049942754,0.001547334159635007,7.67573814766441,0.0822297016011702,0.9207502717267424,0.0,0.9207502717267424,16.456584307274536,1.6983937955101855,9.6894986020195,1.0320451460631601,0.6076595126474428,17.98937852244875,0.0,0.0,18.685104149541086
19.52706047671325,18.76118835954185,0.0,6.406604473424598,18.358773861854758,0.5435364188939237,0.5168984416409537,0.0,0.1680709364916627,3.278933248184093,6.557866496368186,20.60522076227529,35.0,20.0,35.0,1024.6019686892996,1024.7630049942754,0.0015410652731359879,7.646308988353426,0.08226947398272877,0.9212549047280044,0.0,0.9212549047280044,16.52289647566928,1.6984334528403395,9.728315494514996,1.027927189001856,0.605220762275274,18.012075740970026,0.0,0.0,18.76118835954185
19.607060476713247,18.83726275241063,0.0,6.431356981688376,18.432494539478586,0.5414325809997392,0.5148311086872476,0.0,0.16762508552092859,3.2918870659372335,6.583774131874467,20.60280018460408,35.0,20.0,35.0,1024.6026188372396,1024.7630049942754,0.0015348435679570919,7.617103610819865,0.08230948247246109,0.9217625367041525,0.0,0.9217625367041525,16.589245085530727,1.6984721310275233,9.767157660393725,1.0238393141282507,0.6028001846040649,18.034854572263807,0.0,0.0,18.83726275241063
19.687060476713246,18.913327280878505,0.0,6.456139786696223,18.506255948022787,0.5393446711851299,0.512779117844486,0.0,0.1671832845664497,3.3048454123975004,6.609690824795001,20.600397570546864,34.99999999999999,20.0,35.0,1024.6032641121328,1024.7630049942754,0.0015286684962564777,7.5881194637925065,0.08234972799634735,0.9222731797581336,0.0,0.9222731797581336,16.655630353220506,1.698509854246863,9.806025152916046,1.0197811900397045,0.6003975705468522,18.057714955764,0.0,0.0,18.913327280878505
19.767060476713244,18.989381897574997,0.0,6.480952992729307,18.580058328859167,0.5372725074877222,0.510742293251674,0.0,0.16674548625424793,3.3178083143688486,6.635616628737697,20.598012714193324,34.99999999999999,20.0,35.0,1024.60390457035,1024.7630049942754,0.0015225395185847201,7.559354034609455,0.08239021148322138,0.9227868460366463,0.0,0.9227868460366463,16.722052495973248,1.6985466460765986,9.844918027184484,1.0157524900042125,0.5980127141933115,18.080656830604433,0.0,0.0,18.989381897574997
19.847060476713242,19.065426555027905,0.0,6.505796703940648,18.65390192433303,0.5352159106996,0.5087204617095519,0.0,0.16631164392195324,3.330775798760221,6.661551597520442,20.595645412749676,34.99999999999999,20.0,35.0,1024.6045402674,1024.7630049942754,0.0015164561037433798,7.530804848444191,0.08243093386481928,0.9233035477307523,0.0,0.9233035477307523,16.788511731899728,1.6985825295128212,9.883836340124683,1.0117528918810337,0.5956454127496646,18.103680135618106,0.0,0.0,19.065426555027905
19.92706047671324,19.141461205663134,0.0,6.530671024354508,18.727786977766733,0.5331747043153692,0.5067134526304304,0.0,0.16588171160537812,3.3437478925858826,6.687495785171765,20.59329546647995,34.99999999999999,20.0,35.0,1024.6051712579465,1024.7630049942754,0.0015104177286131037,7.5024694676326416,0.08247189607572661,0.9238232970753515,0.0,0.9238232970753515,16.85500827999006,1.6986175269838468,9.922780150466647,1.007782078042888,0.5932954664799428,18.12678480933676,0.0,0.0,19.141461205663134
20.00706047671324,19.217485801804543,0.0,6.555576057865776,18.801713733463167,0.5311487144813968,0.5047210979891599,0.0,0.16545564402539226,3.3567246229657317,6.713449245931463,20.590962678648584,34.99999999999999,20.0,35.0,1024.6057975958258,1024.7630049942754,0.0015044238780013166,7.474345490976501,0.08251309905337229,0.9243461063491798,0.0,0.9243461063491798,16.92154236011685,1.6986516603642343,9.961749518726187,1.003839735299699,0.590962678648576,18.14997078999004,0.0,0.0,19.217485801804543
20.087060476713237,19.29350029567377,0.0,6.580511908239358,18.875682436709287,0.529137769946188,0.5027432322751971,0.0,0.1650333965750938,3.3697060171256266,6.739412034251253,20.588646855464283,34.99999999999999,20.0,35.0,1024.6064193340603,1024.7630049942754,0.0014984740445007857,7.44643055304366,0.0825545437380463,0.9248719878750747,0.0,0.9248719878750747,16.988114193038356,1.698684950988457,10.000744507186603,0.9999255548238366,0.5886468554642722,18.173238015504964,0.0,0.0,19.29350029567377
20.167060476713235,19.369504639390087,0.0,6.605478679109562,18.94969333377963,0.5271417020118735,0.5007796924457476,0.0,0.16461492530726746,3.3826921023977055,6.765384204795411,20.586347806025163,35.0,20.0,35.0,1024.6070365248752,1024.7630049942754,0.001492567728332957,7.4187223235299475,0.0825962310728593,0.9254009540195894,0.0,0.9254009540195894,17.054724000401666,1.6987174196642392,10.039765179880611,0.9960392320768319,0.5863478060251508,18.196586423505323,0.0,0.0,19.369504639390087
20.247060476713234,19.445498784970244,0.0,6.630476473979484,19.02374667193983,0.5251603444867787,0.4988303178799506,0.0,0.16420018692212127,3.39568290622071,6.79136581244142,20.584065342265113,34.99999999999999,20.0,35.0,1024.6076492197124,1024.7630049942754,0.0014867044372152262,7.391218506584363,0.08263816200376699,0.9259330171933348,0.0,0.9259330171933348,17.121372004745844,1.6987490866855597,10.078811602572493,0.9921804667375291,0.584065342265101,18.220015951310987,0.0,0.0,19.445498784970244
20.327060476713232,19.521482684328316,0.0,6.655505396220389,19.09784269945009,0.5231935336390476,0.49689495033408376,0.0,0.1637891387552964,3.4086784561402945,6.817356912280589,20.581799278901343,34.99999999999999,20.0,35.0,1024.6082574692462,1024.7630049942754,0.001480883686210801,7.363916840199877,0.08268033747952899,0.9264681898505849,0.0,0.9264681898505849,17.18805842950508,1.698779971845338,10.117883842740484,0.9883489626316411,0.581799278901331,18.243526535937225,0.0,0.0,19.521482684328316
20.40706047671323,19.59745628927555,0.0,6.680565549071098,19.171981665568744,0.5212411081512904,0.49497343389775683,0.0,0.16338173876614304,3.421678779809354,6.843357559618708,20.579549433383086,34.999999999999986,20.0,35.0,1024.608861323396,1024.7630049942754,0.001475104997606853,7.336815095555628,0.08272275845174926,0.9270064844897998,0.0,0.9270064844897998,17.254783499011868,1.6988100944478046,10.156981969559409,0.9845444276626772,0.5795494333830773,18.267118114094174,0.0,0.0,19.59745628927555
20.48706047671323,19.67341955152022,0.0,6.705657035637367,19.246163820555726,0.5193029090762329,0.49306561495107276,0.0,0.16297794552625391,3.4346839049883355,6.869367809976671,20.577315625841454,34.999999999999986,20.0,35.0,1024.6094608313426,1024.7630049942754,0.0014693679007600274,7.3099110764614785,0.08276542587479922,0.9275479136528328,0.0,0.9275479136528328,17.32154743850015,1.6988394733205663,10.19610605388354,0.9807665737442143,0.5773156258414454,18.29079062218618,0.0,0.0,19.67341955152022
20.567060476713227,19.749372422667484,0.0,6.730779958891273,19.32038941567609,0.5173787797933387,0.49117134212272917,0.0,0.16257771820824965,3.447693859545558,6.895387719091116,20.57509767904036,34.999999999999986,20.0,35.0,1024.6100560415393,1024.7630049942754,0.0014636719319876502,7.283202618709586,0.08280834070588242,0.9280924899257222,0.0,0.9280924899257222,17.38835047410848,1.698868126826375,10.235256168229695,0.9770151167334794,0.5750976790403525,18.314543996311137,0.0,0.0,19.749372422667484
20.647060476713225,19.825314854219247,0.0,6.755934421670589,19.39465870320351,0.5154685659663831,0.4892904662490374,0.0,0.1621810165748109,3.460708671457522,6.921417342915044,20.572895418328553,34.999999999999986,20.0,35.0,1024.6106470017276,1024.7630049942754,0.0014580166344197653,7.256687589543518,0.08285150390495835,0.9286402259379106,0.0,0.9286402259379106,17.45519283288316,1.6988960728746045,10.274432386760557,0.973289776366217,0.572895418328544,18.33837817225992,0.0,0.0,19.825314854219247
20.727060476713223,19.90124679757401,0.0,6.781120526678166,19.468971936423777,0.5135721155019489,0.48742284033383476,0.0,0.1617878009679476,3.4737283688092315,6.947456737618463,20.57070867159267,34.99999999999999,20.0,35.0,1024.6112337589482,1024.7630049942754,0.0014524015578903423,7.230363887049496,0.08289491643478919,0.929191134362835,0.0,0.929191134362835,17.5220747427814,1.698923328932445,10.31363478526825,0.9695902761928085,0.5707086715926559,18.362293085515667,0.0,0.0,19.90124679757401
20.80706047671322,19.977168204026746,0.0,6.80633837648131,19.54332936963831,0.5116892785088266,0.485568319509268,0.0,0.16139803229850389,3.4867529797945003,6.9735059595890005,20.56853726921131,34.99999999999999,20.0,35.0,1024.611816359555,1024.7630049942754,0.0014468262588088969,7.204229439615524,0.08293857926091104,0.9297452279176766,0.0,0.9297452279176766,17.588996432674477,1.6989499120358194,10.352863441158144,0.9659163435156187,0.5685372692112974,18.38628867125326,0.0,0.0,19.977168204026746
20.88706047671322,20.053079024768763,0.0,6.831588073511165,19.617731258167648,0.5098199072582921,0.48372676099742606,0.0,0.16101167203588868,3.499782532716272,6.999565065432544,20.56638104401014,34.99999999999999,20.0,35.0,1024.6123948492275,1024.7630049942754,0.0014412903000364664,7.178282205398286,0.08298249335160966,0.9303025193631587,0.0,0.9303025193631587,17.655958132350882,1.698975838800033,10.392118433432863,0.9622677093275454,0.5663810440101279,18.410364864338703,0.0,0.0,20.053079024768763
20.96706047671322,20.12897921088757,0.0,6.856869720062082,19.692177858354928,0.5079638561452424,0.48189802407280075,0.0,0.16062868219802745,3.5128170559869214,7.025634111973843,20.56423983121791,34.999999999999986,20.0,35.0,1024.612969272982,1024.7630049942754,0.0014357932507833417,7.152520171754065,0.08302665967796488,0.9308630215041162,0.0,0.9308630215041162,17.722960072519435,1.6990011254301574,10.431399842676555,0.9586441082517393,0.564239831217903,18.434521599328328,0.0,0.0,20.12897921088757
21.047060476713217,20.204868713366753,0.0,6.8821834182909996,19.766669427569404,0.5061209816501657,0.48008197002555336,0.0,0.16024902534153226,3.525856578128574,7.051713156257148,20.562113468423476,34.99999999999999,20.0,35.0,1024.6135396751858,1024.7630049942754,0.0014303346864654592,7.1269413547902865,0.08307107921373681,0.9314267471882908,0.0,0.9314267471882908,17.79000248481246,1.6990257877311594,10.470707751039393,0.9550452784824724,0.5621134684234653,18.45875881046841,0.0,0.0,20.204868713366753
21.127060476713215,20.280747483085843,0.0,6.907529270216818,19.84120622420993,0.5042911423019258,0.4782784621255692,0.0,0.15987266455207957,3.538901127773413,7.077802255546826,20.56000179553367,34.99999999999999,20.0,35.0,1024.6141060995672,1024.7630049942754,0.0014249141886217168,7.101543798782629,0.08311575293546279,0.9319937093074888,0.0,0.9319937093074888,17.857085601788935,1.6990498411177803,10.510042242222285,0.9514709617271301,0.560001795533656,18.48307643169436,0.0,0.0,20.280747483085843
21.207060476713213,20.3566154708202,0.0,6.932907377719773,19.915788507708452,0.5024741986413424,0.4764873655872785,0.0,0.15949956343499624,3.551950733663985,7.10390146732797,20.557904654732138,34.99999999999999,20.0,35.0,1024.614668589225,1024.7630049942754,0.001419531344807354,7.076325575668551,0.08316068182246249,0.9325639207977119,0.0,0.9325639207977119,17.924209656937606,1.6990733006241694,10.54940340146184,0.9479209031492996,0.5579046547321252,18.507474396630258,0.0,0.0,20.3566154708202
21.28706047671321,20.43247262724089,0.0,6.958317842540809,19.9904165385335,0.500670013185543,0.47470854753522596,0.0,0.1591296861060436,3.5650054246535134,7.130010849307027,20.555821890439034,34.99999999999999,20.0,35.0,1024.6152271866451,1024.7630049942754,0.0014141857484459932,7.051284784660258,0.08320586685667625,0.9331373946374159,0.0,0.9331373946374159,17.99137488468015,1.6990961809132816,10.588791315515524,0.9443948513129369,0.5558218904390186,18.53195263858815,0.0,0.0,20.43247262724089
21.36706047671321,20.508318902914578,0.0,6.983760766280952,20.065090578193658,0.4988784503930739,0.47294187697037005,0.0,0.15876299718239778,3.578065229706201,7.156130459412402,20.553753349271535,34.99999999999999,20.0,35.0,1024.6157819337066,1024.7630049942754,0.0014088769987708888,7.026419551651424,0.08325130902282953,0.9337141438494276,0.0,0.9337141438494276,18.05858152037429,1.6991184962860433,10.628206072647075,0.9408925581275813,0.5537533492715178,18.556511090567433,0.0,0.0,20.508318902914578
21.447060476713208,20.584154248303392,0.0,7.009236250400678,20.139810889241076,0.49709937662974424,0.47118722473709346,0.0,0.15839946177382083,3.5911301778975355,7.182260355795071,20.55169888000523,34.99999999999999,20.0,35.0,1024.6163328716937,1024.7630049942754,0.0014036047007030788,7.0017280287967125,0.08329700930835346,0.9342941815001273,0.0,0.9342941815001273,18.125829800316968,1.6991402606902883,10.667647762612143,0.9374137787945992,0.5516988800052138,18.58114968525428,0.0,0.0,20.584154248303392
21.527060476713206,20.659978613764828,0.0,7.034744396219291,20.214577735274933,0.49533266013519134,0.46944446349090807,0.0,0.15803904547401723,3.6042002984145975,7.208400596829195,20.54965833353631,34.999999999999986,20.0,35.0,1024.616880041308,1024.7630049942754,0.0013983684647425885,6.977208394074091,0.08334296870334319,0.934877520699055,0.0,0.934877520699055,18.19311996174744,1.6991614877294778,10.707116476644126,0.9339582717544366,0.549658333536295,18.605868355021013,0.0,0.0,20.659978613764828
21.607060476713205,20.735791949551636,0.0,7.060285304914283,20.28939138094492,0.49357817099014606,0.46771346766683763,0.0,0.15768171435217174,3.617275620556362,7.234551241112724,20.54763156284454,34.999999999999986,20.0,35.0,1024.617423482677,1024.7630049942754,0.0013931679068813962,6.952858850807708,0.08338918820059299,0.9354641745993781,0.0,0.9354641745993781,18.260452242850427,1.6991821906712024,10.746612307440248,0.9305257986348551,0.5476315628445255,18.63066703192547,0.0,0.0,20.735791949551636
21.687060476713203,20.81159420581172,0.0,7.085859077520708,20.364252091954743,0.4918357810843818,0.46599411344846,0.0,0.15732743494466492,3.6303561737340035,7.260712347468007,20.545618422957013,34.999999999999986,20.0,35.0,1024.6179632353644,1024.7630049942754,0.0013880026485076928,6.928677627226992,0.08343566879559053,0.9360541563979011,0.0,0.9360541563979011,18.32782688275927,1.6992023824554743,10.78613534914787,0.927116124200131,0.5456184229569988,18.655545647710493,0.0,0.0,20.81159420581172
21.7670604767132,20.887385332588018,0.0,7.111465814930553,20.43916013506557,0.4901053640853319,0.46428627873759515,0.0,0.1569761742469597,3.643441987471196,7.286883974942392,20.543618770912662,34.999999999999986,20.0,35.0,1024.6184993383806,1024.7630049942754,0.0013828723163057926,6.904662976050755,0.08348241148648508,0.936647479334784,0.0,0.936647479334784,18.395244121559013,1.6992220757028165,10.825685697350973,0.9237290163012014,0.5436187709126467,18.680504133803204,0.0,0.0,20.887385332588018
21.8470604767132,20.96316527981842,0.0,7.1371056178921,20.51411577809952,0.48838679540735763,0.4625898431246223,0.0,0.15662789970565763,3.656533091404414,7.313066182808828,20.5416324657275,34.99999999999999,20.0,35.0,1024.619031830192,1024.7630049942754,0.001377776542164743,6.880813174063432,0.083529417274082,0.9372441566935552,0.0,0.9372441566935552,18.462704200289565,1.699241282722149,10.865263449056922,0.9203642458267292,0.5416324657274834,18.705542421314423,0.0,0.0,20.96316527981842
21.927060476713198,21.038933997335658,0.0,7.162778587009295,20.589119289943145,0.4866799521816516,0.4609046878594097,0.0,0.15628257921071945,3.669629515283233,7.339259030566466,20.53965936836058,34.999999999999986,20.0,35.0,1024.6195607487293,1024.7630049942754,0.001372714963097819,6.857126521677592,0.0835766871618754,0.9378442018015534,0.0,0.9378442018015534,18.53020736094883,1.699260015518485,10.904868702683396,0.9170215866550753,0.5396593683605684,18.730660441038143,0.0,0.0,21.038933997335658
22.007060476713196,21.114691434867222,0.0,7.188484822741111,20.664170940550914,0.48498471322676145,0.45923069582284437,0.0,0.15594018108784613,3.682731288970633,7.365462577941266,20.53769934168069,34.99999999999999,20.0,35.0,1024.6200861313996,1024.7630049942754,0.0013676872211337279,6.833601342580254,0.08362422215595473,0.9384476280289553,0.0,0.9384476280289553,18.59775384649582,1.6992782858004314,10.944501558045566,0.9137008156071539,0.5376993416806727,18.755858123450963,0.0,0.0,21.114691434867222
22.087060476713194,21.190437542035255,0.0,7.214224425400917,20.739271000948623,0.4833009590197198,0.4575677514989479,0.0,0.1556006740910139,3.6958384424432853,7.391676884886571,20.535752250433646,34.99999999999999,20.0,35.0,1024.6206080150926,1024.7630049942754,0.0013626929632491556,6.81023598328886,0.08367202326507596,0.9390544487896495,0.0,0.9390544487896495,18.66534390085376,1.6992961049875088,10.98416211634344,0.910401712400157,0.5357522504336283,18.78113539871119,0.0,0.0,21.190437542035255
22.167060476713193,21.26617226835647,0.0,7.23999749515584,20.814419743236954,0.48162857166776346,0.45591574094756,0.0,0.15526402739516745,3.7089510057918633,7.417902011583727,20.53381796121036,34.999999999999986,20.0,35.0,1024.6211264361905,1024.7630049942754,0.0013577318412773798,6.787028812779469,0.08372009150062626,0.9396646775409191,0.0,0.9396646775409191,18.73297776891326,1.6993134842172903,11.023850480149479,0.9071240596021223,0.5338179612103454,18.806492196658677,0.0,0.0,21.26617226835647
22.24706047671319,21.34189556324207,0.0,7.265804132026126,20.88961744059489,0.4799674348806307,0.4542745517775817,0.0,0.15493021058905765,3.722069009221331,7.444138018442662,20.5318963424155,34.99999999999999,20.0,35.0,1024.6216414305775,1024.7630049942754,0.0013528035118190592,6.7639782221218425,0.08376842787658838,0.9402783277831157,0.0,0.9402783277831157,18.8006556965354,1.6993304343523592,11.063566753396385,0.9038676425873344,0.5318963424154833,18.831928446814032,0.0,0.0,21.34189556324207
22.32706047671319,21.417607375997644,0.0,7.291644435884507,20.964864367283162,0.47831743394342213,0.45264407312076294,0.0,0.1545991936682252,3.7351924830512346,7.470384966102469,20.529987264236773,34.99999999999999,20.0,35.0,1024.6221530336466,1024.7630049942754,0.0013479076361747797,6.74108262407209,0.08381703340959291,0.9408954130603253,0.0,0.9408954130603253,18.868377930554846,1.699346965987102,11.103311041365084,0.9006322494925407,0.5299872642367588,18.85744407837782,0.0,0.0,21.417607375997644
22.407060476713188,21.493307655823113,0.0,7.317518506455558,21.040160798647765,0.47667845569000944,0.4510241956060187,0.0,0.15427094702813,3.748321457716006,7.496642915432012,20.528090598614884,34.99999999999999,20.0,35.0,1024.6226612803096,1024.7630049942754,0.001343043880249316,6.7183404527476345,0.08386590911883933,0.9415159469595585,0.0,0.9415159469595585,18.936144718782987,1.6993630894543292,11.143083450672947,0.8974176711739591,0.5280905986148744,18.883039020230328,0.0,0.0,21.493307655823113
22.487060476713186,21.568996351812636,0.0,7.343426443315061,21.11550701112338,0.47505038847698355,0.44941481133426653,0.0,0.15394544145741584,3.7614559637652487,7.522911927530497,20.526206219214064,34.999999999999986,20.0,35.0,1024.6231662050047,1024.7630049942754,0.001338211914479826,6.695750163253843,0.08391505602611408,0.9421399431110329,0.0,0.9421399431110329,19.00395631001104,1.699378814831732,11.182884089262208,0.8942237011650678,0.5262062192140553,18.908713200930762,0.0,0.0,21.568996351812636
22.567060476713184,21.644673412954532,0.0,7.369368345889365,21.19090328223686,0.47343312215812505,0.4478158138537686,0.0,0.1536226481313125,3.774596031864032,7.549192063728064,20.52433400139319,34.999999999999986,20.0,35.0,1024.6236678417038,1024.7630049942754,0.0013334114137683992,6.673310231310796,0.08396447515582361,0.9427674151886202,0.0,0.9427674151886202,19.071812954013172,1.6993941519481832,11.222713066388554,0.8910501356351597,0.5243340013931794,18.934466548716742,0.0,0.0,21.644673412954532
22.647060476713182,21.720338788131215,0.0,7.395344313454743,21.266349890610677,0.47182654805938773,0.4462270981359696,0.0,0.15330253860516949,3.7877416927931837,7.5754833855863675,20.522473822177492,34.999999999999986,20.0,35.0,1024.6241662239208,1024.7630049942754,0.0013286420573950205,6.651019152939966,0.08401416753493106,0.9433983769092161,0.0,0.9433983769092161,19.13971490154961,1.69940911038988,11.262570492609962,0.887896773348641,0.5224738221774855,18.9602989915037,0.0,0.0,21.720338788131215
22.72706047671318,21.795992426119128,0.0,7.421354445136752,21.341847115966377,0.47023055895438187,0.444648560551817,0.0,0.15298508480811956,3.800892977449579,7.601785954899158,20.520625560230854,34.99999999999998,20.0,35.0,1024.6246613847206,1024.7630049942754,0.0013239035289414147,6.628875444134297,0.08406413419293352,0.9440328420325632,0.0,0.9440328420325632,19.20766240436974,1.6994236995063354,11.30245647977568,0.8847634156250669,0.5206255602308484,18.986210456884294,0.0,0.0,21.795992426119128
22.80706047671318,21.871634275588665,0.0,7.447398839909594,21.417395239128027,0.4686450490403465,0.44308009884855404,0.0,0.1526702590368679,3.814049916846426,7.628099833692852,20.51878909582861,34.99999999999998,20.0,35.0,1024.625153356724,1024.7630049942754,0.001319195516236648,6.6068776404842025,0.08411437616193564,0.9446708243621568,0.0,0.9446708243621568,19.275655715215223,1.6994379284162222,11.342371141015441,0.8816498662998905,0.5187890958286057,19.01220087212777,0.0,0.0,21.871634275588665
22.887060476713177,21.94726428510412,0.0,7.473477596595468,21.4929945420257,0.4670699139145978,0.441521612126972,0.0,0.1523580339496066,3.82721254211356,7.65442508422712,20.51696431083093,34.99999999999998,20.0,35.0,1024.6256421721168,1024.7630049942754,0.0013145177112722692,6.585024296889909,0.08416489447657441,0.9453123377444805,0.0,0.9453123377444805,19.34369508782313,1.699451806013072,11.382314590728875,0.8785559316859158,0.5169643108309233,19.038270164179576,0.0,0.0,21.94726428510412
22.967060476713176,22.022882403123614,0.0,7.499590813863929,21.56864530769889,0.46550505055144453,0.4399730008191146,0.0,0.15204838256004663,3.8403808844977267,7.6807617689954535,20.515151088656694,34.99999999999997,20.0,35.0,1024.6261278626575,1024.7630049942754,0.001309869810130504,6.5633139872510675,0.084215690173996,0.9459573960688262,0.0,0.9459573960688262,19.411780776929,1.6994653409708347,11.42228694457508,0.8754814205354399,0.5151510886566909,19.06441825966055,0.0,0.0,22.022882403123614
23.047060476713174,22.098488577999053,0.0,7.525738590231244,21.644347820299988,0.46395035727955874,0.43843416666642127,0.0,0.1517412782315708,3.8535549753628677,7.7071099507257355,20.513349314257937,34.99999999999997,20.0,35.0,1024.626610459683,1024.7630049942754,0.0013052515129276837,6.541745304127874,0.08426676429390068,0.946606013267879,0.0,0.946606013267879,19.479913038269988,1.6994785417492997,11.462288319462399,0.8724261440030692,0.5133493142579296,19.090645084866534,0.0,0.0,22.098488577999053
23.127060476713172,22.174082757976052,0.0,7.551921024059747,21.720102365097716,0.462405733759791,0.4369050126983001,0.0,0.15143669467149934,3.866734846190408,7.733469692380816,20.51155887409471,34.99999999999997,20.0,35.0,1024.6270899941162,1024.7630049942754,0.0013006625237402631,6.520316858455229,0.08431811787849731,0.9472582033172877,0.0,0.9472582033172877,19.548092128587943,1.699491416599383,11.502318833538402,0.8693899156091945,0.5115588740947044,19.116950565767702,0.0,0.0,22.174082757976052
23.20706047671317,22.249664891193905,0.0,7.578138213557194,21.795909228480575,0.4608710809634208,0.4353854432111219,0.0,0.1511346059254694,3.8799205285795377,7.7598410571590755,20.509779656110535,34.99999999999997,20.0,35.0,1024.6275664964721,1024.7630049942754,0.0012961025505504248,6.499027279217068,0.08436975197254805,0.9479139802362472,0.0,0.9479139802362472,19.616318305632518,1.699503973568285,11.542378606180026,0.8663725512041162,0.509779656110528,19.143334628008034,0.0,0.0,22.249664891193905
23.28706047671317,22.325234925685525,0.0,7.604390256776115,21.8717686979603,0.4593463011508317,0.43387536374762287,0.0,0.15083498637192408,3.893112054247496,7.786224108494992,20.50801154970825,34.99999999999997,20.0,35.0,1024.6280399968666,1024.7630049942754,0.001291571305159041,6.477875213211546,0.08442166762324232,0.948573358086166,0.0,0.948573358086166,19.68459182816427,1.6995162205045204,11.582467757983903,0.8633738689328021,0.5080115497082457,19.169797196904785,0.0,0.0,22.325234925685525
23.367060476713167,22.400792809377393,0.0,7.630677251613166,21.947681062175263,0.45783129785060217,0.4323746810767109,0.0,0.15053781071670772,3.9063094550298496,7.812618910059699,20.506254445726395,34.999999999999964,20.0,35.0,1024.6285105250208,1024.7630049942754,0.001287068503144335,6.456859324710496,0.08447386588029379,0.9492363509718359,0.0,0.9492363509718359,19.752912955957736,1.6995281650628227,11.62258641075688,0.8603936892002669,0.5062544457263894,19.19633819744775,0.0,0.0,22.400792809377393
23.447060476713165,22.476338490089528,0.0,7.656999295808488,22.023646610893984,0.456325975839001,0.4308833031736607,0.0,0.15024305398776913,3.919512762880779,7.839025525761558,20.504508236415994,34.999999999999964,20.0,35.0,1024.6289781102678,1024.7630049942754,0.001282593863798777,6.435978295182016,0.0845263477959239,0.9499029730413303,0.0,0.9499029730413303,19.821281949804586,1.6995398147089298,11.662734687506724,0.85743183463756,0.5045082364159896,19.222957554299015,0.0,0.0,22.476338490089528
23.527060476713164,22.55187191553544,0.0,7.68335648694505,22.099665635018507,0.45483024111988085,0.42940113920069495,0.0,0.14995069152996376,3.9327220098733555,7.865444019746711,20.502772815417845,34.99999999999997,20.0,35.0,1024.6294427815592,1024.7630049942754,0.0012781471100638093,6.415230823027,0.08457911442482681,0.950573238485695,0.0,0.950573238485695,19.889699071516656,1.6995511767242495,11.702912712432983,0.8544881300683516,0.5027728154178386,19.249655191792122,0.0,0.0,22.55187191553544
23.607060476713162,22.62739303332209,0.0,7.709748922448007,22.17573842658786,0.45334400090495897,0.4279280994879388,0.0,0.14966069899995849,3.945937228199817,7.891874456399634,20.501048077740197,34.99999999999997,20.0,35.0,1024.629904567473,1024.7630049942754,0.0012737279684580415,6.394615623340268,0.08463216682409108,0.9512471615381477,0.0,0.9512471615381477,19.958164583929072,1.6995622582104115,11.743120610918028,0.8515624024761032,0.50104807774019,19.27643103393162,0.0,0.0,22.62739303332209
23.68706047671316,22.702901790949863,0.0,7.736176699584046,22.25186527878151,0.4518671635944762,0.4264640955147397,0.0,0.14937305236123458,3.9591584501718518,7.9183169003437035,20.499333919736895,34.99999999999997,20.0,35.0,1024.630363496216,1024.7630049942754,0.0012693361690511397,6.374131427565087,0.08468550605335912,0.9519247564759566,0.0,0.9519247564759566,20.026678750903358,1.6995730660937054,11.783358509518292,0.8486544809718094,0.4993339197368871,19.30328500439261,0.0,0.0,22.702901790949863
23.76706047671316,22.778398135812534,0.0,7.762639915460739,22.328046485922755,0.4503996387582282,0.4250090398913471,0.0,0.1490877278791846,3.972385708220869,7.944771416441738,20.49763023908592,34.99999999999997,20.0,35.0,1024.6308195956335,1024.7630049942754,0.0012649714453724385,6.3537769833194195,0.08473913317463279,0.9526060376183386,0.0,0.9526060376183386,20.09524183733048,1.69958360712941,11.823626535955631,0.845764196762306,0.4976302390859126,19.33021702652001,0.0,0.0,22.778398135812534
23.847060476713157,22.853882015197243,0.0,7.789138667025891,22.40428234348218,0.4489413371169574,0.4235628463409408,0.0,0.14880470211630464,3.985619034898275,7.97123806979655,20.495936934768356,34.99999999999998,20.0,35.0,1024.6312728932128,1024.7630049942754,0.0012606335343783037,6.333551054082378,0.08479304925238706,0.9532910193278205,0.0,0.9532910193278205,20.16385410913396,1.6995938879060155,11.863924819108897,0.8428913831191239,0.49593693476834527,19.357227023328118,0.0,0.0,22.853882015197243
23.927060476713155,22.92935337628446,0.0,7.815673051066887,22.48057314808111,0.44749217052409995,0.4221254296820012,0.0,0.14852395192747886,3.9988584628757535,7.997716925751507,20.494253907047728,34.99999999999998,20.0,35.0,1024.6317234160892,1024.7630049942754,0.001256322176391206,6.313452418959234,0.0848472553535271,0.9539797160098421,0.0,0.9539797160098421,20.232515833273,1.6996039148493423,11.904253489005681,0.8400358753478849,0.4942539070477182,19.384314917500152,0.0,0.0,22.92935337628446
24.007060476713153,23.004812166147975,0.0,7.842243164210044,22.556919197494963,0.4460520519478796,0.420696705811016,0.0,0.1482454544553503,4.012104024945527,8.024208049891055,20.49258105744978,34.999999999999986,20.0,35.0,1024.6321711910518,1024.7630049942754,0.001252037115049676,6.2934798724264684,0.08490175254739872,0.9546721421129586,0.0,0.9546721421129586,20.301227277745465,1.6996136942265565,11.944612676814156,0.8371975107582291,0.49258105744977115,19.41148063138743,0.0,0.0,23.004812166147975
24.08706047671315,23.080258331754873,0.0,7.868849102919953,22.63332079065677,0.4446208954537386,0.41927659168551146,0.0,0.147969187125784,4.025355754020645,8.05071150804129,20.49091828874259,34.99999999999998,20.0,35.0,1024.6326162445507,1024.7630049942754,0.0012477780972343251,6.273632224144161,0.08495654190565685,0.9553683121274477,0.0,0.9553683121274477,20.369988711591095,1.6996232321500866,11.985002514835186,0.8343761286342556,0.49091828874258137,19.43872408700919,0.0,0.0,23.080258331754873
24.16706047671315,23.155691819965522,0.0,7.895490963498833,22.709778227660543,0.44319861618710255,0.41786500530740645,0.0,0.14769512764341222,4.03861368313524,8.07722736627048,20.489265504917082,34.99999999999998,20.0,35.0,1024.6330586026988,1024.7630049942754,0.0012435448730526127,6.253908298627826,0.08501162450246146,0.9560682405875975,0.0,0.9560682405875975,20.438800404894486,1.699632534581446,12.025423136494487,0.8315715702054777,0.4892655049170741,19.466045206051852,0.0,0.0,23.155691819965522
24.24706047671315,23.231112577533555,0.0,7.922168842085871,22.7862918097647,0.4417851303564669,0.41646186570667776,0.0,0.1474232539872647,4.051877845444803,8.103755690889606,20.487622611167904,34.99999999999998,20.0,35.0,1024.6334982912797,1024.7630049942754,0.0012393371957648653,6.234306935074729,0.08506700141433611,0.9567719420702038,0.0,0.9567719420702038,20.50766262878823,1.6996416073349567,12.065874676335035,0.8287836786182718,0.4876226111678963,19.493443909868475,0.0,0.0,23.231112577533555
24.327060476713147,23.306520551105866,0.0,7.9488828346565725,22.862861839395496,0.4403803552168015,0.41506709292533195,0.0,0.14715354440648098,4.065148274226459,8.130296548452918,20.48598951387466,34.99999999999998,20.0,35.0,1024.6339353357534,1024.7630049942754,0.0012351548217255297,6.21482698715872,0.0851226737201027,0.9574794311939208,0.0,0.9574794311939208,20.576575655455944,1.6996504560813848,12.106357270009564,0.82601229890782,0.4859895138746504,19.520920119478312,0.0,0.0,23.306520551105866
24.407060476713145,23.381915687222598,0.0,7.975633037022102,22.939488620150463,0.43898420905326574,0.4136806080016771,0.0,0.14688597741610362,4.078425002879225,8.15685000575845,20.484366120583484,34.99999999999998,20.0,35.0,1024.6343697612585,1024.7630049942754,0.00123099751036794,6.195467322722216,0.08517864250106799,0.9581907226214484,0.0,0.9581907226214484,20.645539758135417,1.6996590863514855,12.146871054273273,0.823257277970527,0.4843661205834776,19.54847375556629,0.0,0.0,23.381915687222598
24.487060476713143,23.45729793231715,0.0,8.002419544828632,23.016172456801794,0.4375966111652255,0.41230233295488716,0.0,0.14662053179294815,4.091708064924281,8.183416129848561,20.48275233998899,34.99999999999998,20.0,35.0,1024.6348015926203,1024.7630049942754,0.001226865024121634,6.176226823644263,0.08523490884080832,0.9589058310571962,0.0,0.9589058310571962,20.714555211121613,1.699667503539458,12.18741616697664,0.8205184645369112,0.48275233998898587,19.576104738482453,0.0,0.0,23.45729793231715
24.56706047671314,23.532667232716157,0.0,8.029242453556686,23.092913655299736,0.43621748185056874,0.410932190769854,0.0,0.14635718657155042,4.1049974940052305,8.209994988010461,20.48114808191652,34.99999999999998,20.0,35.0,1024.6352308543535,1024.7630049942754,0.0012227571283884187,6.1571043855671554,0.08529147382529545,0.9596247712487862,0.0,0.9596247712487862,20.78362228976976,1.699675712906319,12.227992747058385,0.8177957091449567,0.4811480819165127,19.603812988241298,0.0,0.0,23.532667232716157
24.64706047671314,23.608023534639518,0.0,8.056101858520481,23.169712522776084,0.4348467423903096,0.40957010538231725,0.0,0.14609592104019137,4.118293323888378,8.236586647776756,20.479553257304723,34.99999999999998,20.0,35.0,1024.6356575706689,1024.7630049942754,0.0012186735914792698,6.138098917727751,0.0853483385427832,0.9603475579858697,0.0,0.9603475579858697,20.852741270498473,1.6996837195831902,12.26860093453866,0.8150888641139123,0.4795532573047148,19.631598424521613,0.0,0.0,23.608023534639518
24.727060476713138,23.683366784200377,0.0,8.082997854867273,23.246569367547522,0.433484315033478,0.40821600166427213,0.0,0.14583671473699122,4.131595588462977,8.263191176925954,20.47796777818849,34.99999999999998,20.0,35.0,1024.6360817654754,1024.7630049942754,0.001214614184592571,6.119209342690799,0.08540550408394114,0.9610742061017148,0.0,0.9610742061017148,20.92191243079277,1.699691528574505,12.30924087051227,0.8123977835185408,0.47796777818848185,19.659460966665616,0.0,0.0,23.683366784200377
24.807060476713136,23.75869692740515,0.0,8.109930537576696,23.323484499119083,0.4321301229822862,0.4068698054096426,0.0,0.1455795474460797,4.144904321741503,8.289808643483006,20.476391557682167,34.99999999999998,20.0,35.0,1024.6365034623877,1024.7630049942754,0.0012105786817444878,6.100434596208663,0.08546297154168868,0.9618047304714323,0.0,0.9618047304714323,20.991136049207174,1.6996991447611371,12.349912697142123,0.8097223231637974,0.4763915576821625,19.68740053367876,0.0,0.0,23.75869692740515
24.887060476713135,23.834013910153534,0.0,8.136900001460111,23.400458228187492,0.4307840903775688,0.40553144332022023,0.0,0.1453243991938325,4.158219557859909,8.316439115719819,20.474824509963106,34.99999999999998,20.0,35.0,1024.636922684729,1024.7630049942754,0.0012065668597406793,6.081773626982786,0.08552074201127874,0.9625391460130057,0.0,0.9625391460130057,21.06041240536874,1.6997065729034513,12.390616557652766,0.807062340559941,0.4748245099630998,19.71541704422887,0.0,0.0,23.834013910153534
24.967060476713133,23.90931767823851,0.0,8.163906341159938,23.47749086664464,0.42944614228448713,0.40420084299185743,0.0,0.14507125024518056,4.171541331077886,8.343082662155773,20.473266550255474,34.99999999999998,20.0,35.0,1024.6373394555358,1024.7630049942754,0.0012025784981262533,6.063225396485582,0.08557881659024136,0.9632774676867442,0.0,0.9632774676867442,21.129741779980176,1.6997138176442785,12.431352596324116,0.8044176948980553,0.47326655025546566,19.743510416645975,0.0,0.0,23.90931767823851
25.04706047671313,23.984608177346374,0.0,8.19094965114901,23.55458272758096,0.4281162046784957,0.4028779329009143,0.0,0.1448200810999844,4.184869675779127,8.369739351558254,20.4717175948144,34.99999999999998,20.0,35.0,1024.6377537975623,1024.7630049942754,0.0011986133791531276,6.044788878744016,0.08563719637843316,0.9640197104959326,0.0,0.9640197104959326,21.199124454822865,1.6997208835118172,12.472120958485288,0.8017882470259876,0.47171759481439196,19.771680568921656,0.0,0.0,23.984608177346374
25.12706047671313,24.059885353056757,0.0,8.2180300257299,23.631734125288812,0.4267942044315634,0.4015626423909515,0.0,0.1445708724894745,4.198204626471574,8.396409252943148,20.470177560910393,34.99999999999998,20.0,35.0,1024.6381657332847,1024.7630049942754,0.001194671287729985,6.026463060172508,0.08569588247797019,0.9647658894861638,0.0,0.9647658894861638,21.26856071275993,1.6997277749224646,12.512921790508555,0.7991738594246881,0.4701775609103896,19.79992741870848,0.0,0.0,24.059885353056757
25.207060476713128,24.135149150842647,0.0,8.245147559034274,23.708945375265902,0.42548006929864374,0.4002549016596639,0.0,0.14432360537275757,4.211546217787684,8.423092435575368,20.468646366814056,34.99999999999998,20.0,35.0,1024.638575284906,1024.7630049942754,0.0011907520113831063,6.008246939383715,0.08575487599322493,0.965516019745396,0.0,0.965516019745396,21.33805083773931,1.6997344961835772,12.553755239803479,0.7965743961849413,0.4686463668140489,19.828250883319665,0.0,0.0,24.135149150842647
25.287060476713126,24.210399516070417,0.0,8.272302345022222,23.786216794218685,0.4241737279043903,0.3989546417460501,0.0,0.14407826093338494,4.224894484484683,8.449788968969367,20.46712393178102,34.99999999999998,20.0,35.0,1024.6389824743596,1024.7630049942754,0.0011868553402150292,5.990139527009999,0.08581417803080393,0.9662701164037936,0.0,0.9662701164037936,21.407595114796816,1.6997410514961615,12.594621454811149,0.7939897229844886,0.4671239317810179,19.856650879728495,0.0,0.0,24.210399516070417
25.367060476713124,24.285636393999855,0.0,8.299494477481602,23.86354870006577,0.422875109730111,0.3976617945178138,0.0,0.1438348205759837,4.238249461444819,8.476498922889638,20.465610176037256,34.99999999999998,20.0,35.0,1024.6393873233121,1024.7630049942754,0.0011829810668849655,5.972139845475108,0.08587378969966873,0.9670281946351789,0.0,0.9670281946351789,21.477193830059193,1.6997474449575014,12.635520584998547,0.7914197070655281,0.46561017603724997,19.88512732456793,0.0,0.0,24.285636393999855
25.447060476713123,24.3608597297842,0.0,8.32672405002738,23.940941411941278,0.42158414510095654,0.39637629265899116,0.0,0.14359326592294705,4.251611183675611,8.503222367351222,20.46410502076452,34.99999999999998,20.0,35.0,1024.6397898531707,1024.7630049942754,0.0011791289865326438,5.954246928913572,0.08593371211086902,0.967790269654119,0.0,0.967790269654119,21.54684727074715,1.6997536805637181,12.67645278085305,0.7888642172125899,0.4641050207645178,19.913680134129965,0.0,0.0,24.3608597297842
25.52706047671312,24.436069468470176,0.0,8.35399115610097,24.01839525019828,0.42030076517333886,0.3950980696577993,0.0,0.14335357881118596,4.2649796863101095,8.529959372620219,20.46260838808619,34.99999999999998,20.0,35.0,1024.6401900850828,1024.7630049942754,0.0011752988967826613,5.936459822891836,0.08599394637781696,0.9685563567191093,0.0,0.9685563567191093,21.616555725178454,1.699759762212269,12.717418193877059,0.7863231237307751,0.46260838808618504,19.942309224365363,0.0,0.0,24.436069468470176
25.60706047671312,24.511265554998044,0.0,8.381295888969563,24.09591053641217,0.41902490192257336,0.39382705979470245,0.0,0.14311574128893736,4.27835500460714,8.55671000921428,20.461120201053237,34.99999999999998,20.0,35.0,1024.6405880399443,1024.7630049942754,0.0011714905976705056,5.918777584331875,0.08605449361602208,0.9693264711296787,0.0,0.9693264711296787,21.68631948277095,1.6997656937043826,12.758416976582751,0.7837962984243542,0.4611202010532337,19.971014510883027,0.0,0.0,24.511265554998044
25.687060476713118,24.586447934201626,0.0,8.40863834172548,24.17348759338403,0.41775648813074157,0.3925631981306902,0.0,0.1428797356126294,4.291737173951557,8.583474347903113,20.459640383630546,34.99999999999998,20.0,35.0,1024.640983738399,1024.7630049942754,0.0011677038916403757,5.901199281258218,0.08611535494331717,0.9701006282290283,0.0,0.9701006282290283,21.75613883404563,1.6997714787474334,12.799449282486956,0.7812836145757188,0.459640383630539,19.99979590894954,0.0,0.0,24.586447934201626
25.767060476713116,24.661616550808372,0.0,8.436018607285497,24.25112674514407,0.4164954573747691,0.3913064204957633,0.0,0.1426455442438037,4.305126229854488,8.610252459708976,20.458168860683397,34.999999999999986,20.0,35.0,1024.641377200846,1024.7630049942754,0.0011639385834799074,5.883723992708907,0.0861765314796398,0.9708788434016624,0.0,0.9708788434016624,21.82601407062966,1.6997771209572627,12.840515266106133,0.7787849469246794,0.4581688606833886,20.028653333488798,0.0,0.0,24.661616550808372
25.847060476713114,24.736771349439394,0.0,8.463436778390193,24.32882831695495,0.4152417440147145,0.3900566634776244,0.0,0.14241314984609021,4.3185222079535865,8.637044415907173,20.45670555796425,34.99999999999998,20.0,35.0,1024.6417684474409,1024.7630049942754,0.0011601944803049415,5.866350808524541,0.08623802434716046,0.9716611320749274,0.0,0.9716611320749274,21.895945485259453,1.699782623860435,12.881615082951498,0.7763001716480998,0.45670555796424,20.05758669908139,0.0,0.0,24.736771349439394
25.927060476713113,24.811912274609533,0.0,8.490892947603276,24.406592635315224,0.4139952831822647,0.388813864410567,0.0,0.14218253528223782,4.3319251440132716,8.663850288026543,20.455250402099722,34.99999999999998,20.0,35.0,1024.6421574981005,1024.7630049942754,0.001156471391520357,5.849078829202183,0.08629983467023879,0.9724475097186112,0.0,0.9724475097186112,21.965933371783702,1.6997879908964437,12.922748889524266,0.7738291663398666,0.4552504020997114,20.086595919964335,0.0,0.0,24.811912274609533
26.00706047671311,24.887039270727403,0.0,8.518387207310933,24.484420027962727,0.4127560107694325,0.38757796136455996,0.0,0.1419536836111961,4.345335073924986,8.690670147849971,20.453803320577812,34.99999999999998,20.0,35.0,1024.6425443725066,1024.7630049942754,0.0011527691287765546,5.831907165764582,0.08636196357534061,0.9732379918441063,0.0,0.9732379918441063,22.035978025166454,1.6997932254198616,12.963916843310988,0.7713718099911845,0.45380332057780143,20.115680910030616,0.0,0.0,24.887039270727403
26.08706047671311,24.962152282095463,0.0,8.545919649721155,24.562310823877866,0.4115238634174532,0.3863488931345258,0.0,0.14172657808524636,4.358752033707418,8.717504067414836,20.452364241735346,34.99999999999998,20.0,35.0,1024.6429290901083,1024.7630049942754,0.0011490875059520485,5.814834939567639,0.08642441219114215,0.9740325940056748,0.0,0.9740325940056748,22.106079741490078,1.6997983307024354,13.005119102778988,0.7689279829711947,0.45236424173533457,20.144841582828434,0.0,0.0,24.962152282095463
26.167060476713107,25.03725125291007,0.0,8.573490366863078,24.640265353287102,0.41029877850587415,0.3851265992298028,0.0,0.1415012021471875,4.3721760595067645,8.744352119013529,20.450933094745633,34.99999999999998,20.0,35.0,1024.6433116701266,1024.7630049942754,0.001145426339107773,5.797861282183492,0.08648718164842242,0.9748313317993337,0.0,0.9748313317993337,22.176238817958392,1.6998033099351333,13.046355827371972,0.7664975670079035,0.45093309474562326,20.174077851561133,0.0,0.0,25.03725125291007
26.247060476713106,25.112336127261553,0.0,8.601099450586322,24.71828394766628,0.4090806941418354,0.3839110198637935,0.0,0.14127753942756718,4.385607187596965,8.77121437519393,20.449509809606358,34.99999999999998,20.0,35.0,1024.6436921315567,1024.7630049942754,0.0011417854464674995,5.78098533522163,0.08655027308014526,0.9756342208638751,0.0,0.9756342208638751,22.24645555289965,1.699808166230138,13.087627177505682,0.7640804451694244,0.4495098096063478,20.203389629086594,0.0,0.0,25.112336127261553
26.327060476713104,25.187406849134277,0.0,8.628746992560322,24.796366939743983,0.4078695491495366,0.3827020959437929,0.0,0.14105557374196231,4.3990454543799355,8.798090908759871,20.448094317127655,34.99999999999997,20.0,35.0,1024.644070493172,1024.7630049942754,0.0011381646483743183,5.764206250214548,0.08661368762135718,0.9764412768798099,0.0,0.9764412768798099,22.316730245769584,1.699812902622792,13.128933314563692,0.7616765018455214,0.44809431712764575,20.23277682791671,0.0,0.0,25.187406849134277
26.407060476713102,25.262463362406717,0.0,8.656433084273665,24.874514663504975,0.40666528305988614,0.3814997690609916,0.0,0.14083528908830845,4.412490896385821,8.824981792771641,20.446686548920418,34.99999999999998,20.0,35.0,1024.644446773527,1024.7630049942754,0.0011345637672667047,5.74752318845772,0.08667742640922876,0.9772525155699323,0.0,0.9772525155699323,22.387063197154475,1.6998175220734946,13.170274400893328,0.7592856227294481,0.44668654892040766,20.26223936021719,0.0,0.0,25.262463362406717
26.4870604767131,25.337505610851537,0.0,8.68415781703343,24.952727454193475,0.40546783610032966,0.3803039814806538,0.0,0.14061666964427197,4.425943550273216,8.851887100546431,20.445286437384784,34.99999999999997,20.0,35.0,1024.6448209909615,1024.7630049942754,0.0011309826276415282,5.7309353208864575,0.08674149058299141,0.9780679526987018,0.0,0.9780679526987018,22.457454708774126,1.6998220274695528,13.211650599801622,0.7569076948000846,0.4452864373847763,20.291777137806807,0.0,0.0,25.337505610851537
26.5670604767131,25.412533538135666,0.0,8.711921281964516,25.031005648316647,0.4042771491848529,0.37911467613246214,0.0,0.14039969976467254,4.439403452829424,8.878806905658848,20.44389391569885,34.99999999999998,20.0,35.0,1024.6451931636007,1024.7630049942754,0.0011274210560453482,5.71444182788482,0.08680588128409333,0.9788876040741017,0.0,0.9788876040741017,22.52790508348498,1.699826421626986,13.253062075551476,0.7545426063043539,0.4438939156988422,20.32139007215741,0.0,0.0,25.412533538135666
26.647060476713097,25.48754708782038,0.0,8.739723570008982,25.109349583647848,0.4030931639041584,0.3779317966010316,0.0,0.1401843639789444,4.452870640970668,8.905741281941337,20.442508917807544,34.99999999999997,20.0,35.0,1024.645563309362,1024.7630049942754,0.0011238788810134905,5.698041899230533,0.08687059965593899,0.979711485544796,0.0,0.979711485544796,22.598414625283063,1.6998307072922856,13.294508993357812,0.7521902467399276,0.44250891780753593,20.35107807439302,0.0,0.0,25.48754708782038
26.727060476713095,25.5625462033614,0.0,8.767564771925377,25.187759599230063,0.4019158225160078,0.3767552871165832,0.0,0.13997064698864575,4.466345151742343,8.932690303484685,20.44113137841172,34.99999999999998,20.0,35.0,1024.645931445956,1024.7630049942754,0.0011203559330613428,5.681734733911147,0.08693564684403576,0.980539613001883,0.0,0.980539613001883,22.668983639307054,1.6998348871441322,13.33599151938391,0.7498505068382029,0.44113137841170896,20.380841055289746,0.0,0.0,25.5625462033614
26.807060476713094,25.63753082810896,0.0,8.795444978288081,25.266236035379276,0.40074506793573156,0.375585092545778,0.0,0.13975853366500907,4.479827022319242,8.959654044638484,20.439761232957412,34.99999999999997,20.0,35.0,1024.6462975908896,1024.7630049942754,0.001116852044653892,5.665519539998868,0.08700102399596664,0.9813720023786854,0.0,0.9813720023786854,22.739612431841348,1.6998389637950688,13.37750982073783,0.7475232785475507,0.4397612329574012,20.410678925275302,0.0,0.0,25.63753082810896
26.887060476713092,25.71250090530792,0.0,8.823364279486634,25.344779233687788,0.399580843726899,0.3744211583827085,0.0,0.13954800904653278,4.493316290005788,8.986632580011577,20.438398417625304,34.99999999999997,20.0,35.0,1024.6466617614692,1024.7630049942754,0.001113367050175263,5.64939553452884,0.08706673226135771,0.9822086696504827,0.0,0.9822086696504827,22.81030131031901,1.6998429397931352,13.419064065468861,0.7452084550168366,0.43839841762529297,20.440591594428533,0.0,0.0,25.71250090530792
26.96706047671309,25.787456378097847,0.0,8.851322765725074,25.423389537027617,0.3984230940921474,0.3732634307400412,0.0,0.13933905833661503,4.5068129922362665,9.013625984472533,20.437042869320344,34.99999999999997,20.0,35.0,1024.6470239748035,1024.7630049942754,0.0011099007859004305,5.633361943375286,0.08713277279185876,0.9830496308343896,0.0,0.9830496308343896,22.881050583324853,1.6998468176234596,13.460654422564172,0.7429059305791955,0.4370428693203342,20.47057897247907,0.0,0.0,25.787456378097847
27.04706047671309,25.86239718951312,0.0,8.879320527021267,25.50206728955382,0.3972717638641666,0.372111856340311,0.0,0.13913166690122664,4.52031716657505,9.0406343331501,20.43569452566156,34.99999999999997,20.0,35.0,1024.6473842478056,1024.7630049942754,0.0011064530899756368,5.617418001108891,0.08719914674119318,0.9838949019900218,0.0,0.9838949019900218,22.951860560598437,1.6998505997098121,13.502281061945464,0.7406156007360699,0.4356945256615512,20.50064096880686,0.0,0.0,25.86239718951312
27.127060476713087,25.937323282483042,0.0,8.907357653206248,25.5808128367079,0.3961267984968353,0.37096638250736114,0.0,0.13892582026662495,4.533828850716835,9.06765770143367,20.434353324972033,34.99999999999997,20.0,35.0,1024.6477425971975,1024.7630049942754,0.0011030238023770499,5.601562950912627,0.087265855265021,0.9847444992180473,0.0,0.9847444992180473,23.022731553037108,1.6998542884161196,13.54394415446579,0.7383373621414956,0.4343533249720241,20.530777492441906,0.0,0.0,25.937323282483042
27.207060476713085,26.012234599831924,0.0,8.935434233923544,25.6596265252211,0.3949881440565075,0.3698269571579288,0.0,0.13872150411710435,4.5473480824868595,9.094696164973719,20.433019206269044,34.99999999999997,20.0,35.0,1024.6480990395107,1024.7630049942754,0.0010996127649042355,5.58579604441245,0.08733289952109205,0.9855984386620171,0.0,0.9855984386620171,23.09366387269899,1.699857886047944,13.585643871906383,0.73607111258664,0.4330192062690348,20.560988452063715,0.0,0.0,26.012234599831924
27.287060476713084,26.087131084279214,0.0,8.963550358628522,25.738508703117816,0.3938557472134445,0.3686935287933709,0.0,0.13851870429278676,4.560874899841134,9.121749799682268,20.431692109254392,34.99999999999997,20.0,35.0,1024.6484535910904,1024.7630049942754,0.001096219821138815,5.570116541599441,0.08740028066910044,0.9864567365068216,0.0,0.9864567365068216,23.164657832806032,1.6998613948539223,13.627380386973662,0.7338167509845799,0.4316921092543787,20.591273756001062,0.0,0.0,26.087131084279214
27.367060476713082,26.162012678439602,0.0,8.991706116587709,25.817459719718908,0.39272955523339165,0.36756604649152974,0.0,0.13831740678744744,4.574409340866667,9.148818681733333,20.430371974304855,34.99999999999997,20.0,35.0,1024.6488062680971,1024.7630049942754,0.0010928448164292351,5.554523710688758,0.0874679998707579,0.9873194089796224,0.0,0.9873194089796224,23.235713747747017,1.6998648170271724,13.669153873296263,0.73157417735532,0.43037197430484014,20.621633312231495,0.0,0.0,26.162012678439602
27.44706047671308,26.236879324823136,0.0,9.019901596878135,25.896479925645085,0.39160951596929405,0.3664444598987331,0.0,0.13811759774637902,4.587951443781685,9.17590288756337,20.42905874246284,34.99999999999997,20.0,35.0,1024.6491570865105,1024.7630049942754,0.0010894875978559526,5.539016828031305,0.0875360582896935,0.9881864723488186,0.0,0.9881864723488186,23.306831933080577,1.6998681547066639,13.710964505422186,0.7293432928110466,0.4290587424628265,20.652067028381094,0.0,0.0,26.236879324823136
27.52706047671308,26.31173096583534,0.0,9.048136888386663,25.975569672820175,0.3904955778531524,0.3653287192219298,0.0,0.13791926346428848,4.601501246935851,9.203002493871702,20.427752355427174,34.99999999999998,20.0,35.0,1024.6495060621307,1024.7630049942754,0.0010861480142162028,5.523595177978626,0.0876044570915209,0.9890579429249082,0.0,0.9890579429249082,23.378012705538158,1.699871409978555,13.75281245881598,0.727123999541613,0.4277523554271591,20.682574811723818,0.0,0.0,26.31173096583534
27.607060476713077,26.386567543777343,0.0,9.076412079809325,26.054729314474592,0.38938768988801237,0.36421877522095303,0.0,0.13772239038323345,4.615058788810499,9.230117577620998,20.426452755544027,34.99999999999998,20.0,35.0,1024.649853210581,1024.7630049942754,0.0010828259160000659,5.508258052772756,0.08767319744382754,0.9899338370604707,0.0,0.9899338370604707,23.449256383027134,1.6998745848774965,13.794697909856115,0.7249162008002468,0.42645275554401485,20.713156569181525,0.0,0.0,26.386567543777343
27.687060476713075,26.461389000845994,0.0,9.104727259650648,26.133959205148592,0.3882858016400873,0.3631145792009145,0.0,0.13752696509058876,4.628624108018838,9.257248216037675,20.42515988579803,34.99999999999997,20.0,35.0,1024.6501985473103,1024.7630049942754,0.0010795211553687074,5.493004752433387,0.08774228051618006,0.990814171150327,0.0,0.990814171150327,23.52056328463373,1.6998776813879042,13.836621035832312,0.7227198008894858,0.4251598857980209,20.74381220732339,0.0,0.0,26.461389000845994
27.767060476713073,26.536195279134002,0.0,9.133082516223,26.213259700695648,0.3871898632310119,0.36201608300472304,0.0,0.1373329743170488,4.642197243306181,9.284394486612362,20.423873689803507,34.99999999999997,20.0,35.0,1024.6505420875967,1024.7630049942754,0.0010762335861130362,5.477834584697652,0.08781170747994428,0.991698961629614,0.0,0.991698961629614,23.59193373062608,1.6998807014451975,13.878582014943042,0.7205347051473284,0.42387368980349455,20.774541632365562,0.0,0.0,26.536195279134002
27.84706047671307,26.61098632063006,0.0,9.161477937645914,26.29263115828574,0.38609982533022247,0.3609232390057273,0.0,0.13714040493466156,4.65577823355015,9.3115564671003,20.422594111795842,34.99999999999997,20.0,35.0,1024.6508838465481,1024.7630049942754,0.0010729630636558806,5.462746864851921,0.08788147950850127,0.9925882249763224,0.0,0.9925882249763224,23.663368042457165,1.6998836469370104,13.920581026293041,0.7183608199336011,0.4225941117958294,20.805344750170704,0.0,0.0,26.61098632063006
27.92706047671307,26.68576206721899,0.0,9.189913611845425,26.372073936408793,0.3850156391474624,0.35983600010047756,0.0,0.13694924395489777,4.669367117760907,9.338734235521814,20.421321096623032,34.99999999999997,20.0,35.0,1024.6512238391056,1024.7630049942754,0.0010697094450171736,5.447740915660348,0.08795159777712193,0.9934819777099883,0.0,0.9934819777099883,23.73486654276791,1.6998865197043713,13.962618249890976,0.7161980526165344,0.42132109662301986,20.836221466247952,0.0,0.0,26.68576206721899
28.007060476713068,26.760522460681877,0.0,9.218389626553403,26.451588394877927,0.38393725642541154,0.35875431970160865,0.0,0.13675947852674858,4.682963935081358,9.365927870162716,20.42005458973734,34.99999999999997,20.0,35.0,1024.651562080045,1024.7630049942754,0.0010664725887943704,5.432816067257324,0.08802206346297717,0.9943802363919101,0.0,0.9943802363919101,23.80642955539013,1.6998893215428534,14.004693866647118,0.7140463115595481,0.42005458973732795,20.8671716857523,0.0,0.0,26.760522460681877
28.087060476713066,26.835267442696203,0.0,9.24690606930689,26.531174894832823,0.3828646294324347,0.35767815173083733,0.0,0.1365710959348561,4.69656872478737,9.39313744957474,20.418794537187097,34.99999999999997,20.0,35.0,1024.6518985839803,1024.7630049942754,0.0010632523551406896,5.417971657048011,0.08809287774512485,0.9952830176251058,0.0,0.9952830176251058,23.87805740534954,1.699892054203697,14.046808058371127,0.7119055061082399,0.41879453718708465,20.89819531348434,0.0,0.0,26.835267442696203
28.167060476713065,26.909996954836018,0.0,9.275463027447426,26.610833798743087,0.38179771095544934,0.35660745061207444,0.0,0.13638408359767534,4.710181526287981,9.420363052575961,20.417540885608638,34.99999999999997,20.0,35.0,1024.6522333653647,1024.7630049942754,0.0010600486057390018,5.403207029622521,0.08816404180445048,0.9961903380537473,0.0,0.9961903380537473,23.949750418868778,1.699894719394904,14.08896100776991,0.7097755465775729,0.41754088560862473,20.92929225389005,0.0,0.0,26.909996954836018
28.247060476713063,26.984710938572068,0.0,9.304060588120391,26.690565470411524,0.3807364542929086,0.3555421712646496,0.0,0.13619842906566368,4.723802379125614,9.447604758251227,20.416293582218366,34.99999999999997,20.0,35.0,1024.652566438494,1024.7630049942754,0.0010568612037865986,5.388521536644832,0.08823555682370912,0.997102214363739,0.0,0.997102214363739,24.02150892337037,1.6998973187823054,14.131152898445535,0.7076563442392607,0.4162935822183537,20.960462411060277,0.0,0.0,26.984710938572068
28.32706047671306,27.05940933527195,0.0,9.332698838274338,26.770370274977495,0.3796808132478986,0.35448226909664493,0.0,0.13601412001950197,4.737431322976282,9.474862645952564,20.415052574804953,34.99999999999997,20.0,35.0,1024.6528978175065,1024.7630049942754,0.0010536900139821376,5.373914536738578,0.08830742398758891,0.9980186632835416,0.0,0.9980186632835416,24.093333247479745,1.6998998539906034,14.173383914893217,0.7055478113093461,0.41505257480494273,20.991705688730484,0.0,0.0,27.05940933527195
28.40706047671306,27.134092086200283,0.0,9.36137786466032,26.85024857892027,0.378630742121347,0.3534276999983366,0.0,0.13583114426834425,4.7510683976498,9.5021367952996,20.41381781172166,34.99999999999997,20.0,35.0,1024.6532275163884,1024.7630049942754,0.0010505349024843003,5.359385395447349,0.08837964448249033,0.9989397015817825,0.0,0.9989397015817825,24.16522372102824,1.6999023266043856,14.215654242499404,0.7034498609359673,0.4138178117216494,21.023021990280537,0.0,0.0,27.134092086200283
28.487060476713058,27.208759132518846,0.0,9.390097753831231,26.930200750062294,0.37758619570534097,0.3523784203357431,0.0,0.13564948974809435,4.764713643089987,9.529427286179974,20.412589241878777,34.99999999999997,20.0,35.0,1024.6535555489725,1024.7630049942754,0.001047395736916144,5.3449334850808174,0.08845221949675489,0.9998653460699465,0.0,0.9998653460699465,24.237180675056063,1.6999047381691157,14.257964067539893,0.7013624071873136,0.41258924187876356,21.054411218734202,0.0,0.0,27.208759132518846
28.567060476713056,27.283410415286763,0.0,9.41885859214114,27.010227157572576,0.3765471292765528,0.35133438694427604,0.0,0.1354691445197123,4.778367099374878,9.556734198749757,20.411366814736184,34.99999999999997,20.0,35.0,1024.6538819289424,1024.7630049942754,0.0010442723863302865,5.3305581846630306,0.0885251502205021,1.0007956136006408,0.0,1.0007956136006408,24.309204441815318,1.6999070901921005,14.300313577178045,0.699285365039761,0.4113668147361732,21.08587327675901,0.0,0.0,27.283410415286763
28.647060476713055,27.358045875460657,0.0,9.447660465744624,27.09032817196997,0.3755134985897712,0.35029555712249333,0.0,0.13529009676754652,4.792028806716922,9.584057613433844,20.410150480296064,34.99999999999997,20.0,35.0,1024.6542066698346,1024.7630049942754,0.0010411647211871484,5.316258879849698,0.08859843784558963,1.0017305210672496,0.0,1.0017305210672496,24.38129535477297,1.6999093841434312,14.34270295946303,0.6972186503661918,0.41015048029605056,21.117408066665856,0.0,0.0,27.358045875460657
28.727060476713053,27.43266545389482,0.0,9.476503460596103,27.17050416512653,0.37448525987153536,0.34926188862595237,0.0,0.1351123347976942,4.805698805463191,9.611397610926382,20.408940189095667,34.99999999999997,20.0,35.0,1024.6545297850391,1024.7630049942754,0.0010380726133484258,5.302034962808786,0.0886720835657283,1.0026700854053436,0.0,1.0026700854053436,24.453453748613875,1.6999116214569012,14.385132403328214,0.6951621799244859,0.40894018909565455,21.149015490408825,0.0,0.0,27.43266545389482
28.80706047671305,27.507269091341396,0.0,9.505387662449172,27.250755510270775,0.3734623698138714,0.3482333396611617,0.0,0.13493584703638542,4.819377136095576,9.638754272191152,20.407735892200265,34.99999999999997,20.0,35.0,1024.6548512878019,1024.7630049942754,0.0010349959360553293,5.287885832142167,0.08874608857644,1.0036143235923087,0.0,1.0036143235923087,24.525679959243696,1.6999138035309054,14.42760209858947,0.6931158713461928,0.4077358922002492,21.180695449584658,0.0,0.0,27.507269091341396
28.88706047671305,27.581856728450546,0.0,9.534313156855942,27.33108258199107,0.3724447855681278,0.34720986887962774,0.0,0.13476062202839686,4.8330638392309915,9.666127678461983,20.406537541196148,34.99999999999997,20.0,35.0,1024.655171191227,1024.7630049942754,0.0010319345639046515,5.273810892814947,0.08882045407498734,1.004563252646662,0.0,1.004563252646662,24.59797432379196,1.69991593172931,14.47011223594372,0.6910796431253675,0.40653754119613317,21.212447845432738,0.0,0.0,27.581856728450546
28.967060476713048,27.65642830577064,0.0,9.563280029166371,27.411485756238918,0.3714324647389093,0.3461914353719968,0.0,0.13458664843548795,4.846758955621574,9.693517911243148,20.405345088183797,34.99999999999997,20.0,35.0,1024.655489508279,1024.7630049942754,0.001028888372831358,5.25980955607024,0.08889518126036708,1.0055168896280824,0.0,1.0055168896280824,24.670337180615025,1.699918007382309,14.512663006967431,0.6890534146075787,0.4053450881837807,21.24427257883474,0.0,0.0,27.65642830577064
29.047060476713046,27.730983763748426,0.0,9.592288364527603,27.491965410332245,0.3704253653781059,0.3451779986622904,0.0,0.13441391503486197,4.860462526154877,9.720925052309754,20.404158485771106,34.99999999999997,20.0,35.0,1024.6558062517843,1024.7630049942754,0.001025857240091182,5.245881239345987,0.08897027133330065,1.0064752516374145,0.0,1.0064752516374145,24.74276886929902,1.699920031787253,14.55525460411517,0.6870371059790823,0.40415848577109176,21.27616955031418,0.0,0.0,27.730983763748426
29.127060476713044,27.805523042729238,0.0,9.621338247883298,27.57252192295874,0.36942344597901716,0.34416951870223006,0.0,0.13424241071765333,4.874174591854068,9.748349183708136,20.402977687066763,34.99999999999997,20.0,35.0,1024.656121434432,1024.7630049942754,0.0010228410442519188,5.232025366171543,0.08904572549631769,1.00743835581772,0.0,1.00743835581772,24.815269730662862,1.6999220062094604,14.59788722071828,0.6850306382561542,0.40297768706674786,21.308138660036356,0.0,0.0,27.805523042729238
29.207060476713043,27.88004608295717,0.0,9.650429763972975,27.653155674179164,0.36842666547056846,0.3431659558656529,0.0,0.13407212448743747,4.887895193878128,9.775790387756256,20.401802645673687,34.99999999999997,20.0,35.0,1024.656435068777,1024.7630049942754,0.0010198396651673173,5.218241366110715,0.08912154495364843,1.008406219353174,0.0,1.008406219353174,24.887840106761246,1.6999239318830102,14.64056105098357,0.6830339332745851,0.4018026456736723,21.340179807807985,0.0,0.0,27.88004608295717
29.28706047671304,27.954552824575273,0.0,9.679562997331344,27.733867045430685,0.36743498321161766,0.3421672709430136,0.0,0.13390304545876497,4.9016243735220435,9.803248747044087,20.400633315682608,34.99999999999997,20.0,35.0,1024.6567471672417,1024.7630049942754,0.0010168529839596706,5.204528674684525,0.08919773091120514,1.0093788594689592,0.0,1.0093788594689592,24.960480340887614,1.6999258100115104,14.683276289992092,0.6810469136793302,0.40063331568259364,21.37229289307706,0.0,0.0,27.954552824575273
29.36706047671304,28.02904320762576,0.0,9.708738032287643,27.814656419530092,0.366448358985352,0.3411734251359743,0.0,0.13373516285571693,4.915362172216992,9.830724344433984,20.399469651665726,34.99999999999997,20.0,35.0,1024.657057742117,1024.7630049942754,0.0010138808830089383,5.190886733279179,0.0892742845766338,1.010356293431964,0.0,1.010356293431964,25.033190777577083,1.699927641768853,14.726033133697912,0.6790695029143168,0.39946965166571075,21.404477814932317,0.0,0.0,28.02904320762576
29.447060476713038,28.103517172050203,0.0,9.73795495296498,27.895524180677228,0.3654667529937714,0.3401843800520767,0.0,0.13356846601048677,4.929108631530544,9.858217263061087,20.39831160867047,34.99999999999997,20.0,35.0,1024.6573668055648,1024.7630049942754,0.0010109232459309867,5.1773149890837225,0.08935120715924255,1.0113385385500835,0.0,1.0113385385500835,25.105971762609503,1.6999294282999453,14.768831778927037,0.6771016252123975,0.3983116086704546,21.436734472103385,0.0,0.0,28.103517172050203
29.527060476713036,28.17797465768973,0.0,9.767213843279663,27.97647071445821,0.36449012585225854,0.339200097699499,0.0,0.13340294436198036,4.942863793166849,9.885727586333697,20.397159142213365,34.999999999999964,20.0,35.0,1024.6576743696187,1024.7630049942754,0.001007979957566709,5.163812895001708,0.08942849987004882,1.012325612172861,0.0,1.012325612172861,25.178823643012386,1.699931170721428,14.811672423376313,0.6751432055854572,0.39715914221334936,21.469062762960284,0.0,0.0,28.17797465768973
29.607060476713034,28.25241560428525,0.0,9.796514786940541,28.057496407848717,0.3635184385842332,0.33822054048189415,0.0,0.13323858745443956,4.956627698966817,9.913255397933634,20.39601220827398,34.99999999999997,20.0,35.0,1024.6579804461867,1024.7630049942754,0.0010050509039602684,5.1503799095925284,0.08950616392170019,1.0133175316907068,0.0,1.0133175316907068,25.251746767063842,1.699932870122371,14.854555265612385,0.6731941698146656,0.3960122082739686,21.501462585513135,0.0,0.0,28.25241560428525
29.687060476713032,28.32683995147765,0.0,9.825857867448343,28.13860164921737,0.3625516526158887,0.3372456711933066,0.0,0.13307538493608848,4.970400390908319,9.940800781816638,20.394870763288996,34.99999999999997,20.0,35.0,1024.658285047053,1024.7630049942754,0.0010021359723416876,5.137015497003361,0.08958420052843977,1.0143143145346143,0.0,1.0143143145346143,25.324741484295632,1.6999345275649551,14.897480505070785,0.6712544444408712,0.39487076328898346,21.53393383741219,0.0,0.0,28.32683995147765
29.76706047671303,28.401247638808012,0.0,9.855243168095019,28.219786828328925,0.3615897297710107,0.33627545301316997,0.0,0.13291332655779808,4.984181911106356,9.968363822212712,20.39373476414632,34.99999999999997,20.0,35.0,1024.6585881838769,1024.7630049942754,0.0009992350511333792,5.1237191268415545,0.08966261090635176,1.0153159781790535,0.0,1.0153159781790535,25.397808145496032,1.6999361440851362,14.940448342054935,0.6693239567551413,0.3937347641463056,21.566476415947296,0.0,0.0,28.401247638808012
29.84706047671303,28.475638605717844,0.0,9.88467077196307,28.301052336347706,0.3606326322658754,0.3353098495013789,0.0,0.13275240217177522,4.997972301813266,9.995944603626532,20.392604168179332,34.99999999999997,20.0,35.0,1024.6588898681987,1024.7630049942754,0.0009963480299001,5.110490274193643,0.08974139627294032,1.0163225401373157,0.0,1.0163225401373157,25.470947102712934,1.6999377206932915,14.98345897773539,0.6674026347894341,0.39260416817931715,21.599090218048087,0.0,0.0,28.475638605717844
29.927060476713027,28.550012791549285,0.0,9.914140761924896,28.38239856584074,0.3596803227042263,0.3343488245934403,0.0,0.1325926017302672,5.0117716054188834,10.023543210837767,20.39147893316121,34.99999999999997,20.0,35.0,1024.6591901114377,1024.7630049942754,0.0009934747993620046,5.097328419484403,0.08982055784744568,1.0173340179652042,0.0,1.0173340179652042,25.544158709256667,1.6999392583748532,15.026512614148906,0.6654904073074174,0.39147893316119314,21.631775140283278,0.0,0.0,28.550012791549285
30.007060476713026,28.624370135545345,0.0,9.943653220642135,28.463825910781186,0.35873276407232785,0.33339234259569556,0.0,0.13243391528429113,5.025579864450738,10.051159728901476,20.390359017299325,34.99999999999997,20.0,35.0,1024.6594889248959,1024.7630049942754,0.0009906152513641845,5.084233048449032,0.08990009685064505,1.0183504292588927,0.0,1.0183504292588927,25.617443319703067,1.6999407580909214,15.069609454197767,0.6635872037954119,0.39035901729930755,21.664531078860886,0.0,0.0,28.624370135545345
30.087060476713024,28.69871057685012,0.0,9.973208230564998,28.545334766551548,0.3577899197340952,0.3324403681806182,0.0,0.13227633298237942,5.039397121574228,10.078794243148456,20.389244379229748,34.99999999999997,20.0,35.0,1024.659786319758,1024.7630049942754,0.0009877692788701398,5.071203652045634,0.08998001450493488,1.0193717916559701,0.0,1.0193717916559701,25.690801289896392,1.6999422207788681,15.112749701649008,0.6616929544534746,0.3892443792297274,21.697357929627806,0.0,0.0,28.69871057685012
30.167060476713022,28.773034054509044,0.0,10.002805873931614,28.62692552994699,0.3568517534262979,0.3314928663821821,0.0,0.1321198450693462,5.053223419592801,10.106446839185603,20.38813497801181,34.99999999999997,20.0,35.0,1024.6600823070937,1024.7630049942754,0.0009849367759487237,5.058239726385997,0.09006031203433451,1.0203981228355958,0.0,1.0203981228355958,25.76423297695229,1.6999436473529208,15.155933561133773,0.6598075901866073,0.38813497801178953,21.730255588069642,0.0,0.0,28.773034054509044
30.24706047671302,28.8473405074691,0.0,10.032446232767368,28.708598599178607,0.35591822925383687,0.33054980259130123,0.0,0.13196444188507203,5.0670588014481295,10.134117602896259,20.387030773122785,34.99999999999998,20.0,35.0,1024.660376897859,1024.7630049942754,0.0009821176377545603,5.045340772684705,0.09014099066440576,1.0214294405177022,0.0,1.0214294405177022,25.837738739260747,1.6999450387047348,15.19916123814667,0.6579310425960955,0.387030773122761,21.76322394931054,0.0,0.0,28.8473405074691
30.32706047671302,28.921629874579075,0.0,10.062129388884248,28.790354373876756,0.35498931168509285,0.3296111425513369,0.0,0.1318101138633081,5.080903310220292,10.161806620440585,20.3859317244526,34.99999999999998,20.0,35.0,1024.660670102898,1024.7630049942754,0.0009793117605106367,5.032506297204214,0.09022205162219367,1.0224657624624378,0.0,1.0224657624624378,25.911318936489078,1.6999463957039498,15.242432939045216,0.6560632439709719,0.3859317244525792,21.796262908113103,0.0,0.0,28.921629874579075
30.407060476713017,28.99590209458981,0.0,10.09185542388018,28.872193255094285,0.35406496554734534,0.32867685235367505,0.0,0.13165685153049705,5.094756989127947,10.189513978255894,20.384837792298697,34.99999999999998,20.0,35.0,1024.6609619329433,1024.7630049942754,0.0009765190415104785,5.019735811151129,0.09030349613641274,1.0235071064723913,0.0,1.0235071064723913,25.984973929584854,1.699947719198735,15.285748871049273,0.6542041272796052,0.38483779229867265,21.82937235887807,0.0,0.0,28.99590209458981
30.487060476713015,29.07015710615443,0.0,10.121624419138378,28.954115645309823,0.3531451560222615,0.3277468984333696,0.0,0.1315046455046129,5.108619881528498,10.217239763056996,20.383748937360885,34.99999999999998,20.0,35.0,1024.6612523986187,1024.7630049942754,0.0009737393790898642,5.007028830652223,0.09038532543724748,1.0245534903904467,0.0,1.0245534903904467,26.05870408077884,1.6999490100163175,15.32910924224057,0.6523536261614087,0.3837489373608606,21.86255219564412,0.0,0.0,29.07015710615443
30.567060476713014,29.1443948478286,0.0,10.151436455826682,29.036121948431095,0.3522298486414516,0.3268212475648508,0.0,0.13135348649401898,5.1224920309182815,10.244984061836563,20.382665120736352,34.99999999999998,20.0,35.0,1024.6615415104397,1024.7630049942754,0.0009709726726159455,4.994384876687177,0.09046754075636734,1.0256049321000682,0.0,1.0256049321000682,26.132509753587986,1.6999502689635002,15.372514261562248,0.65051167491867,0.3826651207363274,21.895802312087902,0.0,0.0,29.1443948478286
30.647060476713012,29.218615258070788,0.0,10.181291614896905,29.11821256979821,0.3513190092820925,0.3258998668576984,0.0,0.13120336529634238,5.136373480932728,10.272746961865456,20.3815863039147,34.99999999999998,20.0,35.0,1024.6618292788153,1024.7630049942754,0.0009682188224807192,4.981803475011593,0.09055014332699765,1.026661449526219,0.0,1.026661449526219,26.206391312818386,1.6999514968271665,15.415964138818474,0.6486782085084969,0.3815863039146744,21.92912260152383,0.0,0.0,29.218615258070788
30.72706047671301,29.292818275242507,0.0,10.211189977084175,29.200387916186852,0.3504126041626165,0.32498272375247966,0.0,0.13105427279736453,5.1502642753465295,10.300528550693059,20.38051244877307,34.99999999999998,20.0,35.0,1024.662115714048,1024.7630049942754,0.000965477730090148,4.969284156092548,0.0906331343839346,1.027723060635647,0.0,1.027723060635647,26.280349124568165,1.6999526943747707,15.459459084674043,0.6468531625348809,0.3805124487730457,21.96251295690368,0.0,0.0,29.292818275242507
30.80706047671301,29.367003837608586,0.0,10.241131622906282,29.282648395811655,0.34951059983846405,0.32406978601664704,0.0,0.13090619996993103,5.164164458073817,10.328328916147633,20.379443517571353,34.99999999999998,20.0,35.0,1024.6624008263375,1024.7630049942754,0.0009627492978380497,4.956826455084743,0.09071651516335492,1.0287897834348434,0.0,1.0287897834348434,26.354383556230488,1.699953862354819,15.502999310654074,0.6450364732408737,0.3794435175713257,21.99597327081681,0.0,0.0,29.367003837608586
30.887060476713007,29.44117188333743,0.0,10.271116632663025,29.3649944183294,0.3486129631979012,0.3231610217404996,0.0,0.13075913787287508,5.178074073168315,10.35614814633663,20.378379472947437,34.99999999999998,20.0,35.0,1024.6626846257807,1024.7630049942754,0.0009600334290995696,4.944429911757658,0.09080028690287793,1.029861635970864,0.0,1.029861635970864,26.42849497649646,1.6999550014973375,15.546585029143698,0.643228077500876,0.37837947294740987,22.02950343548969,0.0,0.0,29.44117188333743
30.967060476713005,29.515322350501283,0.0,10.301145086435554,29.447426394842324,0.3477196614578975,0.32225639933320255,0.0,0.13061307764995939,5.1919931648235185,10.383986329647037,20.37732027791257,34.99999999999998,20.0,35.0,1024.6629671223723,1024.7630049942754,0.0009573300282290047,4.932094070412784,0.09088445084168933,1.0309386363328474,0.0,1.0309386363328474,26.502683755358092,1.6999561125143265,15.590216453387844,0.6414279128130349,0.37732027791254474,22.063103342786015,0.0,0.0,29.515322350501283
31.047060476713003,29.589455177076516,0.0,10.33121706408572,29.529944737901445,0.3468306621600662,0.32135588751886635,0.0,0.13046801052883308,5.205921777372861,10.411843554745722,20.376265895846764,34.999999999999986,20.0,35.0,1024.6632483260069,1024.7630049942754,0.0009546390005380445,4.919818479852583,0.0909690082203994,1.032020802650526,0.0,1.032020802650526,26.5769502641113,1.699957196100209,15.63389379749103,0.6396359172917515,0.37626589584673653,22.096772884206604,0.0,0.0,29.589455177076516
31.127060476713,29.663570300943885,0.0,10.361332645255425,29.612549861509716,0.3459459331666652,0.32045945533268555,0.0,0.1303239278200029,5.219859955289857,10.439719910579713,20.375216290494258,34.999999999999986,20.0,35.0,1024.6635282464806,1024.7630049942754,0.00095196025228054,4.9076026933339865,0.091053960280982,1.0331081530936508,0.0,1.0331081530936508,26.651294875358744,1.69995825293226,15.677617276417166,0.6378520296602953,0.3752162904942304,22.13051195088903,0.0,0.0,29.663570300943885
31.207060476713,29.737667659888814,0.0,10.391491909365962,29.69524218112538,0.34506544265665545,0.3195670721171321,0.0,0.13018082091582184,5.233807743188282,10.467615486376564,20.374171425959076,34.999999999999986,20.0,35.0,1024.6638068934913,1024.7630049942754,0.0009492936906525036,4.895446268483866,0.09113930826692329,1.0342007058737954,0.0,1.0342007058737954,26.72571796301284,1.6999592836710353,15.721387105989429,0.636076189243522,0.3741714259590533,22.16432043360773,0.0,0.0,29.737667659888814
31.287060476713,29.811747191601675,0.0,10.421694935617376,29.77802211366519,0.3441891591218186,0.31867870751820654,0.0,0.13003868128949145,5.247765185822328,10.495530371644657,20.37313126670065,34.99999999999999,20.0,35.0,1024.66408427664,1024.7630049942754,0.0009466392237725263,4.883348767266231,0.09122505342309849,1.035298479243079,0.0,1.035298479243079,26.80021990229867,1.6999602889607792,15.765203502890175,0.6343083359606958,0.37313126670062485,22.198198222773815,0.0,0.0,29.811747191601675
31.367060476712997,29.88580883367808,0.0,10.451941802987806,29.86089007750767,0.3433170513629318,0.31779433148174413,0.0,0.12989750049407905,5.261732328086753,10.523464656173505,20.372095777529456,34.99999999999999,20.0,35.0,1024.6643604054339,1024.7630049942754,0.00094399676066437,4.871309755945073,0.0913111969956711,1.036401491493137,0.0,1.036401491493137,26.874801069756902,1.699961269429831,15.809066684660847,0.6325484103184128,0.3720957775294318,22.232145208434897,0.0,0.0,29.88580883367808
31.447060476712995,29.959852523619166,0.0,10.482232590232837,29.943846492496448,0.3424490884859973,0.3169139142497734,0.0,0.12975727016155092,5.275709215017057,10.551418430034113,20.37106492360279,34.99999999999999,20.0,35.0,1024.6646352892838,1024.7630049942754,0.0009413662112656715,4.859328804981025,0.09139774023236298,1.0375097609583077,0.0,1.0375097609583077,26.9494618432468,1.6999622256910158,15.852976869701997,0.6307963534036228,0.37106492360276483,22.266161280275245,0.0,0.0,29.959852523619166
31.527060476712993,30.033878198831882,0.0,10.51256737588485,30.0268917799434,0.3415852398985294,0.3160374263569309,0.0,0.1296179820018171,5.2896958917896155,10.579391783579231,20.370038670420545,34.999999999999986,20.0,35.0,1024.664908937508,1024.7630049942754,0.0009387474864040079,4.8474054890134255,0.09148468438226058,1.0386233060135517,0.0,1.0386233060135517,27.02420260194906,1.6999631583420276,15.896934277273242,0.6290521068767526,0.37003867042052047,22.30024632761538,0.0,0.0,30.033878198831882
31.60706047671299,30.107885796629294,0.0,10.542946238252378,30.110026362631977,0.34072547530589353,0.31516483862692607,0.0,0.12947962780179256,5.303692403721849,10.607384807443697,20.369016983821087,34.999999999999986,20.0,35.0,1024.6651813593344,1024.7630049942754,0.0009361404977729609,4.835539386843562,0.09157203069560907,1.039742145072234,0.0,1.039742145072234,27.099023726368777,1.699964067965804,15.940939127493309,0.6273156129649237,0.3690169838210619,22.334400239412155,0.0,0.0,30.107885796629294
31.68706047671299,30.181875254230874,0.0,10.573369255419461,30.193250664820503,0.33986976470769936,0.31429612216905733,0.0,0.1293421994244721,5.317698796272376,10.635397592544752,20.367999829977165,34.999999999999986,20.0,35.0,1024.6654525638983,1024.7630049942754,0.0009335451579495251,4.823730081312334,0.09165978042420804,1.0408662965907358,0.0,1.0408662965907358,27.173925598338453,1.6999649551308893,15.984991641340153,0.6255868144552634,0.36799982997713987,22.368622904258814,0.0,0.0,30.181875254230874
31.767060476712988,30.25584650876282,0.0,10.60383650524499,30.276565112245333,0.33901807839424686,0.31343124837478104,0.0,0.1292056888080166,5.331715115041156,10.663430230082312,20.366987175391902,34.99999999999998,20.0,35.0,1024.6657225602457,1024.7630049942754,0.0009309613803658206,4.811977159296996,0.09174793482114169,1.0419957790655114,0.0,1.0419957790655114,27.248908601020798,1.6999658203917907,16.029092040650998,0.6238656546883153,0.36698717539187536,22.40291421038466,0.0,0.0,30.25584650876282
31.847060476712986,30.32979949725834,0.0,10.63434806536207,30.359970132124165,0.3381703869430232,0.3125701889143277,0.0,0.1290700879648554,5.345741405769647,10.691482811539293,20.365978986894824,34.99999999999998,20.0,35.0,1024.665991357334,1024.7630049942754,0.0009283890793047413,4.80028021164721,0.09183649514085498,1.0431306110340748,0.0,1.0431306110340748,27.32397311891175,1.699966664289324,16.07324054812252,0.622152077551535,0.3659789868947974,22.437274045655172,0.0,0.0,30.32979949725834
31.927060476712985,30.403734156657976,0.0,10.664904013177376,30.44346615315929,0.33732666121525035,0.31171291573336846,0.0,0.12893538898079998,5.35977771434095,10.7195554286819,20.364975231637967,34.999999999999986,20.0,35.0,1024.6662589640334,1024.7630049942754,0.0009258281698781964,4.788638833167176,0.09192546263896631,1.0442708110729897,0.0,1.0442708110729897,27.399119537843358,1.6999674873509534,16.11743738731098,0.6204460274728818,0.3649752316379405,22.47170229757192,0.0,0.0,30.403734156657976
32.00706047671299,30.477650423809923,0.0,10.695504425870501,30.527053605540882,0.3364868723524824,0.3108594010497286,0.0,0.128801584014172,5.373824086779969,10.747648173559938,20.36397587709202,34.999999999999986,20.0,35.0,1024.6665253891272,1024.7630049942754,0.0009232785680358135,4.77705262252007,0.09201483857253794,1.0454163978010647,0.0,1.0454163978010647,27.474348244986793,1.6999682900911184,16.16168278263247,0.618747449414495,0.3639758770919957,22.506198853272636,0.0,0.0,30.477650423809923
32.087060476712985,30.551548235470324,0.0,10.726149380393325,30.61073292095008,0.33565099177325314,0.31000961735015076,0.0,0.12866866529494106,5.387880569253527,10.775761138507054,20.362980891042547,34.999999999999986,20.0,35.0,1024.6667906413131,1024.7630049942754,0.000920740190541004,4.765521182217946,0.09210462419985169,1.046567389876926,0.0,1.046567389876926,27.54965962885507,1.6999690730115584,16.205976959363046,0.617056288866465,0.3629808910425216,22.54076359953077,0.0,0.0,30.551548235470324
32.16706047671298,30.625427528303614,0.0,10.756838953469364,30.69450453256246,0.3348189911697688,0.3091635373871004,0.0,0.12853662512387948,5.401947208070547,10.803894416141095,20.361990241586227,34.999999999999986,20.0,35.0,1024.6670547292042,1024.7630049942754,0.0009182129549709628,4.754044118550711,0.0921948207805472,1.047723806000709,0.0,1.047723806000709,27.62505407930621,1.6999698366016238,16.250320143639083,0.6153724918406812,0.3619902415862038,22.575396422755972,0.0,0.0,30.625427528303614
32.24706047671298,30.699288238882836,0.0,10.787573221593135,30.778368875051118,0.3339908425046516,0.3083211341756211,0.0,0.12840545587172542,5.4160240496821705,10.832048099364341,20.361003897127194,34.999999999999986,20.0,35.0,1024.6673176613313,1024.7630049942754,0.0009156967796883826,4.742621041589383,0.09228542957531723,1.0488856649107197,0.0,1.0488856649107197,27.700531987546004,1.699970581338583,16.29471256245751,0.6136960048647729,0.3610038971271722,22.61009720899376,0.0,0.0,30.699288238882836
32.32706047671298,30.77313030368996,0.0,10.818352261029512,30.862326384589974,0.33316651800772706,0.3074823809902324,0.0,0.12827514997835976,5.430111140681909,10.860222281363818,20.360021826373394,34.999999999999986,20.0,35.0,1024.6675794461407,1024.7630049942754,0.0009131915838632114,4.731251565060764,0.09237645184638514,1.0500529853889795,0.0,1.0500529853889795,27.776093746130975,1.6999713076879215,16.3391544436761,0.6120267749761308,0.3600218263733695,22.64486584392554,0.0,0.0,30.77313030368996
32.40706047671298,30.846953659116224,0.0,10.84917614781309,30.946377498857004,0.332345990172859,0.30664725136187243,0.0,0.12814569995199496,5.44420852780578,10.88841705561156,20.359043998332996,34.999999999999986,20.0,35.0,1024.6678400919989,1024.7630049942754,0.000910697287433488,4.719935306380836,0.09246788885702449,1.0512257862558922,0.0,1.0512257862558922,27.8517397489713,1.6999720161036307,16.383646016013863,0.6103647497160096,0.35904399833297124,22.679702212868666,0.0,0.0,30.846953659116224
32.487060476712976,30.92075824146247,0.0,10.880044957747547,31.0305226570375,0.33152923175482807,0.30581571907488375,0.0,0.1280170983683753,5.458316257932454,10.916632515864908,20.35807038231088,34.999999999999986,20.0,35.0,1024.668099607191,1024.7630049942754,0.0009082138111118683,4.708671886570809,0.09255974187179401,1.0524040863730362,0.0,1.0524040863730362,27.92747039133375,1.6999727070284938,16.428187509051373,0.6087098771237144,0.35807038231085647,22.714606200776448,0.0,0.0,30.92075824146247
32.567060476712975,30.994543986939473,0.0,10.910958766405006,31.114762299827312,0.33071621576625554,0.30498775816404244,0.0,0.1278893378699884,5.472434378083385,10.94486875616677,20.357100947905153,34.999999999999986,20.0,35.0,1024.6683579999228,1024.7630049942754,0.000905741076370395,4.697460930230475,0.09265201215642709,1.053587904642029,0.0,1.053587904642029,28.00328606984458,1.6999733808943613,16.47277915323119,0.6070621057308637,0.3571009479051292,22.749577692238137,0.0,0.0,30.994543986939473
32.64706047671297,31.06831083166829,0.0,10.9419176491254,31.19909686943601,0.3299069154745703,0.30416334291162905,0.0,0.12776241116528772,5.4865629354229455,10.973125870845891,20.356135665003716,34.999999999999986,20.0,35.0,1024.6686152783213,1024.7630049942754,0.000903279005438321,4.686302065478673,0.09274470097792965,1.0547772600057659,0.0,1.0547772600057659,28.079187182492408,1.6999740381224213,16.517421179858232,0.6054213845557355,0.3561356650036892,22.784616571478832,0.0,0.0,31.06831083166829
32.72706047671297,31.1420587116806,0.0,10.972921681015839,31.283526809590203,0.3291013043990186,0.3033424478445404,0.0,0.12763631102792725,5.500701977258566,11.001403954517132,20.355174503780876,34.999999999999986,20.0,35.0,1024.6688714504362,1024.7630049942754,0.0009008275212825273,4.67519492393978,0.09283780960439128,1.0559721714463957,0.0,1.0559721714463957,28.15517412863118,1.6999746791234627,16.56211382110026,0.6037876630976852,0.3551745037808498,22.81972272235961,0.0,0.0,31.1420587116806
32.80706047671297,31.21578756291907,0.0,11.00397093694997,31.36805256553676,0.3282993563077157,0.3025250477314422,0.0,0.12751103029600644,5.514851551040868,11.029703102081736,20.35421743469403,34.99999999999998,20.0,35.0,1024.6691265242393,1024.7630049942754,0.0008983865476140497,4.66413914066341,0.09293133930522487,1.0571726579881693,0.0,1.0571726579881693,28.231247308983082,1.6999753042981318,16.60685730998834,0.6021608913316436,0.3542174346940043,22.854896028377606,0.0,0.0,31.21578756291907
32.88706047671297,31.289497321237846,0.0,11.03506549156694,31.452661989590563,0.32750117634809833,0.30171123839285974,0.0,0.12738661286349978,5.529009490460855,11.05801898092171,20.353264569936535,34.99999999999998,20.0,35.0,1024.6693804699294,1024.7630049942754,0.0008959563696227556,4.653136212063647,0.09298040736270004,1.0578680790760155,0.0,1.0578680790760155,28.307395790631507,1.6999759140371835,16.651645212669962,0.6005412601747703,0.35326456993650956,22.890136369976897,0.0,0.0,31.289497321237846
32.967060476712966,31.36318792241331,0.0,11.066205419246247,31.537307034282357,0.3267072390493171,0.3009014558318434,0.0,0.12726324656201735,5.543167321135855,11.08633464227171,20.35231642001118,34.99999999999998,20.0,35.0,1024.6696331515595,1024.7630049942754,0.000893538288274723,4.64219286867157,0.09300258714891835,1.0582582036499042,0.0,1.0582582036499042,28.38357633085412,1.6999765087217242,16.696452089327273,0.5989296376559072,0.3523164200111593,22.925443586319286,0.0,0.0,31.36318792241331
33.047060476712964,31.436859302167935,0.0,11.097390794051721,31.621983328638386,0.32591755876649603,0.30009571192952783,0.0,0.1271409406675216,5.5573242494380635,11.114648498876127,20.351372998829238,34.99999999999998,20.0,35.0,1024.6698845655337,1024.7630049942754,0.000891132337983866,4.631309321976151,0.09302480302985419,1.0586493206176932,0.0,1.0586493206176932,28.459784995774545,1.6999770887234515,16.74127562339419,0.5973260476057177,0.351372998829215,22.96081748747416,0.0,0.0,31.436859302167935
33.12706047671296,31.51051139617662,0.0,11.128621689717368,31.706690952034688,0.3251321036019179,0.29929397596195473,0.0,0.12701968644857045,5.571480264144958,11.142960528289915,20.350434270416944,34.99999999999998,20.0,35.0,1024.6701347215508,1024.7630049942754,0.0008887384259353178,4.6204851281330415,0.09304705484416023,1.0590414295916286,0.0,1.0590414295916286,28.53602185683122,1.699977654404885,16.78611585445862,0.5957304290464469,0.35043427041692243,22.996257882222814,0.0,0.0,31.51051139617662
33.20706047671296,31.584144140067455,0.0,11.15989817964648,31.791429983816073,0.3243508419805329,0.29849621751718114,0.0,0.12689947526060263,5.585635353998275,11.17127070799655,20.349500199165877,34.99999999999998,20.0,35.0,1024.6703836292093,1024.7630049942754,0.0008863564602737797,4.609719847745991,0.09306934243011793,1.0594345301788959,0.0,1.0594345301788959,28.612286985434466,1.6999782061195943,16.830972822143096,0.5941427216164142,0.34950019916585684,23.031764578801884,0.0,0.0,31.584144140067455
33.28706047671296,31.657757469422403,0.0,11.191220336910868,31.876200503295724,0.3235737426458633,0.2977024064913336,0.0,0.12678029854484538,5.599789507704293,11.199579015408586,20.348570749828323,34.999999999999986,20.0,35.0,1024.6706312980102,1024.7630049942754,0.0008839863500774114,4.599013045846637,0.09309166562564006,1.059828621981612,0.0,1.059828621981612,28.68858045296615,1.6999787442124186,16.87584656610354,0.5925628655622992,0.3485707498283027,23.067337384905482,0.0,0.0,31.657757469422403
33.36706047671296,31.731351319778035,0.0,11.222588234250122,31.961002589754795,0.3228007746559674,0.2969125130847218,0.0,0.126662147827232,5.613942713934151,11.227885427868301,20.347645887512726,34.999999999999986,20.0,35.0,1024.6708777373578,1024.7630049942754,0.000881628005351302,4.588364291824694,0.09311402426827255,1.0602237045968037,0.0,1.0602237045968037,28.764902330779314,1.699979269019684,16.920737126028005,0.5909908017315445,0.3476458875127032,23.102976107686256,0.0,0.0,31.731351319778035
33.447060476712956,31.804925626626215,0.0,11.254001944070849,32.04583632244199,0.32203190737946685,0.2961265077980108,0.0,0.1265450147173415,5.628094961324132,11.256189922648264,20.346725577679205,34.999999999999986,20.0,35.0,1024.671122956562,1024.7630049942754,0.0008792813370035368,4.577773159404781,0.09313641819519669,1.0606197776163964,0.0,1.0606197776163964,28.84125269019779,1.6999797808694117,16.965644541635466,0.5894264715648706,0.34672557767917883,23.138680553757403,0.0,0.0,31.804925626626215
33.527060476712954,31.878480325414838,0.0,11.28546153844594,32.13070178057318,0.32126711049163253,0.2953443614284515,0.0,0.1264288909073517,5.6422462384759795,11.284492476951959,20.34580978613514,34.999999999999986,20.0,35.0,1024.671366964837,1024.7630049942754,0.0008769462568538993,4.567239226539593,0.0931588472432314,1.0610168406271987,0.0,1.0610168406271987,28.917631602515865,1.6999802800815247,17.010568852674623,0.5878698170889017,0.34580978613511315,23.174450529194324,0.0,0.0,31.878480325414838
33.60706047671295,31.952015351548535,0.0,11.316967089113824,32.215599043330954,0.32050635397052873,0.2945660450661671,0.0,0.126313768171006,5.656396533957198,11.312793067914397,20.34489847903083,34.99999999999999,20.0,35.0,1024.6716097713058,1024.7630049942754,0.0008746226776012342,4.556762075411911,0.09318131124883514,1.061414893210884,0.0,1.061414893210884,28.994039138997856,1.6999807669680467,17.05551009892269,0.5863207809089012,0.3448984790308053,23.210285839535878,0.0,0.0,31.952015351548535
33.68706047671295,32.02553064038941,0.0,11.34851866747773,32.30052818986424,0.3197496080932173,0.29379153009049547,0.0,0.12619963836260203,5.670545836301362,11.341091672602724,20.343991622855214,35.0,20.0,35.0,1024.671851384999,1024.7630049942754,0.0008723105128256218,4.546341292347285,0.09320381004810849,1.0618139349439815,0.0,1.0618139349439815,29.070475370877812,1.6999812418332976,17.100468320184266,0.584779306201612,0.3439916228551869,23.246186289786795,0.0,0.0,32.02553064038941
33.76706047671295,32.09902612725776,0.0,11.380116344604966,32.385489299287876,0.31899684343201606,0.2930207881663861,0.0,0.12608649341598818,5.684694134008425,11.36938826801685,20.343089184431633,35.0,20.0,35.0,1024.6720918148555,1024.7630049942754,0.0008700096769818518,4.535976467750509,0.09322634347679604,1.0622139653978575,0.0,1.0622139653978575,29.146940369359086,1.6999817049740835,17.145443556290175,0.5832453367082058,0.34308918443160386,23.28215168441885,0.0,0.0,32.09902612725776
33.84706047671295,32.17250174743281,0.0,11.411760191226183,32.47048245068221,0.3182480308508144,0.29225379124085105,0.0,0.12597432534357927,5.698841415545038,11.397682831090076,20.34219113091369,35.0,20.0,35.0,1024.6723310697264,1024.7630049942754,0.0008677200853711362,4.525667196100051,0.09324891137028875,1.0626149841387011,0.0,1.0626149841387011,29.22343420561399,1.699982156679883,17.19043584709633,0.5817188167273326,0.34219113091366044,23.318181827372754,0.0,0.0,32.17250174743281
33.927060476712946,32.245957436153454,0.0,11.443450277734657,32.55550772309268,0.3175031415014438,0.2914905115394683,0.0,0.1258631262353869,5.712987669344854,11.425975338689708,20.341297429781154,35.0,20.0,35.0,1024.6725691583738,1024.7630049942754,0.0008654416541411085,4.515413075869956,0.09327151356362623,1.0630169907275127,0.0,1.0630169907275127,29.29995695078341,1.6999825972330262,17.235445232482636,0.5801996911082741,0.3412974297811255,23.354276522060083,0.0,0.0,32.245957436153454
34.007060476712944,32.319393128619,0.0,11.475186674185574,32.64056519552938,0.31676214682010145,0.2907309215629374,0.0,0.1257528882580621,5.727132883808857,11.454265767617715,20.340408048835926,35.0,20.0,35.0,1024.672806089472,1024.7630049942754,0.0008631743002814729,4.505213709464192,0.09329414989149898,1.0634199847200876,0.0,1.0634199847200876,29.376508675976442,1.6999830269088738,17.280471752351882,0.5786879052441953,0.34040804883589904,23.39043557136487,0.0,0.0,32.319393128619
34.08706047671294,32.39280875998989,0.0,11.506969450295314,32.72565494696668,0.3160250185238276,0.28997499408368554,0.0,0.12564360365395488,5.741277047305665,11.48255409461133,20.339522956198067,35.00000000000001,20.0,35.0,1024.6730418716095,1024.7630049942754,0.0008609179416044212,4.4950687031919,0.09331682018825074,1.0638239656670032,0.0,1.0638239656670032,29.45308945227001,1.6999834459759868,17.32551544662868,0.5771834050654967,0.3395229561980392,23.426658777645653,0.0,0.0,32.39280875998989
34.16706047671294,32.4662042653885,0.0,11.538798675440745,32.810777056342765,0.3152917286070342,0.2892227021425244,0.0,0.12553526474018492,5.7554201481718685,11.510840296343737,20.33864212030187,35.00000000000001,20.0,35.0,1024.6732765132906,1024.7630049942754,0.0008586724967250489,4.484977667243773,0.09333952428788071,1.0642289331136043,0.0,1.0642289331136043,29.529699350708487,1.699983854696296,17.370576355258386,0.5756861370332609,0.3386421203018471,23.4629459427371,0.0,0.0,32.4662042653885
34.24706047671294,32.539579579899836,0.0,11.57067441865852,32.89593160255925,0.31456224933808546,0.28847401904535575,0.0,0.12542786390772812,5.769562174712337,11.539124349424673,20.337765509892037,35.0,20.0,35.0,1024.6735100229341,1024.7630049942754,0.0008564378850787636,4.474940215572985,0.09336226202404599,1.0646348865999906,0.0,1.0646348865999906,29.606338442303326,1.699984253325265,17.415654518206072,0.574196048132796,0.33776550989201,23.49929686795202,0.0,0.0,32.539579579899836
34.32706047671294,32.612934638572334,0.0,11.602596748644377,32.98111866448075,0.3138365532559281,0.2877289183599255,0.0,0.12532139362051609,5.783703115200554,11.567406230401108,20.33689309401983,35.0,20.0,35.0,1024.6737424088767,1024.7630049942754,0.0008542140268864693,4.464955965913517,0.09338503323006389,1.0650418256610035,0.0,1.0650418256610035,29.683006798032675,1.6999846421120495,17.46074997545549,0.5727130858672717,0.3368930940198005,23.53571135408327,0.0,0.0,32.612934638572334
34.407060476712935,32.68626937641861,0.0,11.634565733752451,33.066338320934456,0.31311461316677125,0.2869873739126256,0.0,0.12521584641454783,5.797842957878941,11.595685915757882,20.33602484203936,35.0,20.0,35.0,1024.673973679372,1024.7630049942754,0.0008520008431632717,4.455024539685901,0.09340783773891427,1.065449749826211,0.0,1.065449749826211,29.75970448884101,1.699985021299654,17.505862767008058,0.5712371982514466,0.33602484203933203,23.57218920140552,0.0,0.0,32.68626937641861
34.487060476712934,32.7595837284162,0.0,11.66658144199458,33.15159065070971,0.312396402140815,0.2862493597853424,0.0,0.12511121489701635,5.811981690959184,11.623963381918369,20.3351607236039,35.0,20.0,35.0,1024.6742038425946,1024.7630049942754,0.0008497982556814862,4.445145562023437,0.09343067538324207,1.065858658619898,0.0,1.065858658619898,29.836431585638735,1.699985391125083,17.550992932881858,0.5697683338054885,0.3351607236038686,23.608730209677447,0.0,0.0,32.7595837284162
34.56706047671293,32.83287762950839,0.0,11.698643941039625,33.23687573255757,0.3116818935090266,0.2855148503123513,0.0,0.12500749174544623,5.8261193026225655,11.652238605245131,20.33430070866222,35.0,20.0,35.0,1024.674432906637,1024.7630049942754,0.0008476061869967499,4.4353186616344855,0.09345354599535953,1.0662685515610495,0.0,1.0662685515610495,29.913188159301814,1.69998575181949,17.59614051311066,0.5683064415488798,0.3343007086621891,23.645334178143464,0.0,0.0,32.83287762950839
34.64706047671293,32.90615101460491,0.0,11.73075329821279,33.32219364519044,0.31097106085996296,0.284783820077256,0.0,0.1249046697068443,5.840255781020303,11.680511562040605,20.33344476745503,35.0,20.0,35.0,1024.6746608795138,1024.7630049942754,0.0008454245604153827,4.425543470819321,0.0934764494072488,1.0666794281633412,0.0,1.0666794281633412,29.989974280671394,1.6999861036083201,17.64130554774296,0.5668514709944132,0.33344476745500323,23.682000905535773,0.0,0.0,32.90615101460491
34.72706047671293,32.97940381858279,0.0,11.762909580494949,33.40754446728156,0.31026387803664146,0.2840562439099729,0.0,0.12480274159686515,5.854391114273863,11.708782228547726,20.33259287051145,35.0,20.0,35.0,1024.6748877691612,1024.7630049942754,0.0008432532999878597,4.4158196254197914,0.09349938545056441,1.0670912879351269,0.0,1.0670912879351269,30.0667900205534,1.6999864467114532,17.68648807684099,0.565403372142273,0.3325928705114209,23.718730190076663,0.0,0.0,32.97940381858279
34.80706047671293,33.05263597628708,0.0,11.795112854521976,33.49292827746466,0.3095603191334527,0.28333209688375866,0.0,0.12470170029898345,5.868525290475327,11.737050580950655,20.331744988645504,35.0,20.0,35.0,1024.6751135834381,1024.7630049942754,0.0008410923305066353,4.406146764758484,0.0935223539566356,1.0675041303794237,0.0,1.0675041303794237,30.14363544971819,1.6999867813433398,17.73168814047984,0.5639620954741983,0.33174498864547175,23.755521829480088,0.0,0.0,33.05263597628708
34.887060476712925,33.12584742253168,0.0,11.827363186584089,33.57834515433347,0.30886035849312093,0.2826113543122809,0.0,0.12460153876368305,5.882658297687708,11.765316595375417,20.330901092952708,35.0,20.0,35.0,1024.675338330128,1024.7630049942754,0.000838941577488736,4.396524531618766,0.09354535475646887,1.0679179549939015,0.0,1.0679179549939015,30.22051063890012,1.6999871077131354,17.77690577874646,0.5625275919477338,0.3309010929526753,23.792375620953937,0.0,0.0,33.12584742253168
34.96706047671292,33.1990380921001,0.0,11.859660642625178,33.66379517644135,0.3081639707037066,0.2818939917467309,0.0,0.12450225000765622,5.8967901239452996,11.793580247890599,20.330061154806693,35.0,20.0,35.0,1024.6755620169383,1024.7630049942754,0.0008368009671735849,4.386952572185877,0.09356838768075053,1.0683327612708715,0.0,1.0683327612708715,30.29741565879721,1.6999874260248324,17.82214103173881,0.5610998129905582,0.3300611548066603,23.82929136120222,0.0,0.0,33.1990380921001
35.04706047671292,33.27220791974627,0.0,11.892005288242167,33.7492784223008,0.30747113059565234,0.28117998497297825,0.0,0.12440382711301291,5.91092075725402,11.82184151450804,20.329225145855865,35.0,20.0,35.0,1024.6757846515025,1024.7630049942754,0.0008346704265142974,4.377430536006025,0.09359145255984912,1.0687485486972714,0.0,1.0687485486972714,30.374350580070715,1.6999877364773854,17.867393939564916,0.5596787104948954,0.32922514585583346,23.866268846426845,0.0,0.0,33.27220791974627
35.12706047671292,33.34535684019533,0.0,11.924397188684358,33.83479497038307,0.30678181323887255,0.2804693100087657,0.0,0.12430626322650581,5.925050185591743,11.850100371183485,20.328393038020124,35.00000000000001,20.0,35.0,1024.6760062413796,1024.7630049942754,0.0008325498831711542,4.367958075940721,0.09361454922381827,1.0691653167546595,0.0,1.0691653167546595,30.451315473344764,1.6999880392648377,17.912664542342004,0.5582642368120038,0.32839303802009456,23.903307872330288,0.0,0.0,33.34535684019533
35.20706047671292,33.41848478814442,0.0,11.956836408852785,33.92034489911774,0.3060959939398827,0.2797619431009447,0.0,0.12420955155876079,5.939178396908659,11.878356793817318,20.32756480348763,35.00000000000001,20.0,35.0,1024.6762267940578,1024.7630049942754,0.0008304392654854902,4.358534848173341,0.09363767750239889,1.0695830649191984,0.0,1.0695830649191984,30.52831040920596,1.699988334576441,17.957952880195624,0.5568563447467441,0.32756480348759986,23.940408234117253,0.0,0.0,33.41848478814442
35.28706047671292,33.4915916982635,0.0,11.98932301329959,34.00592828689223,0.3054136482389708,0.27905786072275,0.0,0.12411368538352269,5.953305379127614,11.906610758255228,20.326740414711598,35.0,20.0,35.0,1024.676446316952,1024.7630049942754,0.0008283385024992778,4.349160512096762,0.09366083722502208,1.0700017926616472,0.0,1.0700017926616472,30.605335458203005,1.6999886225967749,18.003258993258786,0.5554549875522227,0.32674041471157106,23.97756972649714,0.0,0.0,33.4915916982635
35.367060476712915,33.56467750519616,0.0,12.021857066227374,34.09154521205142,0.304734751907409,0.27835703957111335,0.0,0.1240186580369089,5.9674311201444645,11.934862240288929,20.325919844407178,35.00000000000001,20.0,35.0,1024.6766648174068,1024.7630049942754,0.00082624752392684,4.339834730327389,0.09368402822081139,1.070421499447345,0.0,1.070421499447345,30.68239069084628,1.6999889035058615,18.048582921671105,0.5540601189245115,0.3259198444071498,24.014792143685952,0.0,0.0,33.56467750519616
35.44706047671291,33.63774214356042,0.0,12.054438631488587,34.17719575289722,0.3040592809447045,0.2776594565640148,0.0,0.12392446291667653,5.981555607828424,11.963111215656848,20.325103065548323,35.00000000000001,20.0,35.0,1024.676882302697,1024.7630049942754,0.0008241662601504987,4.330557168657304,0.09370725031858579,1.0708421847362057,0.0,1.0708421847362057,30.759476177607496,1.699989177479278,18.09392470557798,0.5526716929974407,0.32510306554829665,24.0520752794088,0.0,0.0,33.63774214356042
35.52706047671291,33.71078554794956,0.0,12.087067772584893,34.26287998768809,0.30338721157589044,0.2769650888378725,0.0,0.12383109348149791,5.995678830022421,11.991357660044843,20.324290051364763,35.00000000000001,20.0,35.0,1024.6770987800285,1024.7630049942754,0.0008220946422140475,4.321327496012927,0.09373050334686217,1.0712638479827064,0.0,1.0712638479827064,30.836591988919277,1.6999894446882666,18.139284385129756,0.5512896643374648,0.3242900513647347,24.089418926902024,0.0,0.0,33.71078554794956
35.60706047671291,33.783807652932914,0.0,12.119744552666562,34.34859799463863,0.3027185202488538,0.2762739137449687,0.0,0.12373854325024733,6.009800774543446,12.019601549086891,20.323480775338965,35.00000000000001,20.0,35.0,1024.6773142565373,1024.7630049942754,0.0008200326018249268,4.312145384391636,0.09375378713385799,1.0716864886358741,0.0,1.0716864886358741,30.913738195174766,1.6999897052998418,18.184662000480905,0.5499139879386014,0.3234807753389356,24.126822878915508,0.0,0.0,33.783807652932914
35.68706047671291,33.85680839305671,0.0,12.15246903453186,34.434349851919166,0.302053183631702,0.2755859088509116,0.0,0.12364680580129733,6.023921429182912,12.047842858365824,20.322675211203176,35.00000000000001,20.0,35.0,1024.6775287392936,1024.7630049942754,0.0008179800713259377,4.303010508879238,0.09377710150749399,1.0721101061392788,0.0,1.0721101061392788,30.99091486672725,1.6999899594768944,18.230057591789244,0.5485446192174382,0.3226752112031482,24.16428692771498,0.0,0.0,33.85680839305671
35.767060476712906,33.929787702844905,0.0,12.18524128062644,34.52013563765527,0.30139117861016607,0.27490105193213443,0.0,0.1235558747718252,6.038040781707019,12.076081563414037,20.321873332936498,35.00000000000001,20.0,35.0,1024.6777422352998,1024.7630049942754,0.0008159369837061213,4.293922547565332,0.09380044629539702,1.0725346999310217,0.0,1.0725346999310217,31.068122073889743,1.6999902073782933,18.275471199215122,0.5471815140082118,0.3218733329364698,24.201810865084276,0.0,0.0,33.929787702844905
35.847060476712905,34.00274551679999,0.0,12.218061353042748,34.605955429927356,0.3007324822850401,0.2742193209734281,0.0,0.12346574385712822,6.052158819857104,12.104317639714209,20.321075114761985,35.00000000000001,20.0,35.0,1024.6779547514927,1024.7630049942754,0.000813903272581176,4.284881181539517,0.09382382132490241,1.0729602694437228,0.0,1.0729602694437228,31.145359886934617,1.6999904491589846,18.320902862920658,0.5458246285579527,0.3210751147619575,24.239394482327533,0.0,0.0,34.00274551679999
35.9270604767129,34.07568176940385,0.0,12.250929313519421,34.69180930677022,0.3000770719696581,0.2735406941655092,0.0,0.12337640680995182,6.066275531350007,12.132551062700013,20.32028053114381,35.000000000000014,20.0,35.0,1024.6781662947435,1024.7630049942754,0.0008118788721978085,4.275886094825443,0.09384722642305714,1.073386814104517,0.0,1.073386814104517,31.222628376093194,1.6999906849700894,18.366352623068956,0.5444739195216994,0.32028053114378047,24.277037570271922,0.0,0.0,34.07568176940385
36.0070604767129,34.148596395118574,0.0,12.28384522344071,34.77769734617261,0.29942492518740416,0.2728651499026217,0.0,0.12328785743982396,6.080390903878432,12.160781807756864,20.31948955678444,35.00000000000001,20.0,35.0,1024.6783768718597,1024.7630049942754,0.0008098637174097998,4.266936974390042,0.09387066141662243,1.0738143333350425,0.0,1.0738143333350425,31.299927611555347,1.6999909149589976,18.41182051982335,0.5431293439577773,0.3194895567844121,24.31473991926993,0.0,0.0,34.148596395118574
36.0870604767129,34.221489328387314,0.0,12.316809143835892,34.86361962607678,0.2987760196692579,0.2721926667801724,0.0,0.12320008961239765,6.09450492511132,12.18900985022264,20.31870216662189,35.00000000000001,20.0,35.0,1024.6785864895844,1024.7630049942754,0.0008078577436867087,4.258033510067605,0.09389412613207632,1.0742428265514259,0.0,1.0742428265514259,31.377257663469102,1.6999911392694589,18.457306593346672,0.5417908593231426,0.3187021666218612,24.352501319201313,0.0,0.0,34.221489328387314
36.1670604767129,34.29436050363512,0.0,12.34982113537869,34.94957622437808,0.2981303333513752,0.2715232235923989,0.0,0.1231130972488071,6.1086175826942055,12.217235165388411,20.317918335826967,35.00000000000001,20.0,35.0,1024.6787951545975,1024.7630049942754,0.0008058608871051674,4.24917539453041,0.09391762039561669,1.0746722931642798,0.0,1.0746722931642798,31.45461860194027,1.6999913580416757,18.502810883800475,0.5404584234687915,0.3179183358269413,24.390321559475982,0.0,0.0,34.29436050363512
36.247060476712896,34.367209855269785,0.0,12.38288125838671,35.03556721892445,0.29748784437270115,0.27085679933006995,0.0,0.12302687432502984,6.122728864249593,12.245457728499186,20.317138039800604,35.00000000000001,20.0,35.0,1024.6790028735181,1024.7630049942754,0.0008038730843227718,4.240362323305974,0.09394114403316398,1.0751027325786906,0.0,1.0751027325786906,31.532010497032,1.6999915714123868,18.548333431344357,0.5391319946352299,0.3171380398005787,24.42820042903634,0.0,0.0,34.367209855269785
36.327060476712894,34.44003731768271,0.0,12.415989572820871,35.121592687516035,0.29684853107261805,0.2701933731782181,0.0,0.12294141487125992,6.136838757377313,12.273677514754626,20.316361254171184,35.00000000000001,20.0,35.0,1024.679209652902,1024.7630049942754,0.0008018942726020158,4.231593994663117,0.09396469687036431,1.0755341441942148,0.0,1.0755341441942148,31.60943341876443,1.6999917795149564,18.59387427613519,0.5378115314480086,0.31636125417115707,24.466137716360002,0.0,0.0,34.44003731768271
36.40706047671289,34.512842825249734,0.0,12.449146138284844,35.20765270790473,0.29621237198862255,0.269532924513903,0.0,0.12285671297128517,6.150947249654911,12.301894499309823,20.315587954791926,35.00000000000001,20.0,35.0,1024.6794154992454,1024.7630049942754,0.0007999243897776529,4.222870109647829,0.09398827873259182,1.0759665274048618,0.0,1.0759665274048618,31.686887437114255,1.6999919824794554,18.63943345832644,0.5364969929133168,0.31558795479189883,24.504133209461738,0.0,0.0,34.512842825249734
36.48706047671289,34.58562631233202,0.0,12.482351014024504,35.29374735779371,0.2955793458540381,0.26887543290400584,0.0,0.12277276276187862,6.165054328638012,12.330108657276025,20.31481811773831,35.00000000000001,20.0,35.0,1024.679620418984,1024.7630049942754,0.0007979633742588723,4.214190372028092,0.09401188944495192,1.076399881599093,0.0,1.076399881599093,31.76437262201434,1.699992180432743,18.685011018067467,0.5351883384136356,0.3148181177382829,24.542186695896483,0.0,0.0,34.58562631233202
36.56706047671289,34.658387713276866,0.0,12.51560425892738,35.379876714837025,0.2949494315957578,0.26822087810305445,0.0,0.12268955843219509,6.179159981860692,12.358319963721383,20.31405171930552,35.00000000000001,20.0,35.0,1024.6798244184945,1024.7630049942754,0.0007960111650271229,4.205554488250822,0.094035528832284,1.0768342061598095,0.0,1.0768342061598095,31.84188904335332,1.6999923734985463,18.730606995502825,0.5338855277034522,0.31405171930549775,24.58029796276162,0.0,0.0,34.658387713276866
36.64706047671289,34.73112696241863,0.0,12.548905931522114,35.46604085663912,0.2943226083320172,0.2675692400510776,0.0,0.1226070942231763,6.19326419683586,12.38652839367172,20.313288736005955,35.00000000000001,20.0,35.0,1024.6800275040941,1024.7630049942754,0.0007940677016252338,4.196962167422423,0.09405919671916438,1.0772695004643453,0.0,1.0772695004643453,31.919436770975206,1.6999925617975382,18.776221430771574,0.5325885209050322,0.31328873600592916,24.61846679669956,0.0,0.0,34.73112696241863
36.727060476712886,34.80384399407955,0.0,12.582256089977921,35.552239860754405,0.29369885537019946,0.26692049887148883,0.0,0.12252536442696618,6.207366961055629,12.414733922111258,20.31252914456671,35.00000000000001,20.0,35.0,1024.6802296820429,1024.7630049942754,0.0007921329241487108,4.18841312128432,0.09408289292990929,1.0777057638844605,0.0,1.0777057638844605,31.99701587467896,1.6999927454474113,18.821854364006626,0.5312972785042467,0.31252914456668324,24.656692983900474,0.0,0.0,34.80384399407955
36.807060476712884,34.87653874257063,0.0,12.615654792104065,35.63847380468681,0.29307815220466926,0.2662746348689999,0.0,0.12244436338633176,6.221468261991705,12.44293652398341,20.31177292192717,35.00000000000001,20.0,35.0,1024.6804309585427,1024.7630049942754,0.0007902067732457364,4.179907064166106,0.09410661728857769,1.0781429957863327,0.0,1.0781429957863327,32.07462642421813,1.6999929245629528,18.86750583533406,0.5300117613464591,0.31177292192714184,24.69497631010477,0.0,0.0,34.87653874257063
36.88706047671288,34.94921114219251,0.0,12.649102095349335,35.724742765889346,0.29246047851463614,0.26563162852756117,0.0,0.12236408549409303,6.235568087095761,12.471136174191521,20.31102004523658,35.00000000000001,20.0,35.0,1024.6806313397392,1024.7630049942754,0.0007882891901062903,4.1714437129680695,0.09413036961897428,1.078581195530549,0.0,1.078581195530549,32.15226848930041,1.699993099256116,18.913175884872484,0.5287319306324646,0.31102004523655263,24.733316560605754,0.0,0.0,34.94921114219251
36.96706047671288,35.02186112723635,0.0,12.682598056801524,35.81104682176363,0.29184581416204847,0.2649914605083317,0.0,0.12228452519256156,6.24966642379981,12.49933284759962,20.31027049185168,35.00000000000001,20.0,35.0,1024.6808308317216,1024.7630049942754,0.0007863801164577976,4.16302278712714,0.09415414974465255,1.0790203624721015,0.0,1.0790203624721015,32.229942139587266,1.6999932696360895,18.958864552732372,0.5274577479144862,0.3102704918516512,24.771713520252344,0.0,0.0,35.02186112723635
37.04706047671288,35.09448863198469,0.0,12.716142733186922,35.89738604965947,0.2912341391895143,0.26435411164767575,0.0,0.12220567697298503,6.263763259516603,12.527526519033206,20.30952423933434,35.00000000000001,20.0,35.0,1024.681029440524,1024.7630049942754,0.0007844794945542493,4.154644008600687,0.09417795748891769,1.0794604959603789,0.0,1.0794604959603789,32.307647444693515,1.6999934358093667,19.004571879015433,0.5261891750922235,0.30952423933431544,24.8101669734517,0.0,0.0,35.09448863198469
37.12706047671288,35.16709359071235,0.0,12.749736180869807,35.98376052687438,0.2906254338182509,0.26371956295518634,0.0,0.12212753537500066,6.277858581640008,12.555717163280017,20.308781265449277,35.00000000000001,20.0,35.0,1024.6812271721262,1024.7630049942754,0.0007825872671740267,4.146307101827908,0.0942017926748296,1.079901595339159,0.0,1.079901595339159,32.385384474186935,1.6999935978798109,19.050297903813973,0.5249261744089548,0.308781265449252,24.84867670417203,0.0,0.0,35.16709359071235
37.207060476712876,35.239675937687295,0.0,12.783378455851944,36.07017033065316,0.2900196784460622,0.2630877956117364,0.0,0.12205009498609382,6.291952377545396,12.583904755090792,20.308041548161736,35.00000000000001,20.0,35.0,1024.6814240324522,1024.7630049942754,0.0007807033776242527,4.138011793674513,0.09422565512520578,1.0803436599466005,0.0,1.0803436599466005,32.463153297587844,1.6999937559487215,19.09604266721028,0.5236687084476905,0.3080415481617137,24.887242495944893,0.0,0.0,35.239675937687295
37.287060476712874,35.31223560717155,0.0,12.8170696137721,36.15661553818747,0.28941685364534386,0.26245879096755503,0.0,0.12197335044106823,6.306044634590031,12.612089269180062,20.30730506563527,35.00000000000001,20.0,35.0,1024.6816200273743,1024.7630049942754,0.0007788277697103298,4.129757813470218,0.09424954466262474,1.0807866891152431,0.0,1.0807866891152431,32.54095398436872,1.6999939101148969,19.141806209276,0.5224167401273795,0.30730506563524757,24.925864131868565,0.0,0.0,35.31223560717155
37.36706047671287,35.384772533422066,0.0,12.850809709905551,36.243096226615286,0.2888169401611147,0.26183253054033084,0.0,0.12189729642151886,6.320135340113449,12.640270680226898,20.3065717962295,35.00000000000001,20.0,35.0,1024.6818151627106,1024.7630049942754,0.0007769603877533466,4.121544892920025,0.09427346110942857,1.0812306821719933,0.0,1.0812306821719933,32.61878660395376,1.6999940604746957,19.18758857007153,0.5211702326991641,0.3065717962294738,24.9645413946103,0.0,0.0,35.384772533422066
37.44706047671287,35.45728665069161,0.0,12.884598799163605,36.32961247302057,0.2882199189090744,0.26120899601333947,0.0,0.12182192765531419,6.334224481437861,12.668448962875722,20.305841718497916,35.00000000000001,20.0,35.0,1024.6820094442269,1024.7630049942754,0.0007751011765770236,4.113372766096733,0.0942974042877264,1.0816756384381245,0.0,1.0816756384381245,32.69665122571851,1.699994207122098,19.233389789645415,0.5199291497426861,0.3058417184978933,25.003274066409293,0.0,0.0,35.45728665069161
37.52706047671287,35.529777893229685,0.0,12.918436936093121,36.41616435443272,0.2876257709736879,0.260588169233597,0.0,0.12174723891608616,6.348312045868538,12.696624091737077,20.305114811185746,35.00000000000001,20.0,35.0,1024.6822028776373,1024.7630049942754,0.0007732500814990079,4.105241169422532,0.09432137401939737,1.0821215572292693,0.0,1.0821215572292693,32.77454791898945,1.699994350148763,19.27920990803376,0.5186934551624411,0.30511481118572614,25.04206192907965,0.0,0.0,35.529777893229685
37.60706047671287,35.60224619528341,0.0,12.952324174876052,36.50275194782619,0.287034477606295,0.25997003221003784,0.0,0.12167322502272455,6.362398020694202,12.724796041388403,20.304391053227796,35.00000000000001,20.0,35.0,1024.6823954686058,1024.7630049942754,0.0007714070483178197,4.0971498416627234,0.09434537012609362,1.082568437855413,0.0,1.082568437855413,32.85247675304357,1.6999944896440873,19.325048965259647,0.5174631131841814,0.30439105322777726,25.080904764012946,0.0,0.0,35.60224619528341
37.687060476712865,35.674691491098436,0.0,12.986260569328975,36.58937533011998,0.286446020223245,0.2593545671117168,0.0,0.12159988083887946,6.376482393187425,12.75296478637485,20.303670423746347,35.0,20.0,35.0,1024.6825872227441,1024.7630049942754,0.0007695720233302579,4.089098523839084,0.09436939242924348,1.0830162796208889,0.0,1.0830162796208889,32.93043779710798,1.6999946256952594,19.370907001332533,0.5162380883513661,0.3036704237463318,25.11980235218109,0.0,0.0,35.674691491098436
37.767060476712864,35.74711371491981,0.0,13.02024617290264,36.676034578177216,0.28586038040405676,0.2587417562660349,0.0,0.12152720127247156,6.390565150605018,12.781130301210036,20.302952902049093,35.0,20.0,35.0,1024.6827781456145,1024.7630049942754,0.0007677449533074665,4.081086959253538,0.09439344075005468,1.0834650818243736,0.0,1.0834650818243736,33.00843112035949,1.6999947583873163,19.416784056247693,0.5150183455216583,0.3029529020490778,25.158754474139393,0.0,0.0,35.74711371491981
37.84706047671286,35.81951280099295,0.0,13.05428103868152,36.762729768804704,0.28527753988960264,0.258131582156989,0.0,0.12145518127520719,6.404646280188433,12.809292560376866,20.302238467627074,35.00000000000001,20.0,35.0,1024.6829682427303,1024.7630049942754,0.000765925785488406,4.073114893466155,0.09441751490951743,1.083914843758883,0.0,1.083914843758883,33.086456791924235,1.6999948878031945,19.462680169985664,0.5138038498634675,0.3022384676270566,25.197760910029373,0.0,0.0,35.81951280099295
37.92706047671286,35.891888683564495,0.0,13.08836521938337,36.84946097875246,0.28469748058031646,0.2575240274234445,0.0,0.1213838158420994,6.4187257691641655,12.837451538328331,20.301527100152654,35.0,20.0,35.0,1024.6831575195547,1024.7630049942754,0.0007641144675929093,4.065182074221606,0.09444161472840748,1.0843655647117638,0.0,1.0843655647117638,33.16451488087721,1.6999950140237834,19.508595382511654,0.5125945668525388,0.3015271001526405,25.236821439581455,0.0,0.0,35.891888683564495
38.00706047671286,35.964241296883245,0.0,13.122498767358788,36.93622828471326,0.28412018453442717,0.25691907485743076,0.0,0.12131310001099974,6.432803604744127,12.865607209488253,20.300818779477552,35.0,20.0,35.0,1024.6833459815034,1024.7630049942754,0.0007623109477933946,4.057288251486058,0.09446574002728965,1.084817243964697,0.0,1.084817243964697,33.24260545624193,1.6999951371279747,19.554529733775027,0.511390462268585,0.3008187794775367,25.27593584211846,0.0,0.0,35.964241296883245
38.08706047671286,36.036570575201054,0.0,13.156681734590794,37.02303176332218,0.2835456339662115,0.256316707402459,0.0,0.12124302886212895,6.4468797741260815,12.893759548252163,20.30011348563083,35.0,20.0,35.0,1024.6835336339439,1024.7630049942754,0.0007605151747257459,4.049433177380377,0.0944898906265206,1.0852698807936838,0.0,1.0852698807936838,33.32072858698996,1.6999952571927128,19.600483263708714,0.5101915021919641,0.3001134856308181,25.31510389655791,0.0,0.0,36.036570575201054
38.167060476712855,36.108876452773785,0.0,13.190914172694399,37.109871491156156,0.28297381124427445,0.25571690815186243,0.0,0.12117359751762022,6.460954264494019,12.921908528988038,20.299411198816994,35.0,20.0,35.0,1024.6837204821963,1024.7630049942754,0.0007587270974762562,4.041616606177562,0.09451406634625231,1.0857234744690483,0.0,1.0857234744690483,33.39888434204054,1.699995374293042,19.646456012228715,0.5089976530003993,0.2994111988169794,25.35432538141535,0.0,0.0,36.108876452773785
38.24706047671285,36.18115886386219,0.0,13.22519613291619,37.196747544733526,0.282404698889849,0.2551196603471579,0.0,0.12110480114106571,6.475027063018573,12.950054126037147,20.298711899414034,34.99999999999999,20.0,35.0,1024.683906531534,1024.7630049942754,0.0007569466655838043,4.033838294260076,0.09453826700643522,1.0861780242554318,0.0,1.0861780242554318,33.47707279026017,1.6999954885021538,19.692448019233527,0.507808881365742,0.2987118994140193,25.39360007480733,0.0,0.0,36.18115886386219
38.32706047671285,36.253417742732836,0.0,13.259527666133929,37.283660000513564,0.28183827957511987,0.2545249473764293,0.0,0.12103663493706905,6.489098156857415,12.97819631371483,20.29801556797156,34.99999999999999,20.0,35.0,1024.6840917871834,1024.7630049942754,0.0007551738290289755,4.026098000112446,0.09456249242682144,1.0866335294117877,0.0,1.0866335294117877,33.555294000462204,1.6999955998914325,19.73845932460364,0.5066251542507767,0.2980155679715474,25.43292775445429,0.0,0.0,36.253417742732836
38.40706047671285,36.32565302365907,0.0,13.293908822856139,37.37060893489603,0.2812745361215687,0.2539327527727318,0.0,0.12096909415080502,6.50316753315566,13.00633506631132,20.29732218520893,34.99999999999999,20.0,35.0,1024.6842762543265,1024.7630049942754,0.0007534085382253574,4.018395484308565,0.09458674242696813,1.0870899891913812,0.0,1.0870899891913812,33.63354804140643,1.6999957085305,19.784489968201,0.5054464389060669,0.2973221852089155,25.472308197683798,0.0,0.0,36.32565302365907
38.48706047671285,36.3978646409219,0.0,13.328339653221716,37.45759442422074,0.28071345149834065,0.253343060212517,0.0,0.12090217406758332,6.517235179046279,13.034470358092557,20.29663173201339,34.99999999999999,20.0,35.0,1024.6844599380981,1024.7630049942754,0.0007516507440325955,4.010730509441433,0.09461101682624061,1.087547402841784,0.0,1.087547402841784,33.71183498179866,1.6999958144872596,19.83053998986849,0.5042727028668429,0.2966317320133744,25.511741181433433,0.0,0.0,36.3978646409219
38.56706047671285,36.470052528810946,0.0,13.362820206999539,37.54461654476706,0.2801550088206325,0.25275585351407864,0.0,0.1208358700124193,6.531301081650493,13.062602163300985,20.295944189438266,34.999999999999986,20.0,35.0,1024.68464284359,1024.7630049942754,0.0007499003977259308,4.003102840169401,0.09463531544381579,1.088005769604871,0.0,1.088005769604871,33.79015489029035,1.6999959178279374,19.87660942942945,0.5031039139499279,0.295944189438253,25.551226482253963,0.0,0.0,36.470052528810946
38.647060476712845,36.54221662162535,0.0,13.39735053358808,37.63167537275349,0.27959919134810135,0.25217111663601827,0.0,0.12077017734960846,6.545365228078195,13.09073045615639,20.295259538701178,34.999999999999986,20.0,35.0,1024.6848249758482,1024.7630049942754,0.0007481574510136072,3.9955122431352135,0.09465963809868526,1.0884650887168172,0.0,1.0884650887168172,33.86850783547814,1.6999960186171248,19.92269832668711,0.5019400402507059,0.295259538701163,25.590763876312156,0.0,0.0,36.54221662162535
38.72706047671284,36.61435685367474,0.0,13.431930682015038,37.718770984337205,0.2790459824832954,0.25158883367573087,0.0,0.12070509148231086,6.559427605428344,13.118855210856688,20.294577761182236,34.99999999999998,20.0,35.0,1024.6850063398756,1024.7630049942754,0.0007464218560216395,3.987958486972556,0.09468398460965888,1.0889253594080988,0.0,1.0889253594080988,33.946893885903485,1.6999961169178182,19.96880672142415,0.5007810501401263,0.2945777611822247,25.63035313939448,0.0,0.0,36.61435685367474
38.80706047671284,36.68647315928015,0.0,13.466560700936965,37.80590345561357,0.2784953657701035,0.2510089888679103,0.0,0.12064060785213657,6.573488200789373,13.146976401578746,20.29389883842233,34.999999999999986,20.0,35.0,1024.6851869406314,1024.7630049942754,0.0007446935652916382,3.9804413422782106,0.09470835479536809,1.0893865809034893,0.0,1.0893865809034893,34.02531311005221,1.6999962127914587,20.014934653402165,0.4996269122617489,0.2938988384223176,25.669994046909945,0.0,0.0,36.68647315928015
38.88706047671284,36.75856547277495,0.0,13.501240638638906,37.89307286261572,0.2779473248922236,0.2504315665830733,0.0,0.12057672193873506,6.587547001239628,13.175094002479256,20.293222752121363,34.99999999999998,20.0,35.0,1024.6853667830324,1024.7630049942754,0.0007429725317721055,3.972960581602053,0.09473274847426878,1.0898487524220506,0.0,1.0898487524220506,34.10376557635414,1.6999963062979708,20.061082162361195,0.4984775955288245,0.29322275212135235,25.709686373892783,0.0,0.0,36.75856547277495
38.96706047671284,36.830633728505795,0.0,13.535970543034043,37.980279281314075,0.2774018436716555,0.24985655132610352,0.0,0.12051342925939744,6.601603993847738,13.203207987695476,20.292549484136572,34.99999999999998,20.0,35.0,1024.6855458719522,1024.7630049942754,0.0007412587088227875,3.9655159794026673,0.09475716546464526,1.0903118731771424,0.0,1.0903118731771424,34.182251353182664,1.699996397495799,20.107249288019233,0.4973330691214154,0.2925494841365653,25.74942989500643,0.0,0.0,36.830633728505795
39.047060476712836,36.90267786083358,0.0,13.570750461663343,38.06752278761591,0.27685890606720803,0.24928392773481314,0.0,0.12045072536865684,6.61565916567305,13.2313183313461,20.29187901648084,34.99999999999998,20.0,35.0,1024.6857242122223,1024.7630049942754,0.0007395520502081462,3.958107312032359,0.09478160558461333,1.0907759423764138,0.0,1.0907759423764138,34.260770508854314,1.6999964864419446,20.15343607007174,0.49619330248355026,0.2918790164808352,25.789224384546337,0.0,0.0,36.90267786083358
39.127060476712835,36.974697804134344,0.0,13.605580441695222,38.154803457364864,0.2763184961730277,0.2487136805785237,0.0,0.12038860585789495,6.629712503766048,13.259425007532096,20.29121133132103,34.99999999999998,20.0,35.0,1024.6859018086343,1024.7630049942754,0.0007378525100756006,3.9507343577634,0.09480606865212354,1.0912409592218006,0.0,1.0912409592218006,34.339323111628374,1.699996573192002,20.199642548191186,0.4950582653204162,0.2912113313210209,25.829069616442936,0.0,0.0,36.974697804134344
39.20706047671283,37.04669349280027,0.0,13.640460529925209,38.24212136634053,0.2757805982171466,0.24814579475666465,0.0,0.12032706635495823,6.643763995168745,13.28752799033749,20.290546410976326,34.99999999999998,20.0,35.0,1024.6860786659363,1024.7630049942754,0.0007361600429859894,3.943396896674955,0.09483055448496495,1.09170692290953,0.0,1.09170692290953,34.417909229706474,1.699996657800193,20.245868762026554,0.49392792759558657,0.2905464109763207,25.868965364265495,0.0,0.0,37.04669349280027
39.28706047671283,37.11866486124059,0.0,13.675390772775614,38.32947659025793,0.27524519656004837,0.2475802552973901,0.0,0.12026610252377347,6.657813626915108,13.315627253830217,20.289884237916663,34.99999999999998,20.0,35.0,1024.6862547888372,1024.7630049942754,0.0007344746038765804,3.9360947107208983,0.09485506290076821,1.0921738326301147,0.0,1.0921738326301147,34.496528931232135,1.6999967403194,20.292114751202895,0.49280225952828355,0.289884237916653,25.908911401224902,0.0,0.0,37.11866486124059
39.36706047671283,37.19061184388254,0.0,13.710371216295217,38.416869204767146,0.2747122756932511,0.24701704735621274,0.0,0.12020571006397046,6.671861386031483,13.343722772062966,20.289224794761065,34.99999999999998,20.0,35.0,1024.6864301820053,1024.7630049942754,0.0007327961480741265,3.9288275836640745,0.09487959371700909,1.092641687568353,0.0,1.092641687568353,34.57518228429043,1.6999968208012008,20.338380555320864,0.49168123159067506,0.28922479476105606,25.948907500176986,0.0,0.0,37.19061184388254
39.44706047671283,37.26253437517235,0.0,13.745401906158941,38.50429928545278,0.27418182023791104,0.24645615621465544,0.0,0.12014588471051146,6.685907259536992,13.371814519073984,20.28856806427612,34.99999999999998,20.0,35.0,1024.6866048500697,1024.7630049942754,0.0007311246312796338,3.921595301086749,0.09490414675101205,1.0931104869033312,0.0,1.0931104869033312,34.6538693569075,1.6999968992958991,20.384666213956248,0.49056481450520667,0.2885680642761099,25.988953433626115,0.0,0.0,37.26253437517235
39.527060476712826,37.33443238957614,0.0,13.78048288766756,38.59176690783355,0.2736538149434408,0.24589756727891993,0.0,0.12008662223331962,6.699951234443975,13.39990246888795,20.287914029374384,34.99999999999997,20.0,35.0,1024.6867787976191,1024.7630049942754,0.0007294600095792416,3.9143976503313924,0.09492872181995317,1.0935802298084143,0.0,1.0935802298084143,34.732590217050195,1.6999969758525562,20.430971766659553,0.4894529792419654,0.2879140293743773,26.02904897372776,0.0,0.0,37.33443238957614
39.607060476712824,37.40630582158093,0.0,13.815614205747387,38.67927214736181,0.27312824468614955,0.24534126607857212,0.0,0.12002791843692226,6.713993297758368,13.427986595516735,20.28726267311287,34.99999999999997,20.0,35.0,1024.6869520292034,1024.7630049942754,0.0007278022394333426,3.907234420500244,0.09495331874086449,1.0940509154512614,0.0,1.0940509154512614,34.81134493262562,1.6999970505190225,20.477297252955495,0.48834569701607944,0.2872626731128643,26.069193892293047,0.0,0.0,37.40630582158093
39.68706047671282,37.47815460569554,0.0,13.85079590494999,38.76681507942308,0.2726050944678948,0.24478723826524412,0.0,0.11996976916008659,6.728033436480161,13.456066872960323,20.286613978691506,34.99999999999997,20.0,35.0,1024.6871245493346,1024.7630049942754,0.0007261512776635276,3.9001054024610293,0.0949779373306366,1.0945225429938097,0.0,1.0945225429938097,34.890133571480774,1.699997123341967,20.523642712342618,0.48724293928514684,0.28661397869150057,26.109387960790936,0.0,0.0,37.47815460569554
39.76706047671282,37.549978676451616,0.0,13.886028029451905,38.85439577933564,0.27208434941475607,0.24423546961135262,0.0,0.11991217027546917,6.742071637603796,13.484143275207591,20.285967929451644,34.99999999999997,20.0,35.0,1024.6872963624864,1024.7630049942754,0.0007245070814569372,3.8930103888064367,0.09500257740602269,1.0949951115922854,0.0,1.0949951115922854,34.96895620140207,1.6999971943669072,20.570008184292796,0.48614467774669984,0.28596792945163896,26.149630950352257,0.0,0.0,37.549978676451616
39.84706047671282,37.62177796840452,0.0,13.921310623054353,38.94201432235002,0.27156599477572224,0.24368594600883323,0.0,0.11985511768926516,6.756107888118592,13.512215776237184,20.285324508874577,34.99999999999997,20.0,35.0,1024.687467473094,1024.7630049942754,0.0007228696083706142,3.885949173813846,0.09502723878364171,1.095468620397198,0.0,1.095468620397198,35.04781289011502,1.699997263638235,20.61639370825088,0.48505088433569754,0.2853245088745731,26.189922631772767,0.0,0.0,37.62177796840452
39.92706047671282,37.69355241613436,0.0,13.956643729182973,39.02967078364856,0.27105001592139766,0.24313865346789099,0.0,0.11979860734086502,6.770142175009158,13.540284350018316,20.28468370058008,34.99999999999997,20.0,35.0,1024.6876378855561,1024.7630049942754,0.0007212388163119194,3.878921553469758,0.09505192127998216,1.0959430685533467,0.0,1.0959430685533467,35.1267037052837,1.6999973311992478,20.662799323634164,0.48396153122205343,0.2846837005800751,26.23026277551691,0.0,0.0,37.69355241613436
40.007060476712816,37.765301954246894,0.0,13.992027390887563,39.117365238344966,0.2705363983427228,0.24259357811576618,0.0,0.11974263520251273,6.784174485255818,13.568348970511636,20.284045488324956,34.99999999999997,20.0,35.0,1024.687807604234,1024.7630049942754,0.0007196146635428846,3.8719273254302666,0.09507662471140542,1.0964184551998175,0.0,1.0964184551998175,35.20562871451047,1.6999973970921731,20.709225069832055,0.48287659080818984,0.2840454883249498,26.27065115172096,0.0,0.0,37.765301954246894
40.087060476712814,37.83702651737454,0.0,14.027461650841811,39.205097761483835,0.2700251276497111,0.24205070619551577,0.0,0.11968719727896909,6.798204805835038,13.596409611670076,20.283409856001615,34.999999999999964,20.0,35.0,1024.6879766334525,1024.7630049942754,0.0007179971086758601,3.864966289005254,0.09510134889414923,1.0968947794699837,0.0,1.0968947794699837,35.28458798533545,1.6999974613581963,20.755670986205576,0.48179603572662616,0.28340985600160834,26.311087530196414,0.0,0.0,37.83702651737454
40.16706047671281,37.908726040177314,0.0,14.062946551343058,39.2928684280402,0.26951618957020207,0.24151002406480987,0.0,0.11963228960717943,6.812233123719847,13.624466247439694,20.282776787636664,34.99999999999997,20.0,35.0,1024.6881449775003,1024.7630049942754,0.0007163861106713389,3.8580382451370863,0.09512609364433121,1.0973720404915062,0.0,1.0973720404915062,35.363581585236176,1.6999975240374856,20.802137112086992,0.4807198388375944,0.28277678763665914,26.35157168043338,0.0,0.0,37.908726040177314
40.24706047671281,37.98040045734381,0.0,14.09848213431205,39.3806773129191,0.26900956994863157,0.24097151819474324,0.0,0.11957790825594922,6.82625942588024,13.65251885176048,20.28214626738952,34.99999999999997,20.0,35.0,1024.6883126406299,1024.7630049942754,0.0007147816288336051,3.8511429963855144,0.0951508587779528,1.0978502373863441,0.0,1.0978502373863441,35.44260958162719,1.699997585169218,20.84862348677938,0.47964797322668534,0.2821462673895158,26.392103371604737,0.0,0.0,37.98040045734381
40.32706047671281,38.052049703592175,0.0,14.134068441292701,39.468524490955076,0.2685052547448141,0.24043517516866167,0.0,0.1195240493256169,6.840283699283618,13.680567398567236,20.281518279551026,34.99999999999997,20.0,35.0,1024.6884796270592,1024.7630049942754,0.0007131836227976785,3.8442803469363316,0.09517564411090244,1.098329369270748,0.0,1.098329369270748,35.52167204185957,1.6999976447916025,20.895130149556213,0.47858041220252406,0.2815182795510236,26.432682372568962,0.0,0.0,38.052049703592175
40.40706047671281,38.12367371367106,0.0,14.169705513451873,39.55641003691176,0.26800323003274196,0.23990098168100266,0.0,0.11947070894773346,6.854305930895217,13.708611861790434,20.280892808542102,34.99999999999997,20.0,35.0,1024.6886459409702,1024.7630049942754,0.0007115920525445457,3.837450102534169,0.09520044945895904,1.0988094352552602,0.0,1.0988094352552602,35.60076903322058,1.6999977029419049,20.941657139660965,0.4775171292944726,0.28089280854210136,26.473308451873503,0.0,0.0,38.12367371367106
40.487060476712806,38.195272422360624,0.0,14.205393391579149,39.644334025481385,0.26750348199940044,0.2393689245361505,0.0,0.11941788328475024,6.868326107678512,13.736652215357024,20.280269838912403,34.99999999999997,20.0,35.0,1024.6888115865106,1024.7630049942754,0.0007100068783815769,3.830652070509435,0.09522527463779597,1.0992904344447265,0.0,1.0992904344447265,35.679900622933246,1.6999977596564715,20.988204496306686,0.47645809825036295,0.28026983891240165,26.513981377759002,0.0,0.0,38.195272422360624
40.567060476712804,38.26684576447347,0.0,14.241132116086622,39.732296531284355,0.2670059969435954,0.2388389906473056,0.0,0.1193655685297043,6.882344216595651,13.764688433191303,20.27964935533899,34.99999999999998,20.0,35.0,1024.6889765677934,1024.7630049942754,0.0007084280609490546,3.8238860597351607,0.0952501194629843,1.0997723659382894,0.0,1.0997723659382894,35.75906687815592,1.6999978149707502,21.034772258675627,0.4754032930342556,0.27964935533898627,26.554700918162304,0.0,0.0,38.26684576447347
40.6470604767128,38.33839367485565,0.0,14.27692172700869,39.82029762886878,0.2665107612747967,0.2383111670353675,0.0,0.11931376090591081,6.89636024460789,13.79272048921578,20.27903134262502,34.99999999999997,20.0,35.0,1024.6891408888982,1024.7630049942754,0.0007068555612049407,3.81715188064288,0.09527498374999654,1.1002552288293952,0.0,1.1002552288293952,35.8382678659819,1.6999978689193147,21.081360465918827,0.4743526878242273,0.2790313426250189,26.595466840720057,0.0,0.0,38.33839367485565
40.7270604767128,38.409916088387625,0.0,14.31276226400186,39.90833739271,0.2660177615119965,0.23778544082783193,0.0,0.11926245666666055,6.910374178675991,13.820748357351983,20.278415785698474,34.99999999999997,20.0,35.0,1024.6893045538702,1024.7630049942754,0.0007052893404401095,3.810449345156623,0.0952998673142103,1.1007390222057973,0.0,1.1007390222057973,35.917503653439,1.6999979215358842,21.127969157155725,0.4733062570101846,0.2784157856984732,26.63627891277262,0.0,0.0,38.409916088387625
40.8070604767128,38.481412939985255,0.0,14.348653766344553,39.99641589721017,0.2655269842825797,0.2372617992577009,0.0,0.11921165209491796,6.924386005760671,13.848772011521342,20.27780266961086,34.99999999999998,20.0,35.0,1024.689467566722,1024.7630049942754,0.0007037293602544111,3.8037782667328903,0.09532476997091181,1.101223745149559,0.0,1.101223745149559,35.996774307489154,1.699997972853346,21.17459837147376,0.472263975191705,0.27780266961085714,26.677136901367366,0.0,0.0,38.481412939985255
40.8870604767128,38.552884164600755,0.0,14.384596272936923,40.084533216697764,0.26503841632120995,0.23674022966240665,0.0,0.11916134350302515,6.938395712823014,13.876791425646028,20.277191979535957,34.99999999999998,20.0,35.0,1024.6896299314324,1024.7630049942754,0.0007021755825719043,3.7971384602952254,0.0953496915352996,1.101709396737054,0.0,1.101709396737054,36.07607989502799,1.6999980229037752,21.22124814792799,0.47122581717590367,0.2771919795359529,26.718040573262392,0.0,0.0,38.552884164600755
40.967060476712795,38.6243296972237,0.0,14.420589822300682,40.17268942542715,0.2645520444687284,0.2362207194827483,0.0,0.11911152723240839,6.952403286824905,13.90480657364981,20.276583700768573,34.99999999999998,20.0,35.0,1024.6897916519488,1024.7630049942754,0.0007006279696169209,3.79052974227486,0.09537463182248809,1.1021959760389746,0.0,1.1021959760389746,36.15542048288444,1.699998071718455,21.267918525540722,0.4701917579753262,0.27658370076857175,26.758989694930087,0.0,0.0,38.6243296972237
41.047060476712794,38.695749472881985,0.0,14.45663445257893,40.26088459757812,0.2640678556710666,0.23570325626184185,0.0,0.11906219965328954,6.966408714729446,13.932817429458892,20.275977818723327,34.99999999999998,20.0,35.0,1024.6899527321848,1024.7630049942754,0.0006990864839380004,3.78395193052229,0.09539959064751133,1.1026834821203322,0.0,1.1026834821203322,36.234796137820304,1.699998119327896,21.314609543301106,0.46916177280586707,0.2759778187233248,26.799984032560893,0.0,0.0,38.695749472881985
41.12706047671279,38.767143426642825,0.0,14.492730201535995,40.34911880725544,0.26358583697817173,0.23518782764408244,0.0,0.11901335716439852,6.980411983501398,13.960823967002796,20.275374318933412,34.99999999999998,20.0,35.0,1024.6901131760237,1024.7630049942754,0.0006975510883730761,3.7774048443779678,0.09542456782532642,1.1031719140404599,0.0,1.1031719140404599,36.31420692652989,1.6999981657618557,21.361321240164777,0.4681358370847131,0.2753743189334076,26.84102335206668,0.0,0.0,38.767143426642825
41.20706047671279,38.838511493613716,0.0,14.528877106557278,40.43739212848839,0.2631059755429463,0.23467442137411973,0.0,0.11896499619269339,6.994413080107586,13.988826160215172,20.274773187049405,34.999999999999986,20.0,35.0,1024.6902729873154,1024.7630049942754,0.0006960217460799379,3.7708883045667383,0.09544956317081753,1.1036612708530227,0.0,1.1036612708530227,36.39365291563955,1.699998211049357,21.40805365505347,0.46711392642831184,0.2747731870494009,26.882107419084893,0.0,0.0,38.838511493613716
41.28706047671279,38.90985360894343,0.0,14.565075204649109,40.52570463523033,0.26262825862019995,0.23416302529584532,0.0,0.11891711319308049,7.008411991517336,14.016823983034673,20.27417440883809,34.999999999999986,20.0,35.0,1024.6904321698798,1024.7630049942754,0.0006944984205035929,3.764402133263285,0.09547457649879942,1.1041515516060192,0.0,1.1041515516060192,36.4731341717073,1.6999982552187056,21.454806826854664,0.46609601665036426,0.2741744088380848,26.92323599898201,0.0,0.0,38.90985360894343
41.36706047671279,38.98116970782301,0.0,14.601324532438607,40.614056401358226,0.26215267356561284,0.2336536273513926,0.0,0.118869704648137,7.0224087047029125,14.044817409405825,20.27357797018127,34.999999999999986,20.0,35.0,1024.6905907275052,1024.7630049942754,0.0006929810753914974,3.7579461540282657,0.09549960762402085,1.10464275534178,0.0,1.10464275534178,36.5526507612224,1.6999982982975093,21.501580794421173,0.4650820837598421,0.27357797018126784,26.964408856856934,0.0,0.0,38.98116970782301
41.447060476712785,39.05245972548673,0.0,14.637625126173551,40.7024475006722,0.2616792078347144,0.23314621558014847,0.0,0.11882276706784171,7.036403206639922,14.072806413279844,20.272983857074635,34.999999999999986,20.0,35.0,1024.69074866395,1024.7630049942754,0.0006914696747761499,3.7515201918331793,0.09552465636116872,1.1051348810969837,0.0,1.1051348810969837,36.632202750604975,1.6999983403126935,21.54837559657084,0.4640721039590278,0.2729838570746296,27.005625757545246,0.0,0.0,39.05245972548673
41.527060476712784,39.12372359721309,0.0,14.673977021722257,40.79087800689509,0.26120784898187194,0.23264077811777714,0.0,0.11877629698930513,7.050395484307756,14.100790968615511,20.272392055626582,34.999999999999986,20.0,35.0,1024.6909059829406,1024.7630049942754,0.0006899641829968496,3.7451240729792654,0.09554972252487151,1.105627927902655,0.0,1.105627927902655,36.71179020620558,1.699998381290519,21.595191272086137,0.4630660536415791,0.2723920556265777,27.046886465622748,0.0,0.0,39.12372359721309
41.60706047671278,39.194961258325826,0.0,14.710380254573456,40.879347993671985,0.26073858465929256,0.23213730319525558,0.0,0.11873029097650296,7.064385524690011,14.128771049380022,20.271802552057125,34.999999999999986,20.0,35.0,1024.6910626881747,1024.7630049942754,0.0006884645646692337,3.738757625158292,0.09557480592970301,1.1061218947841711,0.0,1.1061218947841711,36.79141319430479,1.6999984212565984,21.642027859713806,0.4620639093906166,0.27180255205711895,27.088190745409026,0.0,0.0,39.194961258325826
41.68706047671278,39.26617264419485,0.0,14.746834859836198,40.967857534569774,0.26027140261603704,0.2316357791379205,0.0,0.1186847456200154,7.078373314774919,14.156746629549838,20.271215332696748,34.999999999999986,20.0,35.0,1024.6912187833202,1024.7630049942754,0.000686970784691806,3.732420677413338,0.09559990639018606,1.1066167807612697,0.0,1.1066167807612697,36.871071781112796,1.699998460235912,21.688885398164494,0.46106564797683375,0.27121533269674303,27.12953836097156,0.0,0.0,39.26617264419485
41.76706047671278,39.33735769023728,0.0,14.783340872239739,41.05640670307671,0.25980629069704486,0.23113619436452673,0.0,0.11863965753676597,7.092358841555776,14.184717683111552,20.270630383985328,34.999999999999986,20.0,35.0,1024.6913742720149,1024.7630049942754,0.0006854828082524634,3.726113060099747,0.09562502372079622,1.1071125848480496,0.0,1.1071125848480496,36.95076603276904,1.699998498252823,21.735763926112444,0.46007124635662866,0.27063038398531986,27.170929076129102,0.0,0.0,39.33735769023728
41.84706047671278,39.408516331918406,0.0,14.819898326133455,41.14499557260194,0.25934323684217236,0.2306385373863169,0.0,0.1185950233697672,7.106342092031362,14.212684184062724,20.270047692471017,34.99999999999999,20.0,35.0,1024.6915291578678,1024.7630049942754,0.0006840006008132656,3.7198346049054547,0.09565015773596554,1.1076093060529828,0.0,1.1076093060529828,37.03049601534175,1.6999985353310927,21.782663482195098,0.4590806816702598,0.27004769247101085,27.212362654455834,0.0,0.0,39.408516331918406
41.927060476712775,39.479648504752674,0.0,14.856507255486754,41.23362421647508,0.2588822290852413,0.23014279680610214,0.0,0.11855083978786715,7.120323053206371,14.240646106412742,20.2694672448092,34.99999999999999,20.0,35.0,1024.6916834444582,1024.7630049942754,0.0006825241281213143,3.713585144800605,0.09567530825008638,1.1081069433789184,0.0,1.1081069433789184,37.11026179482757,1.699998571493897,21.82958410501276,0.45809393124002235,0.2694672448091918,27.253838859285057,0.0,0.0,39.479648504752674
42.00706047671277,39.5507541443047,0.0,14.893167693889001,41.32229270794572,0.25842325555309886,0.22964896131735377,0.0,0.11850710348549907,7.134301712091836,14.268603424183672,20.2688890277614,34.99999999999999,20.0,35.0,1024.6918371353381,1024.7630049942754,0.0006810533561869939,3.7073645140761577,0.095700475077515,1.1086054958230884,0.0,1.1086054958230884,37.190063437151146,1.6999986067638382,21.876525833128255,0.45711097256844646,0.2688890277613903,27.29535745371297,0.0,0.0,39.5507541443047
42.08706047671277,39.62183318619024,0.0,14.929879674549445,41.41100112018304,0.2579663044646887,0.22915701970330565,0.0,0.11846381118243347,7.148278055705573,14.296556111411146,20.268313028194243,34.999999999999986,20.0,35.0,1024.6919902340312,1024.7630049942754,0.0006795882512883235,3.701172548311771,0.09572565803257517,1.1091049623771112,0.0,1.1091049623771112,37.26990100816473,1.6999986411629617,21.923488705066582,0.45613178333651666,0.26831302819423364,27.33691820060231,0.0,0.0,39.62183318619024
42.16706047671277,39.69288556607717,0.0,14.96664323029716,41.49974952627529,0.25751136413013476,0.22866696083606736,0.0,0.11842095962353658,7.162252071072576,14.324504142145152,20.26773923307842,34.999999999999986,20.0,35.0,1024.6921427440316,1024.7630049942754,0.0006781287799883648,3.695009084308339,0.09575085692956235,1.1096053420270058,0.0,1.1096053420270058,37.34977457364776,1.6999986747127676,21.970472759314585,0.45515634140191213,0.2677392330784114,27.37852086258667,0.0,0.0,39.69288556607717
42.24706047671277,39.76391121968651,0.0,15.003458393580988,41.588537999229395,0.25705842294983394,0.22817877367574768,0.0,0.11837854557852799,7.176223745225464,14.352447490450928,20.267167629487655,34.999999999999986,20.0,35.0,1024.6922946688067,1024.7630049942754,0.0006766749091047579,3.688873960151057,0.09577607158274712,1.110106633753195,0.0,1.110106633753195,37.42968419930645,1.699998707434226,22.017478034320582,0.45418462479726873,0.26716762948764855,27.420165202074145,0.0,0.0,39.76391121968651
42.32706047671277,39.834910082793385,0.0,15.04032519646949,41.6773666119705,0.2566074694135603,0.2276924472695884,0.0,0.11833656584174215,7.190193065204904,14.380386130409809,20.2665982045977,34.99999999999998,20.0,35.0,1024.6924460117964,1024.7630049942754,0.0006752266057184266,3.682767015166131,0.09580130180637905,1.1106088365305133,0.0,1.1106088365305133,37.509629950773444,1.6999987393477887,22.064504568494073,0.45321661172845956,0.2665982045976916,27.46185098125113,0.0,0.0,39.834910082793385
42.407060476712765,39.905882091228015,0.0,15.077243670650914,41.76623543734149,0.2561584920995794,0.2272079707511085,0.0,0.11829501723189235,7.204160018060041,14.408320036120083,20.266030945685312,34.99999999999998,20.0,35.0,1024.6925967764137,1024.7630049942754,0.0006737838371692255,3.676688089913266,0.09582654741469031,1.11111194932821,0.0,1.11111194932821,37.58961189360734,1.6999987704734028,22.111552400205365,0.4522522805728974,0.26603094568530633,27.503577962086105,0.0,0.0,39.905882091228015
42.48706047671276,39.976827180876725,0.0,15.114213847433156,41.855144548102594,0.25571147967377533,0.2267253333392582,0.0,0.11825389659184121,7.218124590848908,14.436249181697816,20.26546584012729,34.99999999999997,20.0,35.0,1024.6927469660438,1024.7630049942754,0.0006723465710602927,3.670637026154651,0.09585180822189988,1.1116159711099691,0.0,1.1116159711099691,37.669630093292334,1.6999988008305227,22.158621567785282,0.45129160987785594,0.26546584012728747,27.54534590633415,0.0,0.0,39.976827180876725
42.56706047671276,40.04774528768293,0.0,15.15123575774374,41.94409401693088,0.2552664208887842,0.22624452433758319,0.0,0.11821320078836649,7.232086770638871,14.464173541277741,20.264902875399486,34.99999999999997,20.0,35.0,1024.6928965840461,1024.7630049942754,0.0006709147752449934,3.664613666871608,0.09587708404221669,1.1121209008339015,0.0,1.1121209008339015,37.74968461523779,1.6999988304381224,22.205712109524786,0.4503345783588115,0.26490287539947993,27.587154575539977,0.0,0.0,40.04774528768293
42.64706047671276,40.11863634764811,0.0,15.188309432129799,42.033083916419876,0.2548233045831413,0.22576553313339814,0.0,0.11817292671193723,7.246046544507042,14.492093089014084,20.264342039075817,34.99999999999997,20.0,35.0,1024.6930456337525,1024.7630049942754,0.0006694884178378,3.6586178562161966,0.09590237468984397,1.1126267374525658,0.0,1.1126267374525658,37.82977552477789,1.6999988593147082,22.252824063674705,0.44938116489780294,0.26434203907581116,27.62900373104255,0.0,0.0,40.11863634764811
42.72706047671276,40.189500296832826,0.0,15.225434900758072,42.122114319079074,0.2543821196804362,0.22528834919697047,0.0,0.11813307127648752,7.260003899540717,14.520007799081434,20.26378331882734,34.99999999999997,20.0,35.0,1024.69319411847,1024.7630049942754,0.0006680674671903574,3.6526494395580773,0.09592767997898266,1.1131334799129688,0.0,1.1131334799129688,37.909902887171164,1.6999988874783283,22.299957468445367,0.44843134854181166,0.2637833188273356,27.67089313397864,0.0,0.0,40.189500296832826
42.807060476712756,40.26033707135769,0.0,15.262612193414903,42.21118529733351,0.2539428551884795,0.22481296208071322,0.0,0.11809363141919577,7.273958822837781,14.547917645675563,20.263226702421292,34.999999999999964,20.0,35.0,1024.6933420414791,1024.7630049942754,0.0006666518919110656,3.646708263412755,0.09595299972383538,1.1136411271565794,0.0,1.1136411271565794,37.990066767600155,1.6999989149465862,22.3471123620063,0.44748510850115986,0.26322670242128937,27.71282254528699,0.0,0.0,40.26033707135769
42.887060476712755,40.33114660740437,0.0,15.299841339506237,42.300296923523305,0.2535055001984776,0.22433936141838742,0.0,0.11805460410026573,7.287911301507147,14.575822603014293,20.26267217772016,34.99999999999997,20.0,35.0,1024.6934894060341,1024.7630049942754,0.0006652416608563766,3.6407941754472546,0.09597833373861027,1.114149678119336,0.0,1.114149678119336,38.07026723117097,1.6999989417366503,22.3942887824859,0.4465424241479278,0.2626721777201567,27.75479172571235,0.0,0.0,40.33114660740437
42.96706047671275,40.401928841216574,0.0,15.337122368057651,42.38944926990326,0.2530700438842183,0.22386753692431385,0.0,0.1180159863027087,7.301861322669174,14.603722645338348,20.26211973268075,34.999999999999964,20.0,35.0,1024.6936362153647,1024.7630049942754,0.0006638367431199141,3.6349070244920103,0.0960036818375247,1.1146591317316545,0.0,1.1146591317316545,38.15050434291293,1.6999989678652656,22.441486767971128,0.44560327501438857,0.2621197326807466,27.7968004358092,0.0,0.0,40.401928841216574
43.04706047671275,40.47268370910104,0.0,15.374455307714367,42.47864240864236,0.2526364755012651,0.22339747839259372,0.0,0.11797777503213025,7.3158088734560955,14.631617746912191,20.261569355353284,34.99999999999997,20.0,35.0,1024.6937824726754,1024.7630049942754,0.0006624371080346505,3.6290466605172798,0.09602904383480905,1.115169486918438,0.0,1.115169486918438,38.23077816777812,1.6999989933487631,22.48870635650717,0.4446676407914621,0.2615693553532807,27.83884843594591,0.0,0.0,40.47268370910104
43.12706047671275,40.543411147428536,0.0,15.411840186741285,42.56787641182338,0.2522047843861615,0.2229291756963385,0.0,0.11793996731651771,7.329753941012446,14.659507882024892,20.261021033880496,34.99999999999997,20.0,35.0,1024.6939281811458,1024.7630049942754,0.0006610427251729065,3.623212934615685,0.09605441954471049,1.1156807425990853,0.0,1.1156807425990853,38.311088770641035,1.6999990182030706,22.535947586097162,0.4437355013271855,0.2610210338804912,27.880935486308555,0.0,0.0,40.543411147428536
43.20706047671275,40.61411109263483,0.0,15.449277033023023,42.65715135144242,0.2517749599556455,0.22246261878690854,0.0,0.11790256020603414,7.343696512495457,14.687393024990914,20.26047475649673,34.99999999999997,20.0,35.0,1024.6940733439299,1024.7630049942754,0.0006596535643528779,3.6174056989670684,0.09607980878149712,1.1161928976875064,0.0,1.1161928976875064,38.39143621629818,1.6999990424437232,22.58321049470185,0.4428068366252025,0.26047475649672974,27.923061346905538,0.0,0.0,40.61411109263483
43.287060476712746,40.68478348122171,0.0,15.486765874063959,42.74646729940848,0.2513469917058694,0.22199779769316078,0.0,0.1178655507728056,7.357636575075529,14.715273150151058,20.259930511527088,34.999999999999964,20.0,35.0,1024.6942179641583,1024.7630049942754,0.0006582695956147023,3.61162480688696,0.0961052113594611,1.11670595109212,0.0,1.11670595109212,38.47182056946763,1.699999066085872,22.630495120239264,0.4418816268432696,0.25993051152708624,27.965225777570403,0.0,0.0,40.68478348122171
43.367060476712744,40.75542824975794,0.0,15.52430673698829,42.835824327543,0.25092086921163437,0.22153470252070454,0.0,0.11782893611072393,7.371574115936602,14.743148231873205,20.259388287386525,34.99999999999997,20.0,35.0,1024.6943620449374,1024.7630049942754,0.0006568907892313372,3.6058701127799897,0.09613062709292326,1.1172199017158797,0.0,1.1172199017158797,38.5522418947887,1.6999990891442938,22.677801500584472,0.4409598522917784,0.2593882873865177,28.007428537967296,0.0,0.0,40.75542824975794
43.44706047671274,40.82604533488029,0.0,15.561899648540093,42.92522250757946,0.25049658212562886,0.22107332345116626,0.0,0.11779271333523962,7.385509122276613,14.771018244553225,20.258848072578992,34.99999999999997,20.0,35.0,1024.6945055893489,1024.7630049942754,0.0006555171157129129,3.6001414721111957,0.09615605579623637,1.1177347484562707,0.0,1.1177347484562707,38.632700256821515,1.6999991116334012,22.725129673569217,0.4400414934322967,0.2588480725789874,28.049669387593962,0.0,0.0,40.82604533488029
43.52706047671274,40.89663467329449,0.0,15.59954463508339,43.014661911162904,0.25007412017767927,0.22061365074146283,0.0,0.11775687958316594,7.399441581307887,14.798883162615773,20.25830985569662,34.99999999999997,20.0,35.0,1024.6946486004513,1024.7630049942754,0.0006541485457893243,3.5944387414373398,0.0961814972837893,1.1182504902053316,0.0,1.1182504902053316,38.71319572004661,1.6999991335672509,22.77247967698164,0.4391265308761247,0.2583098556966136,28.09194808578651,0.0,0.0,40.89663467329449
43.60706047671274,40.96719620177623,0.0,15.637241722602232,43.104142609849525,0.24965347317400632,0.2201556747230826,0.0,0.11772143201247828,7.413371480257587,14.826742960515174,20.25777362541883,34.99999999999997,20.0,35.0,1024.6947910812796,1024.7630049942754,0.0006527850504167595,3.588761778372673,0.09620695137001052,1.118767125849655,0.0,1.118767125849655,38.79372834886457,1.6999991549595517,22.81985154856597,0.4382149453828683,0.2577736254188284,28.134264391722823,0.0,0.0,40.96719620177623
43.68706047671274,41.03772985717216,0.0,15.674990936700777,43.19366467510623,0.24923463099649265,0.21969938580137524,0.0,0.117686367802122,7.4272988063681105,14.854597612736221,20.25723937051155,34.999999999999964,20.0,35.0,1024.6949330348455,1024.7630049942754,0.0006514266007755236,3.583110441578815,0.09623241786937221,1.1192846542704058,0.0,1.1192846542704058,38.8742982075956,1.6999991758236748,22.86724532602225,0.43730671785902847,0.25723937051154566,28.17661806442722,0.0,0.0,41.03772985717216
43.767060476712736,41.108235576400844,0.0,15.712792302603392,43.28322817831019,0.24881758360195663,0.21924477445484933,0.0,0.11765168415181705,7.441223546897526,14.882447093795053,20.256707079826338,34.999999999999964,20.0,35.0,1024.6950744641372,1024.7630049942754,0.0006500731682678624,3.5774845907547697,0.09625789659639383,1.1198030743433267,0.0,1.1198030743433267,38.95490536047917,1.6999991961726606,22.914661047005993,0.43640182935660704,0.25670707982633884,28.219008862773975,0.0,0.0,41.108235576400844
43.847060476712734,41.17871329645379,0.0,15.750645845154747,43.37283319074843,0.24840232102143692,0.218791831234478,0.0,0.11761737828187084,7.455145689119972,14.910291378239943,20.25617674229963,34.999999999999964,20.0,35.0,1024.6952153721209,1024.7630049942754,0.0006487247245092592,3.5718840866451416,0.09628338736564632,1.1203223849387578,0.0,1.1203223849387578,39.03554987167359,1.6999992160192283,22.962098749127932,0.4355002610717274,0.25617674229962795,28.261436545492113,0.0,0.0,41.17871329645379
43.92706047671273,41.249162954396425,0.0,15.788551588819926,43.46247978361739,0.24798883335948216,0.21834054676301246,0.0,0.11758344743298603,7.469065220326096,14.938130440652191,20.255648346951876,34.999999999999964,20.0,35.0,1024.695355761739,1024.7630049942754,0.0006473812413414901,3.566308790988601,0.09630888999175545,1.120842584921638,0.0,1.120842584921638,39.11623180525565,1.6999992353757825,23.009558469953703,0.43460199434327174,0.2556483469518759,28.303900871168732,0.0,0.0,41.249162954396425
44.00706047671273,41.31958448736905,0.0,15.826509557684547,43.55216802802248,0.24757711079345238,0.21789091173430342,0.0,0.11754988886607841,7.482982127823446,14.965964255646892,20.255121882886794,34.999999999999964,20.0,35.0,1024.6954956359127,1024.7630049942754,0.0006460426908086898,3.5607585665683956,0.09633440428940615,1.1213636731515277,0.0,1.1213636731515277,39.19695122522023,1.6999992542544218,23.057040247003556,0.43370701065153316,0.25512188288679366,28.346401598253937,0.0,0.0,41.31958448736905
44.08706047671273,41.38997783258785,0.0,15.864519775454879,43.64189799497766,0.2471671435728238,0.2174429169126299,0.0,0.11751669986208776,7.496896398936925,14.99379279787385,20.254597339290555,34.99999999999997,20.0,35.0,1024.6956349975405,1024.7630049942754,0.0006447090451747569,3.5552332771491617,0.0963599300733458,1.1218856484826074,0.0,1.1218856484826074,39.277708195479896,1.6999992726669457,23.10454411775208,0.43281529161688276,0.2545973392905548,28.388938485063942,0.0,0.0,41.38997783258785
44.16706047671273,41.4603429273459,0.0,15.90258226545798,43.73166975540503,0.24675892201850716,0.21699655313203595,0.0,0.1174838777218015,7.510808021009161,15.021616042018321,20.25407470543102,34.999999999999964,20.0,35.0,1024.6957738494987,1024.7630049942754,0.0006433802769146529,3.5497327874858633,0.09638546715838861,1.1224085097637053,0.0,1.1224085097637053,39.35850277986452,1.6999992906248629,23.152070119627904,0.4319268189984524,0.25407470543101845,28.431511289786332,0.0,0.0,41.4603429273459
44.247060476712726,41.530679709014095,0.0,15.94069705064184,43.82148338013435,0.2463524365221693,0.21655181129567463,0.0,0.11745141976567147,7.524716981400948,15.049433962801896,20.253553970656963,34.999999999999964,20.0,35.0,1024.695912194642,1024.7630049942754,0.0006420563587078723,3.5442569633268786,0.09641101535941918,1.1229322558383,0.0,1.1229322558383,39.439335042120916,1.6999993081393974,23.199618290013415,0.4310415746928316,0.2535539706569615,28.474119770483505,0.0,0.0,41.530679709014095
44.327060476712724,41.600988115042185,0.0,15.978864153575518,43.91133893990267,0.24594767754556376,0.21610868237515943,0.0,0.11741932333363647,7.53862326749166,15.07724653498332,20.25303512439732,34.999999999999964,20.0,35.0,1024.6960500358036,1024.7630049942754,0.0006407372634427957,3.5388056713872795,0.09643657449139627,1.123456885544535,0.0,1.123456885544535,39.5202050459124,1.6999993252214964,23.24718866624446,0.4301595407327798,0.25303512439731907,28.516763685096944,0.0,0.0,41.600988115042185
44.40706047671272,41.67126808295972,0.0,16.017083596449314,44.001236505353866,0.2455446356198698,0.21566715740992287,0.0,0.11738758578494654,7.552526866679658,15.105053733359316,20.252518156160434,34.999999999999964,20.0,35.0,1024.6961873757957,1024.7630049942754,0.0006394229642079854,3.533378779358293,0.09646214436935675,1.1239823977152321,0.0,1.1239823977152321,39.601112854818474,1.699999341881837,23.29478128561008,0.42928069928595186,0.25251815616043344,28.559442791451332,0.0,0.0,41.67126808295972
44.48706047671272,41.74151955037705,0.0,16.055355401074916,44.091176147038226,0.2451433013450388,0.21522722750658244,0.0,0.11735620449799114,7.566427766382689,15.132855532765378,20.252003055533315,34.99999999999997,20.0,35.0,1024.6963242174086,1024.7630049942754,0.00063811343430089,3.5279761558688802,0.09648772480841958,1.1245087911779077,0.0,1.1245087911779077,39.6820585323344,1.6999993581308326,23.34239618535224,0.42840503265363883,0.2520030555333119,28.602156847259195,0.0,0.0,41.74151955037705
44.56706047671272,41.811742454986295,0.0,16.093679588885585,44.18115793541204,0.24474366538914638,0.21478888383831346,0.0,0.11732517687012421,7.580325954038324,15.160651908076648,20.251489812180896,34.99999999999997,20.0,35.0,1024.6964605634116,1024.7630049942754,0.0006368086472191395,3.5225976704954918,0.09651331562378934,1.125036064754782,0.0,1.125036064754782,39.763042141870834,1.6999993739786388,23.39003340266552,0.4275325232695223,0.2514898121808923,28.6449056101244,0.0,0.0,41.811742454986295
44.64706047671272,41.88193673456233,0.0,16.132056180936328,44.27118194083715,0.2443457184877528,0.21435211764422912,0.0,0.11729450031749443,7.594221417104364,15.188442834208727,20.250978415845317,34.99999999999997,20.0,35.0,1024.696596416554,1024.7630049942754,0.0006355085766540188,3.517243193766045,0.09653891663076007,1.1255642172627884,0.0,1.1255642172627884,39.844063746753434,1.699999389435161,23.437692974696866,0.4266631536984427,0.25097841584531694,28.687688837546396,0.0,0.0,41.88193673456233
44.727060476712715,41.95210232696376,0.0,16.170485197904082,44.36124823358056,0.24394945144327274,0.2139169202287673,0.0,0.11726417227488069,7.608114143059218,15.216228286118437,20.25046885634522,34.999999999999964,20.0,35.0,1024.6967317795638,1024.7630049942754,0.0006342131964991708,3.5119125971219596,0.09656452764471951,1.1260932475136007,0.0,1.1260932475136007,39.925123410222504,1.6999994045100606,23.485374938545295,0.4257969066351814,0.250468856345215,28.730506286925092,0.0,0.0,41.95210232696376
44.807060476712714,42.02223917013389,0.0,16.20896666008792,44.45135688381398,0.24355485512434819,0.21348328296108418,0.0,0.1172341901955223,7.622004119402349,15.244008238804698,20.249961123574995,34.999999999999964,20.0,35.0,1024.6968666551497,1024.7630049942754,0.0006329224808331888,3.506605752952525,0.0965901484811525,1.1266231543136338,0.0,1.1266231543136338,40.00622119543258,1.6999994192127597,23.533079331261636,0.4249337649032558,0.2499611235749923,28.773357715564323,0.0,0.0,42.02223917013389
44.88706047671271,42.09234720210173,0.0,16.247500587409245,44.54150796161342,0.2431619204652306,0.21305119727445473,0.0,0.11720455155095516,7.635891333654669,15.271782667309338,20.249455207504134,34.99999999999997,20.0,35.0,1024.6970010459986,1024.7630049942754,0.0006316364039435522,3.501322534515008,0.09661577895564481,1.127153936464061,0.0,1.127153936464061,40.087357165452076,1.6999994335524478,23.58080618984825,0.4240737114537284,0.2494552075041295,28.816242880676135,0.0,0.0,42.09234720210173
44.96706047671271,42.16242636098292,0.0,16.286086999412007,44.63170153695879,0.24277063846517152,0.2126206546656796,0.0,0.11717525383085307,7.649775773358928,15.299551546717856,20.24895109817649,34.99999999999997,20.0,35.0,1024.697134954778,1024.7630049942754,0.0006303549403026912,3.4960628159874627,0.09664141888388757,1.1276855927608387,0.0,1.1276855927608387,40.16853138326291,1.6999994475380875,23.628555551258764,0.42321672936402877,0.24895109817648742,28.85916153938574,0.0,0.0,42.16242636098292
45.04706047671271,42.23247658498074,0.0,16.32472591526291,44.72193767973347,0.24238100018781567,0.21219164669449878,0.0,0.11714629454286168,7.663657426080146,15.327314852160292,20.248448785709627,34.99999999999997,20.0,35.0,1024.6972683841366,1024.7630049942754,0.000629078064563635,3.49082647246748,0.09666706808168024,1.1282181219947045,0.0,1.1282181219947045,40.24974391176012,1.6999994611784208,23.676327452397803,0.42236280183678815,0.24844878570962067,28.90211344873465,0.0,0.0,42.23247658498074
45.12706047671271,42.30249781238707,0.0,16.363417353751654,44.81221645972388,0.2419929967606048,0.21176416498301162,0.0,0.11711767121244308,7.677536279406005,15.35507255881201,20.247948260294105,34.99999999999997,20.0,35.0,1024.6974013367023,1024.7630049942754,0.0006278057515774188,3.485613379910762,0.096692726364935,1.1287515229512022,0.0,1.1287515229512022,40.33099481375149,1.699999474481973,23.724121930120727,0.4215119121986873,0.24794826029409872,28.94509836568557,0.0,0.0,42.30249781238707
45.207060476712705,42.37248998158336,0.0,16.402161333291158,44.90253794661908,0.24160661937418687,0.21133820121510336,0.0,0.1170893813827185,7.691412320947245,15.38282464189449,20.24744951219284,34.99999999999997,20.0,35.0,1024.6975338150837,1024.7630049942754,0.0006265379763822052,3.480423415148231,0.09671839354968047,1.1292857944106967,0.0,1.1292857944106967,40.41228415195717,1.6999994874570594,23.77193902123335,0.4206640438993173,0.24744951219283406,28.98811604712656,0.0,0.0,42.37248998158336
45.2870604767127,42.44245303104159,0.0,16.44095787191781,44.99290221001034,0.24122185928183112,0.21091374713587774,0.0,0.11706142261431204,7.705285538338081,15.410571076676161,20.246952531740426,34.99999999999997,20.0,35.0,1024.6976658218705,1024.7630049942754,0.0006252747141945791,3.4752564558972936,0.09674406945206543,1.129820935148385,0.0,1.129820935148385,40.49361198900931,1.6999995001117896,23.819778762491698,0.4198191805100518,0.2469525317404182,29.03116624987512,0.0,0.0,42.44245303104159
45.3670604767127,42.51238689932526,0.0,16.479806987291713,45.08330931939077,0.24083870779885017,0.21049079455109604,0.0,0.11703379248519721,7.719155919236592,15.438311838473185,20.246457309342475,34.99999999999997,20.0,35.0,1024.6977973596331,1024.7630049942754,0.0006240159404160769,3.47011238073098,0.09676975388836265,1.1303569439343135,0.0,1.1303569439343135,40.574978387451694,1.6999995124540734,23.867641190601724,0.41897730572293274,0.24645730934246465,29.074248730682392,0.0,0.0,42.51238689932526
45.4470604767127,42.58229152509033,0.0,16.518708696696944,45.17375934415485,0.24045715630202907,0.21006933532662214,0.0,0.1170064885905462,7.733023451325129,15.466046902650257,20.245963835474967,34.99999999999998,20.0,35.0,1024.6979284309227,1024.7630049942754,0.0006227616306331859,3.464991069065306,0.09679544667497285,1.1308938195333955,0.0,1.1308938195333955,40.65638340973936,1.6999995244916253,23.915526342219074,0.41813840334956726,0.24596383547495937,29.11736324623768,0.0,0.0,42.58229152509033
45.5270604767127,42.652166847086214,0.0,16.557663017041815,45.26425235359806,0.24007719622905987,0.2096493613878738,0.0,0.11697950854257856,7.746888122310702,15.493776244621404,20.245472100683624,34.99999999999998,20.0,35.0,1024.6980590382725,1024.7630049942754,0.0006215117606042881,3.4598924011831036,0.09682114762842836,1.131431560705424,0.0,1.131431560705424,40.73782711823825,1.699999536231969,23.963434253948805,0.4173024573200377,0.2454721006836179,29.160509553172467,0.0,0.0,42.652166847086214
45.6070604767127,42.7220128041567,0.0,16.596669964859156,45.354788416916456,0.2396988190779821,0.2092308647192796,0.0,0.11695284997041208,7.7607499199254,15.5214998398508,20.24498209558326,34.99999999999998,20.0,35.0,1024.6981891841963,1024.7630049942754,0.0006202663062727173,3.454816258185345,0.0968468565653969,1.1319701662050863,0.0,1.1319701662050863,40.81930957522481,1.6999995476824425,24.01136496234515,0.4164694516818221,0.2449820955832501,29.203687408064518,0.0,0.0,42.7220128041567
45.687060476712695,42.79182933524094,0.0,16.635729556306586,45.445367603206265,0.23932201640663134,0.20881383736374232,0.0,0.11692651051991801,7.774608831926758,15.549217663853517,20.244493810857144,34.99999999999998,20.0,35.0,1024.6983188711897,1024.7630049942754,0.0006190252437558783,3.4497625220092205,0.09687257330268563,1.1325096347819876,0.0,1.1325096347819876,40.90083084288564,1.6999995588502026,24.05931850391125,0.4156393705987279,0.2444938108571312,29.24689656744261,0.0,0.0,42.79182933524094
45.76706047671269,42.86161637937442,0.0,16.67484180716681,45.53598998146349,0.2389467798320915,0.2083982714221075,0.0,0.1169004878535741,7.788464846098174,15.576929692196348,20.24400723725639,34.99999999999998,20.0,35.0,1024.6984481017303,1024.7630049942754,0.0006177885493452471,3.4447310754160423,0.09689829765724463,1.1330499651806585,0.0,1.1330499651806585,40.98239098331714,1.6999995697422299,24.107294915098876,0.4148121983498365,0.24400723725638016,29.290136787790445,0.0,0.0,42.86161637937442
45.84706047671269,42.93137387568988,0.0,16.71400673284791,45.62665562058347,0.23857310103015444,0.20798415905263853,0.0,0.11687477965032077,7.802317950249292,15.604635900498584,20.243522365599357,34.99999999999998,20.0,35.0,1024.6985768782777,1024.7630049942754,0.0006165561995020197,3.439721801991438,0.0969240294461709,1.1335911561405758,0.0,1.1335911561405758,41.06399005852512,1.6999995803653323,24.15529423230823,0.4139879193284586,0.24352236559934443,29.333407825550868,0.0,0.0,42.93137387568988
45.92706047671269,43.001101763418305,0.0,16.75322434838365,45.71736458936053,0.238200971734785,0.2075714924704966,0.0,0.1168493836054192,7.816168132216408,15.632336264432816,20.243039186771007,34.99999999999998,20.0,35.0,1024.698705203273,1024.7630049942754,0.0006153281708658149,3.434734586109254,0.09694976848671205,1.134133206396178,0.0,1.134133206396178,41.14562813042448,1.699999590726149,24.203316491887662,0.41316651804110177,0.2430391867709916,29.376709437130213,0.0,0.0,43.001101763418305
46.00706047671269,43.07079998188986,0.0,16.7924946684338,45.808116956487524,0.2378303837375934,0.20716026394722692,0.0,0.11682429743031286,7.830015379862833,15.660030759725666,20.242557691722322,34.99999999999998,20.0,35.0,1024.6988330791403,1024.7630049942754,0.0006141044402394438,3.4297693129623523,0.09697551459627025,1.1346761146768862,0.0,1.1346761146768862,41.22730526083877,1.6999996008311564,24.251361730133404,0.4123479791064496,0.2425576917223076,29.420041378902976,0.0,0.0,43.07079998188986
46.087060476712686,43.14046847053486,0.0,16.831817707284436,45.89891279055548,0.23746132888731064,0.20675046581025022,0.0,0.11679951885248531,7.84385968107931,15.68771936215862,20.242077871469718,34.99999999999998,20.0,35.0,1024.6989605082856,1024.7630049942754,0.0006128849845976127,3.424825868526744,0.09700126759240592,1.1352198797071156,0.0,1.1352198797071156,41.30902151149993,1.6999996106866704,24.299429983289368,0.41153228725434976,0.24207787146970117,29.4634034072155,0.0,0.0,43.14046847053486
46.167060476712685,43.21010716888469,0.0,16.871193478848284,45.989752160053165,0.2370937990892719,0.20634209044235968,0.0,0.11677504561532435,7.857701023784394,15.715402047568787,20.24159971709443,34.999999999999986,20.0,35.0,1024.6990874930975,1024.7630049942754,0.0006116697810825718,3.4199041395622882,0.09702702729284136,1.1357645002062953,0.0,1.1357645002062953,41.39077694404784,1.6999996202988505,24.34752128754686,0.4107194273248154,0.24159971709441513,29.506795278390516,0.0,0.0,43.21010716888469
46.24706047671268,43.27971601657277,0.0,16.910621996665046,46.08063513336671,0.23672778630490465,0.20593513028122346,0.0,0.11675087547798572,7.871539395924832,15.743078791849664,20.24112321974196,34.99999999999998,20.0,35.0,1024.6992140359473,1024.7630049942754,0.000610458807001939,3.4150040136074358,0.09705279351546478,1.1363099748888863,0.0,1.1363099748888863,41.47257162003004,1.6999996296737054,24.395635679044354,0.40990938426703577,0.24112321974194367,29.550216748731454,0.0,0.0,43.27971601657277
46.32706047671268,43.3492949533355,0.0,16.950103273901753,46.1715617787792,0.23636328255122224,0.2055295778188924,0.0,0.11672700621525758,7.885374785475962,15.770749570951924,20.24064837062147,34.999999999999986,20.0,35.0,1024.6993401391899,1024.7630049942754,0.0006092520398199966,3.410125378992377,0.09707856607833379,1.1368563024643952,0.0,1.1368563024643952,41.554405600901276,1.6999996388170944,24.443773193867237,0.40910214313839754,0.24064837062145605,29.593667574526478,0.0,0.0,43.3492949533355
46.40706047671268,43.41884391901323,0.0,16.989637323353108,46.26253216447028,0.23600027990032438,0.20512542560131297,0.0,0.1167034356174302,7.899207180442079,15.798414360884157,20.240175161005244,34.999999999999986,20.0,35.0,1024.699465805162,1024.7630049942754,0.0006080494571750981,3.4052681247792806,0.09710434479967953,1.1374034816374003,0.0,1.1374034816374003,41.63627894802325,1.6999996477347321,24.49193386804758,0.4082976891035174,0.24017516100522637,29.637147512053374,0.0,0.0,43.41884391901323
46.48706047671268,43.48836285355114,0.0,17.029224157441845,46.35354635851577,0.23563877047890092,0.20472266622784568,0.0,0.11668016149016178,7.913036568856825,15.82607313771365,20.23970358222809,34.999999999999986,20.0,35.0,1024.6995910361843,1024.7630049942754,0.0006068510368579097,3.4004321408121743,0.0971301294979102,1.1379515111075642,0.0,1.1379515111075642,41.718191722664194,1.6999996564321924,24.540117737563907,0.40749600743328374,0.23970358222806937,29.680656317583338,0.0,0.0,43.48836285355114
46.567060476712676,43.55785169700024,0.0,17.068863788219097,46.444604428887274,0.2352787464677417,0.20432129235078836,0.0,0.11665718165434802,7.926862938783587,15.853725877567173,20.2392336256868,34.999999999999986,20.0,35.0,1024.699715834561,1024.7630049942754,0.0006056567568201133,3.3956173176817503,0.09715591999161463,1.1385003895696486,0.0,1.1385003895696486,41.800143985998545,1.6999996649149118,24.588324838340906,0.40669708350391015,0.23923362568678277,29.72419374738518,0.0,0.0,43.55785169700024
46.647060476712674,43.62731038951828,0.0,17.108556227364776,46.535706443451765,0.23492020010125284,0.20392129667490458,0.0,0.1166344939459945,7.940686278315853,15.881372556631707,20.238765282839612,34.99999999999999,20.0,35.0,1024.699840202579,1024.7630049942754,0.0006044665951744072,3.3908235467146293,0.0971817160995664,1.139050115713539,0.0,1.139050115713539,41.882135799106585,1.6999996731881921,24.636555206249255,0.4059009027959973,0.23876528283959475,29.767759557729924,0.0,0.0,43.62731038951828
46.72706047671267,43.696738871370684,0.0,17.148301486187943,46.626852469971226,0.23456312366697718,0.20352267195695728,0.0,0.11661209621608892,7.954506575577602,15.909013151155204,20.238298545205634,34.999999999999986,20.0,35.0,1024.6999641425095,1024.7630049942754,0.0006032805301879778,3.386050719981015,0.09720751764072731,1.1396006882242595,0.0,1.1396006882242595,41.964167222974105,1.6999996812572045,24.68480887710535,0.4051074508936058,0.2382985452056178,29.811353504895006,0.0,0.0,43.696738871370684
46.80706047671267,43.7661370829315,0.0,17.188099575627206,46.718042576102235,0.23420750950512,0.20312541100524703,0.0,0.11658998633047499,7.968323818723675,15.93664763744735,20.237833404364327,34.999999999999986,20.0,35.0,1024.7000876566074,1024.7630049942754,0.0006020985402825003,3.3812987302842,0.09723332443425121,1.1401521057819943,0.0,1.1401521057819943,42.04623831849201,1.699999689126992,24.73308588667107,0.4043167134833389,0.23783340436430866,29.8549753451686,0.0,0.0,43.7661370829315
46.88706047671267,43.83550496468431,0.0,17.227950506251112,46.80927682939561,0.23385335000808036,0.2027295066791555,0.0,0.11656816216972787,7.9821379959401515,15.964275991880303,20.237369851954952,34.999999999999986,20.0,35.0,1024.7002107471112,1024.7630049942754,0.0006009206040341376,3.3765674711501674,0.09725913629948787,1.1407043670621055,0.0,1.1407043670621055,42.128349146456046,1.699999696802474,24.781386270653563,0.4035286763534342,0.23736985195493301,29.898624834853933,0.0,0.0,43.83550496468431
46.96706047671267,43.904842457223175,0.0,17.267854288258558,46.90055529729598,0.23350063761998668,0.2023349518886936,0.0,0.11654662162903043,7.995949095444723,15.991898190889446,20.236907879676057,34.999999999999986,20.0,35.0,1024.7003334162437,1024.7630049942754,0.0005997467001735415,3.3718568368172814,0.09728495305598639,1.1412574707351513,0.0,1.1412574707351513,42.21049976756638,1.6999997042884476,24.829710064704994,0.4027433253928659,0.2369078796760369,29.94230173027352,0.0,0.0,43.904842457223175
47.047060476712666,43.97414950125354,0.0,17.3078109314792,46.99187804714146,0.23314936483623808,0.20194173959405426,0.0,0.11652536261805162,8.009757105487065,16.01951421097413,20.23644747928494,34.999999999999986,20.0,35.0,1024.7004556662116,1024.7630049942754,0.0005985768075815,3.3671667222383275,0.09731077452349922,1.1418114154669081,0.0,1.1418114154669081,42.29269024242731,1.6999997115895917,24.878057304422338,0.4019606465904552,0.23644747928492307,29.98600578777358,0.0,0.0,43.97414950125354
47.127060476712664,44.04342603759319,0.0,17.347820445373866,47.083245146163215,0.23279952420304906,0.20154986280517032,0.0,0.11650438306082331,8.023562014349224,16.04712402869845,20.23598864259715,34.999999999999986,20.0,35.0,1024.7005774992072,1024.7630049942754,0.0005974109052802344,3.362497023094911,0.09733660052198537,1.1423661999183807,0.0,1.1423661999183807,42.37492063154689,1.6999997187104703,24.92642802534712,0.40118062603399196,0.23598864259713306,30.0297367637278,0.0,0.0,44.04342603759319
47.20706047671266,44.112672007173146,0.0,17.387882839034994,47.174656661485095,0.23245110831700314,0.20115931458127662,0.0,0.11648368089562638,8.037363810345934,16.074727620691867,20.23553136148595,34.99999999999999,20.0,35.0,1024.700698917405,1024.7630049942754,0.0005962489724595096,3.357847635714077,0.097362430871615,1.1429218227458404,0.0,1.1429218227458404,42.45719099533658,1.6999997256555335,24.97482226296522,0.4004032499093636,0.2355313614859349,30.073494414542868,0.0,0.0,44.112672007173146
47.28706047671266,44.18188735103858,0.0,17.427998121187063,47.266112660123284,0.2321041098246048,0.20077008803047702,0.0,0.11646325407486567,8.051162481825052,16.102324963650105,20.23507562788183,34.999999999999986,20.0,35.0,1024.7008199229656,1024.7630049942754,0.0005950909884418199,3.353218457156299,0.09738826539277205,1.1434782826008236,0.0,1.1434782826008236,42.53950139411096,1.6999997324291223,25.023240052706623,0.39962850449969434,0.23507562788181552,30.11727849666129,0.0,0.0,44.18188735103858
47.36706047671266,44.251072010349766,0.0,17.468166300187036,47.35761320898588,0.23175852142184244,0.2003821763093159,0.0,0.11644310056495766,8.064958017167877,16.129916034335753,20.234621433771995,34.999999999999986,20.0,35.0,1024.7009405180352,1024.7630049942754,0.0005939369326910926,3.34860938518134,0.09741410390605872,1.144035578130167,0.0,1.144035578130167,42.62185188808729,1.699999739035471,25.07168142994519,0.39885637618449354,0.2346214337719797,30.16108876656672,0.0,0.0,44.251072010349766
47.44706047671266,44.320225926382946,0.0,17.508387384024804,47.44915837487255,0.2314143358537521,0.19999557262235393,0.0,0.11642321834621275,8.078750404789522,16.157500809579044,20.234168771199865,34.999999999999986,20.0,35.0,1024.701060704743,1024.7630049942754,0.0005927867848300954,3.3440203181894987,0.09743994623229867,1.1445937079760196,0.0,1.1445937079760196,42.7042425373853,1.6999997454787081,25.12014642999848,0.3980868514388116,0.23416877119985283,30.204924980787826,0.0,0.0,44.320225926382946
47.527060476712656,44.38934904053128,0.0,17.548661380323654,47.54074822447415,0.2310715459139878,0.19961027022174851,0.0,0.11640360541272211,8.092539633139282,16.185079266278564,20.233717632264604,34.999999999999986,20.0,35.0,1024.7011804852043,1024.7630049942754,0.0005916405246165008,3.3394511552794874,0.09746579219254102,1.145152670775869,0.0,1.145152670775869,42.786673402026736,1.699999751762861,25.16863508812747,0.39731991683240675,0.23371763226459003,30.248786895902864,0.0,0.0,44.38934904053128
47.607060476712654,44.45844129430572,0.0,17.588988296340727,47.63238282437234,0.23073014444439527,0.1992262624068386,0.0,0.11638425977224319,8.106325690700984,16.21265138140197,20.233268009120604,34.999999999999986,20.0,35.0,1024.7012998615194,1024.7630049942754,0.0005904981319515908,3.3349017962144405,0.0974916416080638,1.145712465162558,0.0,1.145712465162558,42.86914454193511,1.699999757891858,25.217147439536365,0.3965555590289183,0.2332680091205898,30.292674268543774,0.0,0.0,44.45844129430572
47.68706047671265,44.527502629335956,0.0,17.62936813896749,47.72406224103923,0.23039012433459022,0.19884354252373368,0.0,0.11636517944608715,8.12010856599337,16.24021713198674,20.232819893977027,34.99999999999999,20.0,35.0,1024.701418835774,1024.7630049942754,0.0005893595868759041,3.3303721414248217,0.09751749430037755,1.1462730897643043,0.0,1.1462730897643043,42.9516560169353,1.6999997638695294,25.265683519372377,0.3957937647850506,0.23281989397701278,30.336586855400355,0.0,0.0,44.527502629335956
47.76706047671265,44.59653298737128,0.0,17.669800914730217,47.815786540836996,0.23005147852154229,0.19846210396490707,0.0,0.11634636246900906,8.133888247570415,16.26777649514083,20.23237327909732,34.999999999999986,20.0,35.0,1024.7015374100386,1024.7630049942754,0.0005882248695735885,3.325862091986874,0.09754335009122908,1.1468345432047233,0.0,1.1468345432047233,43.03420788675329,1.6999997696996114,25.314243362725517,0.3950345209497633,0.23237327909730576,30.38052441322483,0.0,0.0,44.59653298737128
47.84706047671265,44.66553231028151,0.0,17.710286629790485,47.907555790017526,0.22971419998916237,0.19808194016879369,0.0,0.11632780688909822,8.14766472402171,16.29532944804342,20.231928156798745,34.999999999999986,20.0,35.0,1024.7016555863697,1024.7630049942754,0.0005870939603658729,3.321371549631864,0.09756920880260515,1.147396824102852,0.0,1.147396824102852,43.11680021101577,1.699999775385748,25.362827004628343,0.3942778144634723,0.23192815679873044,30.424486698836155,0.0,0.0,44.66553231028151
47.92706047671265,44.73450054005787,0.0,17.750825289945652,47.99937005472204,0.2293782817678947,0.1977030446193915,0.0,0.11630951076766938,8.161437983972798,16.322875967945595,20.23148451945191,34.999999999999986,20.0,35.0,1024.70177336681,1024.7630049942754,0.0005859668397067158,3.316900416749329,0.097595070256736,1.1479599310731667,0.0,1.1479599310731667,43.19943304924983,1.6999997809314937,25.41143448005578,0.3935236323572572,0.2314845194518971,30.468473469124277,0.0,0.0,44.73450054005787
48.007060476712645,44.80343761881391,0.0,17.791416900629372,48.09122940098075,0.22904371693431183,0.19732541084586766,0.0,0.1162914721791529,8.175208016085541,16.350416032171083,20.23104235948032,34.99999999999999,20.0,35.0,1024.701890753387,1024.7630049942754,0.0005848434881893325,3.3124485963596118,0.09762093427609873,1.1485238627256003,0.0,1.1485238627256003,43.28210646088267,1.6999997863403147,25.460065823924896,0.3927719617520773,0.23104235948030302,30.512484481053956,0.0,0.0,44.80343761881391
48.087060476712644,44.872343488786356,0.0,17.832061466912105,48.18313389471247,0.22871049861071668,0.19694903242216819,0.0,0.1162736892109921,8.188974809058456,16.37794961811691,20.230601669359892,34.99999999999999,20.0,35.0,1024.7020077481147,1024.7630049942754,0.0005837238865440199,3.3080159921111325,0.0976468006834214,1.1490886176655737,0.0,1.1490886176655737,43.36482050524122,1.699999791615591,25.508721071094698,0.3920227898579963,0.23060166935987586,30.556519491669853,0.0,0.0,44.872343488786356
48.16706047671264,44.941218092336044,0.0,17.872758993501623,48.27508360172427,0.2283786199647461,0.19657390296663205,0.0,0.11625615996353506,8.202738351627069,16.405476703254138,20.23016244161854,34.99999999999999,20.0,35.0,1024.7021243529932,1024.7630049942754,0.0005826080156294525,3.3036025082962084,0.0976726693016861,1.1496541944940082,0.0,1.1496541944940082,43.44757524155184,1.6999997967606204,25.557400256365888,0.3912761039734149,0.23016244161852162,30.60057825810016,0.0,0.0,44.941218092336044
48.24706047671264,45.01006137194877,0.0,17.913509484743543,48.36707858771111,0.22804807420898024,0.19620001614160912,0.0,0.11623888254993196,8.216498632564248,16.432997265128495,20.22972466883569,34.99999999999999,20.0,35.0,1024.7022405700081,1024.7630049942754,0.0005814958564435615,3.2992080498115373,0.09769853995413286,1.1502205918073527,0.0,1.1502205918073527,43.53037072894,1.6999998017786186,25.6061034144807,0.39053189148431017,0.22972466883567724,30.644660537561258,0.0,0.0,45.01006137194877
48.32706047671264,45.0788732702362,0.0,17.954312944621858,48.4591189182555,0.22771885460055546,0.19582736565308187,0.0,0.11622185509603218,8.230255640680554,16.460511281361107,20.229288343641883,34.99999999999999,20.0,35.0,1024.7023564011322,1024.7630049942754,0.0005803873901083044,3.294832522192735,0.09772441246426325,1.1507878081976068,0.0,1.1507878081976068,43.61320702642995,1.699999806672722,25.654830580122653,0.3897901398634842,0.22928834364186795,30.68876608736205,0.0,0.0,45.0788732702362
48.40706047671264,45.14765372993672,0.0,17.995169376759478,48.55120465882712,0.22739095444078056,0.1954559452502912,0.0,0.11620507574028041,8.244009364824587,16.488018729649173,20.228853458718284,34.99999999999999,20.0,35.0,1024.7024718483237,1024.7630049942754,0.00057928259788272,3.290475831568767,0.09775028665584358,1.1513558422523362,0.0,1.1513558422523362,43.696084192944404,1.6999998114459896,25.703581787916374,0.3890508366698195,0.2288534587182688,30.732894664907782,0.0,0.0,45.14765372993672
48.487060476712635,45.216402693916336,0.0,18.036078784418766,48.64333587478248,0.22706436707475852,0.195085748725366,0.0,0.1161885426336179,8.257759793883311,16.515519587766622,20.228420006796284,34.99999999999999,20.0,35.0,1024.702586913528,1024.7630049942754,0.0005781814611520483,3.2861378846843694,0.09777616235290884,1.1519246925547024,0.0,1.1519246925547024,43.77900228730423,1.6999998161014045,25.75235707242737,0.38831396954754244,0.22842000679627109,30.77704602770491,0.0,0.0,45.216402693916336
48.56706047671263,45.28512010516953,0.0,18.0770411705021,48.73551263136458,0.2267390858910106,0.1947167699129564,0.0,0.11617225393938041,8.271506916782409,16.543013833564817,20.227987980657065,34.99999999999999,20.0,35.0,1024.7027015986775,1024.7630049942754,0.000577083961421204,3.2818185889102445,0.09780203937976589,1.1524943576834785,0.0,1.1524943576834785,43.861961368228116,1.6999998206418772,25.801156468161828,0.38757952622549396,0.22798798065705306,30.82121993336481,0.0,0.0,45.28512010516953
48.64706047671263,45.35380590682014,0.0,18.11805653755243,48.82773499370253,0.22641510432110554,0.1943490026898709,0.0,0.11615620783320048,8.285250722486609,16.570501444973218,20.227557373131166,34.99999999999999,20.0,35.0,1024.70281590569,1024.7630049942754,0.0005759900803408861,3.2775178521605683,0.09782791756099722,1.153064836213077,0.0,1.153064836213077,43.944961494332276,1.6999998250702448,25.84998000956644,0.3868474945164076,0.22755737313115482,30.8654161396084,0.0,0.0,45.35380590682014
48.72706047671263,45.422460042122225,0.0,18.15912488775385,48.92000302681123,0.2260924158392931,0.1939824409747172,0.0,0.11614040250291108,8.29899119999999,16.59798239999998,20.22712817709807,34.99999999999999,20.0,35.0,1024.7029298364716,1024.7630049942754,0.0005748997996662369,3.2732355830023403,0.09785379672146458,1.1536361267135755,0.0,1.1536361267135755,44.028002724130104,1.699999829389276,25.89882773102815,0.38611786231619577,0.22712817709805794,30.909634404270683,0.0,0.0,45.422460042122225
48.80706047671263,45.49108245446092,0.0,18.200246222932176,49.01231679559101,0.22577101396213825,0.19361707872754655,0.0,0.11612483614844443,8.312728338366371,16.625456676732743,20.22670038548578,34.99999999999999,20.0,35.0,1024.7030433929142,1024.7630049942754,0.0005738131012960072,3.2689716905358375,0.09787967668631194,1.1542082277507262,0.0,1.1542082277507262,44.11108511603191,1.6999998336016697,25.947699666874005,0.3853906176032416,0.22670038548576898,30.953874485304137,0.0,0.0,45.49108245446092
48.88706047671263,45.55967308735331,0.0,18.241420544555506,49.1046763648273,0.22545089224816287,0.19325290994950176,0.0,0.11610950698173905,8.326462126669599,16.652924253339197,20.226273991270418,34.99999999999999,20.0,35.0,1024.7031565768978,1024.7630049942754,0.0005727299672377427,3.2647260844856736,0.09790555728096945,1.1547811378859918,0.0,1.1547811378859918,44.19420872834457,1.6999998377100591,25.996595851370927,0.38466574843769985,0.22627399127040737,30.998136140783565,0.0,0.0,45.55967308735331
48.967060476712625,45.62823188444927,0.0,18.28264785373484,49.19708179919025,0.22513204429748995,0.1928899286824689,0.0,0.11609441322664514,8.340192554033871,16.680385108067743,20.225848987475807,34.999999999999986,20.0,35.0,1024.7032693902886,1024.7630049942754,0.0005716503796317184,3.260498675124715,0.0979314383311568,1.1553548556765636,0.0,1.1553548556765636,44.27737361927122,1.6999998417170121,26.04551631872551,0.38394324296080345,0.22584898747579765,31.042419128910463,0.0,0.0,45.62823188444927
49.04706047671262,45.696758789532325,0.0,18.323928151224653,49.28953316323444,0.22481446375149078,0.19252812900873245,0.0,0.11607955311882982,8.353919609624077,16.707839219248154,20.225425367173074,34.999999999999986,20.0,35.0,1024.7033818349407,1024.7630049942754,0.0005705743207357073,3.2562893733095724,0.09795731966288672,1.1559293796753887,0.0,1.1559293796753887,44.360579846910994,1.6999998456250327,26.094461103083866,0.38322308939417765,0.2254253671730655,31.086723208017062,0.0,0.0,45.696758789532325
49.12706047671262,45.76525374652051,0.0,18.365261437423513,49.3820305213985,0.224498144292436,0.19216750505063376,0.0,0.116064924905684,8.367643282646112,16.735286565292224,20.225003123480246,34.99999999999999,20.0,35.0,1024.703493912696,1024.7630049942754,0.0005695017729228052,3.2520980904790506,0.09798320110246835,1.1565047084311886,0.0,1.1565047084311886,44.44382746925864,1.6999998494365645,26.143430238531362,0.38250527603916146,0.2250031234802381,31.13104813657058,0.0,0.0,45.76525374652051
49.20706047671262,45.83371669946718,0.0,18.40664771237468,49.4745739380048,0.22418307964314987,0.1918080509702332,0.0,0.11605052684622895,8.381363562347216,16.762727124694432,20.224582249561855,34.99999999999999,20.0,35.0,1024.703605625383,1024.7630049942754,0.000568432718696661,3.2479247386029493,0.09800908247651051,1.1570808404884831,0.0,1.1570808404884831,44.52711654420432,1.6999998531539888,26.192423759092513,0.3817897912761346,0.22458224956184833,31.175393673177155,0.0,0.0,45.83371669946718
49.28706047671262,45.90214759256192,0.0,18.44808697576674,49.56716347725911,0.22386926356667033,0.19144976096897567,0.0,0.11603635721102841,8.395080438016251,16.790160876032502,20.22416273862855,34.99999999999999,20.0,35.0,1024.703716974818,1024.7630049942754,0.0005673671406740702,3.2437692302241143,0.09803496361192549,1.1576577743876173,0.0,1.1576577743876173,44.61044712953319,1.69999985677963,26.241441698730696,0.3810766235638533,0.22416273862854333,31.21975957658676,0.0,0.0,45.90214759256192
49.367060476712616,45.970546370131295,0.0,18.489579226934197,49.65979920325024,0.2235566898659088,0.19109262928735926,0.0,0.11602241428209473,8.40879389898407,16.81758779796814,20.223744583936703,34.999999999999986,20.0,35.0,1024.7038279628055,1024.7630049942754,0.0005663050215871506,3.2396314784446605,0.09806084433593214,1.1582355086647829,0.0,1.1582355086647829,44.69381928292521,1.6999998603157533,26.290484091348045,0.38036576143879025,0.22374458393669638,31.264145605696715,0.0,0.0,45.970546370131295
49.447060476712615,46.038912976639764,0.0,18.53112446485815,49.75248117994974,0.2232453523833177,0.19073665020460762,0.0,0.11600869635280296,8.422503934623773,16.845007869247546,20.223327778788033,34.99999999999999,20.0,35.0,1024.7039385911376,1024.7630049942754,0.0005652463442855181,3.235511396912313,0.09808672447605953,1.1588140418520458,0.0,1.1588140418520458,44.77723306195477,1.6999998637645697,26.339550970785194,0.3796571935144836,0.22332777878802335,31.30855151955654,0.0,0.0,46.038912976639764
49.52706047671261,46.10724735669047,0.0,18.572722688166888,49.845209471211575,0.2229352450005574,0.19038181803834509,0.0,0.11599520172779999,8.436210534351066,16.87242106870213,20.22291231652921,34.999999999999986,20.0,35.0,1024.7040488615944,1024.7630049942754,0.000564191091734111,3.2314088998191752,0.09811260386015011,1.1593933724773666,0.0,1.1593933724773666,44.86068852409041,1.6999998671282346,26.388642370821124,0.3789509084808911,0.2229123165292024,31.35297707737175,0.0,0.0,46.10724735669047
49.60706047671261,46.175549455026086,0.0,18.614373895136566,49.93798414077177,0.22262636163816915,0.1900281271442756,0.0,0.11598192872291742,8.449913687624544,16.89982737524909,20.222498190551505,34.999999999999986,20.0,35.0,1024.7041587759434,1024.7630049942754,0.0005631392470197173,3.2273239018757054,0.09813848231636317,1.1599734990646249,0.0,1.1599734990646249,44.94418572669459,1.69999987040885,26.437758325173,0.3782468951037498,0.22249819055149778,31.397422038508054,0.0,0.0,46.175549455026086
49.68706047671261,46.24381921652961,0.0,18.65607808369184,50.03080525224809,0.22231869625525086,0.18967557191586454,0.0,0.11596887566508608,8.463613383946004,16.92722676789201,20.222085394290396,34.99999999999999,20.0,35.0,1024.7042683359414,1024.7630049942754,0.0005620907933292167,3.223256318365771,0.09816435967317821,1.160554420133647,0.0,1.160554420133647,45.02772472702328,1.699999873608467,26.486898867495903,0.3775451422239454,0.22208539429038757,31.441886162495887,0.0,0.0,46.24381921652961
49.76706047671261,46.31205658622522,0.0,18.69783525140653,50.12367286913975,0.222012242849135,0.18932414678402362,0.0,0.1159560408922484,8.47730961286076,16.95461922572152,20.221673921225204,34.99999999999999,20.0,35.0,1024.7043775433322,1024.7630049942754,0.0005610457139756898,3.2192060650646455,0.09819023575939817,1.1611361342002267,0.0,1.1611361342002267,45.111305582225775,1.699999876729085,26.536064031382747,0.3768456387568838,0.22167392122519464,31.48636920903415,0.0,0.0,46.31205658622522
49.847060476712606,46.38026150927907,0.0,18.739645395504294,50.216587054827045,0.22170699545507136,0.18897384621679922,0.0,0.11594342275327457,8.49100236395793,16.98200472791586,20.22126376487873,34.99999999999999,20.0,35.0,1024.704486399849,1024.7630049942754,0.000560003992372309,3.2151730583067293,0.09821611040415286,1.1617186397761514,0.0,1.1617186397761514,45.19492834934434,1.6999998797726548,26.58525385036402,0.3761483736918719,0.2212637648787217,31.53087093799468,0.0,0.0,46.38026150927907
49.927060476712604,46.44843393100013,0.0,18.781508512859286,50.30954787257106,0.2214029481459127,0.1886246647190636,0.0,0.11593101960787949,8.504691626870734,17.00938325374147,20.2208549188169,34.999999999999986,20.0,35.0,1024.7045949072126,1024.7630049942754,0.0005589656120519202,3.2111572149223564,0.09824198343690237,1.1623019353692308,0.0,1.1623019353692308,45.27859308531395,1.6999998827410785,26.63446835790764,0.37545333609150305,0.2208549188168898,31.575391109426615,0.0,0.0,46.44843393100013
50.0070604767126,46.516573796840945,0.0,18.823424599996848,50.402555385513345,0.22110009503180217,0.18827659683220932,0.0,0.11591882982653705,8.51837739127681,17.03675478255362,20.22044737664839,34.99999999999999,20.0,35.0,1024.7047030671326,1024.7630049942754,0.0005579305566539885,3.207158452268229,0.09826785468744009,1.1628860194833148,0.0,1.1628860194833148,45.36229984696201,1.6999998856362115,26.683707587418766,0.3747605150910494,0.22044737664838035,31.619929483560067,0.0,0.0,46.516573796840945
50.0870604767126,46.58468105239849,0.0,18.865393653094188,50.49560965667561,0.22079843025986604,0.18792963713384636,0.0,0.11590685179040003,8.532059646898489,17.064119293796978,20.220041132024292,34.99999999999999,20.0,35.0,1024.7048108813078,1024.7630049942754,0.0005568988099224217,3.2031766882268045,0.0982937239858963,1.163470890618326,0.0,1.163470890618326,45.44604869100805,1.6999998884598635,26.732971572239617,0.3740698998978596,0.22004113202428088,31.664485820810768,0.0,0.0,46.58468105239849
50.1670604767126,46.65275564341494,0.0,18.907415667981073,50.58871074895939,0.22049794801390735,0.18758378023750286,0.0,0.11589508389121612,8.54573838350311,17.09147676700622,20.219636178637746,34.99999999999999,20.0,35.0,1024.7049183514246,1024.7630049942754,0.0005558703557186255,3.199211841161903,0.09831959116274101,1.1640565472702757,0.0,1.1640565472702757,45.52983967406345,1.6999998912137992,26.782260345649295,0.3733814797907628,0.21963617863773424,31.709059881783677,0.0,0.0,46.65275564341494
50.2470604767126,46.72079751577849,0.0,18.94949064014054,50.68185872514576,0.22019864251410484,0.187239020792328,0.0,0.11588352453124952,8.55941359090329,17.11882718180658,20.219232510223605,34.99999999999999,20.0,35.0,1024.705025479159,1024.7630049942754,0.0005548451780019211,3.1952638299682405,0.09834545604878774,1.1646429879312996,0.0,1.1646429879312996,45.61367285263118,1.69999989389974,26.83157394086362,0.3726952441194783,0.21923251022359097,31.753651427277752,0.0,0.0,46.72079751577849
50.327060476712596,46.78880661552414,0.0,18.991618564709583,50.77505364789499,0.21990050801671296,0.1868953534827986,0.0,0.11587217212319877,8.573085258957226,17.146170517914452,20.21883012055808,34.99999999999999,20.0,35.0,1024.7051322661757,1024.7630049942754,0.000553823260844776,3.1913325740209015,0.09837131847519628,1.1652302110896748,0.0,1.1652302110896748,45.69754828310549,1.699999896519365,26.880912391034926,0.37201118230403174,0.21883012055806564,31.798260218289506,0.0,0.0,46.78880661552414
50.407060476712594,46.85678288883445,0.0,19.033799436479885,50.86829557974629,0.2196035388137671,0.186552773028428,0.0,0.11586102509012054,8.58675337756896,17.17350675513792,20.218429003458414,34.99999999999999,20.0,35.0,1024.705238714128,1024.7630049942754,0.0005528045884241004,3.1874179931937383,0.09839717827347637,1.1658182152298544,0.0,1.1658182152298544,45.78146602177166,1.699999899074311,26.930275729251935,0.3713292838341755,0.218429003458396,31.842886016017875,0.0,0.0,46.85678288883445
50.48706047671259,46.924726282040396,0.0,19.076033249898526,50.961584583117435,0.21930772923278904,0.18621127418347821,0.0,0.11585008186534794,8.600417936688688,17.200835873377375,20.218029152782524,34.99999999999999,20.0,35.0,1024.7053448246593,1024.7630049942754,0.0005517891450125442,3.183520007877878,0.09842303527549053,1.1664069988324848,0.0,1.1664069988324848,45.86542612480569,1.699999901566175,26.979663988539535,0.3706495382688167,0.21802915278250598,31.887528581867585,0.0,0.0,46.924726282040396
50.56706047671259,46.99263674162209,0.0,19.118319999068703,51.05492072030453,0.21901307363649772,0.18587085173667456,0.0,0.11583934089241493,8.614078926313018,17.228157852626037,20.217630562428692,34.99999999999999,20.0,35.0,1024.7054505994013,1024.7630049942754,0.000550776914995903,3.179638538925047,0.09844888931345738,1.1669965603744359,0.0,1.1669965603744359,45.94942864827407,1.699999903996515,27.029077201858634,0.36997193523544925,0.21763056242867157,31.932187677453726,0.0,0.0,46.99263674162209
50.64706047671259,47.06051421420959,0.0,19.16065967775048,51.148304053481674,0.21871956642252036,0.18553150051092332,0.0,0.11582880062497647,8.62773633648529,17.25547267297058,20.21723322633521,34.99999999999999,20.0,35.0,1024.705556039975,1024.7630049942754,0.0005497678828622401,3.175773507672427,0.09847474021995466,1.1675868983288207,0.0,1.1675868983288207,46.0334736481335,1.6999999063668492,27.07851540210601,0.36929646442959196,0.21723322633519024,31.976863064605254,0.0,0.0,47.06051421420959
50.72706047671259,47.12835864658364,0.0,19.20305227936151,51.24173464470066,0.2184272020231107,0.18519321536303218,0.0,0.1158184595267369,8.641390157295794,17.282780314591587,20.216837138480077,34.99999999999999,20.0,35.0,1024.705661147991,1024.7630049942754,0.0005487620331975333,3.171924835948885,0.09850058782792272,1.168178011165033,0.0,1.168178011165033,46.11756118023059,1.69999990867866,27.12797862211409,0.3686231156142329,0.2168371384800535,32.02155450536999,0.0,0.0,47.12835864658364
50.807060476712586,47.19616998567649,0.0,19.245497796977794,51.33521255589068,0.2181359749048652,0.1848559911834332,0.0,0.11580831607137046,8.65504037888209,17.31008075776418,20.216442292880643,35.0,20.0,35.0,1024.7057659250488,1024.7630049942754,0.0005477593506943796,3.1680924460434667,0.09852643197066728,1.1687698973487628,0.0,1.1687698973487628,46.20169130030161,1.6999999109333919,27.177466894650827,0.36795187861927775,0.21644229288062272,32.066261762017916,0.0,0.0,47.19616998567649
50.887060476712584,47.26394817857261,0.0,19.28799622333442,51.42873784885804,0.2178458795684456,0.1845198228959086,0.0,0.11579836874244916,8.668686991429249,17.337373982858498,20.21604868359333,35.0,20.0,35.0,1024.7058703727387,1024.7630049942754,0.0005467598201367633,3.164276260743173,0.0985522724818629,1.1693625553420282,0.0,1.1693625553420282,46.285864063972234,1.6999999131324544,27.22698025241952,0.36728274334100464,0.21604868359330795,32.110984597045736,0.0,0.0,47.26394817857261
50.96706047671258,47.33169317250948,0.0,19.33054755082633,51.52231058528588,0.21755691054830326,0.18418470545731916,0.0,0.1157886160333692,8.682329985170128,17.364659970340256,20.21565630471327,35.0,20.0,35.0,1024.7059744926391,1024.7630049942754,0.0005457634264174633,3.1604762032764313,0.09857810919555601,1.169955983603206,0.0,1.169955983603206,46.37007952675729,1.6999999152772216,27.27651872805867,0.3666156997415235,0.2156563047132499,32.15572277318107,0.0,0.0,47.33169317250948
51.04706047671258,47.39940491487833,0.0,19.373151771509082,51.61593082673383,0.2172690624124037,0.18385063385733547,0.0,0.11577905644727352,8.695969350385663,17.391938700771327,20.215265150374023,34.99999999999999,20.0,35.0,1024.7060782863193,1024.7630049942754,0.000544770154520646,3.156692197357255,0.09860394194616763,1.1705501805870433,0.0,1.1705501805870433,46.454337744060446,1.6999999173690346,27.32608235414177,0.3659507378482417,0.21526515037400526,32.200476053385565,0.0,0.0,47.39940491487833
51.12706047671258,47.467083353224915,0.0,19.415808877099614,51.70959863463778,0.21698232976195886,0.18351760311817145,0.0,0.11576968849698425,8.709605077405099,17.419210154810198,20.214875214747252,34.99999999999999,20.0,35.0,1024.7061817553376,1024.7630049942754,0.0005437799895327448,3.152924167147723,0.09862977056849688,1.1711451447446999,0.0,1.1711451447446999,46.538638771174,1.6999999194092004,27.375671163177195,0.3652878477533337,0.21487521474723478,32.245244200860014,0.0,0.0,47.467083353224915
51.20706047671258,47.53472843525023,0.0,19.458518858977033,51.803314070309554,0.2166967072311576,0.18318560829432068,0.0,0.11576051070492799,8.723237156606263,17.446474313212526,20.21448649204241,34.99999999999999,20.0,35.0,1024.7062849012425,1024.7630049942754,0.0005427929166359323,3.149172037270813,0.09865559489772385,1.1717408745237663,0.0,1.1717408745237663,46.6229826632786,1.6999999213989945,27.425285187607994,0.36462701961321664,0.21448649204239445,32.290026979047774,0.0,0.0,47.53472843525023
51.287060476712576,47.60234010881128,0.0,19.50128170818339,51.89707719493666,0.21641218948690108,0.1828546444722951,0.0,0.1157515216030655,8.736865578415832,17.473731156831665,20.21409897650645,35.0,20.0,35.0,1024.7063877255719,1024.7630049942754,0.0005418089211124722,3.145435732791816,0.0986814147694126,1.1723373683682925,0.0,1.1723373683682925,46.70736947544299,1.6999999233396599,27.47492445981179,0.36396824364803015,0.2140989765064297,32.33482415163898,0.0,0.0,47.60234010881128
51.367060476712574,47.66991832192181,0.0,19.54409741542447,51.99088806958197,0.21612877122854057,0.18252470677036653,0.0,0.11574271973282181,8.750490333309568,17.500980666619135,20.213712662423493,35.0,20.0,35.0,1024.7064902298546,1024.7630049942754,0.0005408279883316637,3.1417151792503093,0.09870723001951437,1.1729346247188186,0.0,1.1729346247188186,46.79179926262377,1.6999999252324107,27.52458901210055,0.3633115101411226,0.21371266242347245,32.37963548257468,0.0,0.0,47.66991832192181
51.44706047671257,47.737463022753026,0.0,19.58696597107059,52.08474675518348,0.21584644718761728,0.1821957903383103,0.0,0.11573410364501613,8.764111411812582,17.528222823625164,20.213327544114563,35.0,20.0,35.0,1024.7065924156088,1024.7630049942754,0.0005398501037650735,3.1380103026100983,0.09873304048437045,1.1735326420123982,0.0,1.1735326420123982,46.87627207966513,1.699999927078429,27.57427887672051,0.3626568094385404,0.21332754411454122,32.42446073605074,0.0,0.0,47.737463022753026
51.52706047671257,47.80497415963435,0.0,19.629887365157398,52.178653312554,0.21556521212760407,0.18186789035715162,0.0,0.11572567189979073,8.777728804499604,17.55545760899921,20.212943615937267,35.0,20.0,35.0,1024.7066942843437,1024.7630049942754,0.0005388752529713033,3.134321029297624,0.09875884600071498,1.1741314186826217,0.0,1.1741314186826217,46.960787981298594,1.699999928878869,27.62399408585194,0.36200413194852427,0.21294361593724417,32.469299676521416,0.0,0.0,47.80497415963435
51.60706047671257,47.872451681054116,0.0,19.672861587386684,52.27260780238088,0.21528506084365218,0.18154100203891432,0.0,0.11571742306654567,8.791342501995203,17.582685003990406,20.212560872285508,35.0,20.0,35.0,1024.7067958375578,1024.7630049942754,0.0005379034216090461,3.130647286158307,0.09878464640567824,1.1747309531596521,0.0,1.1747309531596521,47.04534702214279,1.6999999306348559,27.67373467160905,0.3613534681410084,0.21256087228548465,32.514152068704,0.0,0.0,47.872451681054116
51.68706047671257,47.93989553566033,0.0,19.71588862712719,52.36661028522577,0.21500598816233793,0.18121512062637193,0.0,0.11570935572386908,8.80495249497404,17.60990498994808,20.212179307589192,35.00000000000001,20.0,35.0,1024.7068970767407,1024.7630049942754,0.0005369345954240309,3.126989000488795,0.09881044153678945,1.175331243870247,0.0,1.175331243870247,47.12994925670319,1.6999999323474873,27.723500666039808,0.36070480854712567,0.21217930758916997,32.55901767758244,0.0,0.0,47.93989553566033
51.767060476712565,48.00730567226134,0.0,19.758968473415432,52.4606608215243,0.21472798894141235,0.18089024139280116,0.0,0.11570146845946867,8.818558774161142,17.637117548322284,20.21179891631395,35.00000000000001,20.0,35.0,1024.7069980033712,1024.7630049942754,0.0005359687602642534,3.123346099986973,0.09883623123197942,1.175932289237782,0.0,1.175932289237782,47.21459473937187,1.6999999340178338,27.77329210112579,0.3600581437587174,0.21179891631392275,32.60389626841086,0.0,0.0,48.00730567226134
51.847060476712564,48.074682039826584,0.0,19.80210111495653,52.55475947158586,0.21445105806955683,0.18056635964173776,0.0,0.11569375987011163,8.832161330332056,17.664322660664112,20.21141969296082,35.00000000000001,20.0,35.0,1024.7070986189203,1024.7630049942754,0.0005350059020516895,3.1197185128288147,0.0988620153295844,1.1765340876822963,0.0,1.1765340876822963,47.299283524427274,1.6999999356469395,27.823109008782055,0.35941346442784705,0.2114196929607949,32.64878760671907,0.0,0.0,48.074682039826584
51.92706047671256,48.142024587487285,0.0,19.845286540125024,52.6489062955933,0.2141751904661337,0.1802434707067348,0.0,0.11568622856154953,8.845760154313206,17.691520308626412,20.211041632066014,35.00000000000001,20.0,35.0,1024.7071989248482,1024.7630049942754,0.0005340460068149339,3.116106167567694,0.09888779366834768,1.1771366376204957,0.0,1.1771366376204957,47.38401566603397,1.699999937235822,27.87295142085697,0.35877076126631957,0.2110416320659848,32.69369145831435,0.0,0.0,48.142024587487285
52.00706047671256,48.20933326453714,0.0,19.88852473696573,52.74310135360266,0.21390038108094642,0.1799215699511231,0.0,0.11567887314845879,8.859355236982044,17.718710473964087,20.210664728200584,35.00000000000001,20.0,35.0,1024.707298922607,1024.7630049942754,0.000533089060656562,3.1125089932240897,0.09891356608742329,1.1777399374657935,0.0,1.1777399374657935,47.468791218242394,1.6999999387854752,27.922819369132068,0.3581300250452049,0.21066472820055657,32.738607589286666,0.0,0.0,48.20933326453714
52.08706047671256,48.27660802043305,0.0,19.931815693194583,52.83734470554295,0.2136266248939995,0.17960065276777393,0.0,0.11567169225437604,8.872946569267302,17.745893138534605,20.21028897597019,35.00000000000001,20.0,35.0,1024.707398613638,1024.7630049942754,0.0005321350497835915,3.1089269191913127,0.09893933242637876,1.178343985628342,0.0,1.178343985628342,47.55361023498865,1.699999940296867,27.97271288532191,0.3574912465943655,0.21028897597016244,32.78353576601259,0.0,0.0,48.27660802043305
52.16706047671256,48.343848804795776,0.0,19.975159396199466,52.931636411215834,0.21335391691525946,0.1792807145788641,0.0,0.11566468451163173,8.886534142149236,17.77306828429847,20.209914370014797,35.00000000000001,20.0,35.0,1024.707497999375,1024.7630049942754,0.000531183960474845,3.1053598753253633,0.09896509252519776,1.1789487805150507,0.0,1.1789487805150507,47.638472770094246,1.6999999417709428,28.022632001073934,0.35685441680198926,0.2099143700147677,32.82847575515864,0.0,0.0,48.343848804795776
52.247060476712555,48.41105556741065,0.0,20.018555833041084,53.02597653029543,0.21308225218441948,0.17896175083564322,0.0,0.11565784856128744,8.90011794665985,17.8002358933197,20.209540905008406,35.00000000000001,20.0,35.0,1024.7075970812405,1024.7630049942754,0.0005302357791179393,3.1018077918315634,0.09899084622428297,1.1795543205296188,0.0,1.1795543205296188,47.72337887726589,1.6999999432086232,28.072576747968334,0.356219526614126,0.2095409050083779,32.87342732368537,0.0,0.0,48.41105556741065
52.32706047671255,48.478228258228256,0.0,20.062004990453822,53.120365122327996,0.212811625770668,0.17864375701820318,0.0,0.11565118305307572,8.913697973883087,17.827395947766174,20.209168575658797,35.00000000000001,20.0,35.0,1024.7076958606503,1024.7630049942754,0.0005292904921635925,3.098270599392851,0.09901659336445916,1.180160604072569,0.0,1.180160604072569,47.808328610095195,1.6999999446108074,28.122547157517868,0.35558656703422925,0.20916857565876926,32.91839023885172,0.0,0.0,48.478228258228256
52.40706047671255,48.545366827365115,0.0,20.105506854846606,53.21480224673172,0.21254203277245498,0.17832672863524957,0.0,0.11564468664533357,8.927274214955103,17.854548429910206,20.20879737670725,35.000000000000014,20.0,35.0,1024.7077943390098,1024.7630049942754,0.0005283480861647894,3.0947482290500172,0.09904233378697551,1.180767629541265,0.0,1.180767629541265,47.89332202205855,1.6999999459783715,28.172543261167775,0.3549555291227013,0.20879737670722096,32.96336426821807,0.0,0.0,48.545366827365115
52.48706047671255,48.612471225104336,0.0,20.14906141230378,53.30928796279646,0.2122734683172644,0.1780106612238757,0.0,0.1156383580049423,8.940846661064468,17.881693322128935,20.208427302928282,35.000000000000014,20.0,35.0,1024.7078925177154,1024.7630049942754,0.0005274085477550228,3.091240612260157,0.09906806733350847,1.1813753953299417,0.0,1.1813753953299417,47.97835916651681,1.69999994731217,28.2225650902956,0.35432640399644344,0.20842730292825043,33.00834917965028,0.0,0.0,48.612471225104336
52.56706047671255,48.67954140189631,0.0,20.19266864858598,53.40382232968347,0.21200592756138875,0.17769555034933848,0.0,0.11563219580726869,8.954415303452349,17.908830606904697,20.20805834912938,35.000000000000014,20.0,35.0,1024.707990398156,1024.7630049942754,0.0005264718636461177,3.087747680897993,0.09909379384616492,1.1819838998297436,0.0,1.1819838998297436,48.06344009671512,1.6999999486130375,28.272612676211065,0.35369918282841,0.20805834912935095,33.05334474132408,0.0,0.0,48.67954140189631
52.64706047671255,48.746577308359356,0.0,20.236328549131017,53.49840540642519,0.21173940568970276,0.17738139160483626,0.0,0.11562619873610067,8.96798013341278,17.93596026682556,20.207690510150762,35.000000000000014,20.0,35.0,1024.7080879817102,1024.7630049942754,0.0005255380206434626,3.0842693672061112,0.09911951316748431,1.1825931414287398,0.0,1.1825931414287398,48.14856486578267,1.6999999498817862,28.322686050155944,0.3530738568471665,0.20769051015073173,33.09835072172802,0.0,0.0,48.746577308359356
52.727060476712545,48.81357889528041,0.0,20.280041099054774,53.59303725192498,0.21147389791544294,0.17706818061128907,0.0,0.11562036548359074,8.981541142292832,17.963082284585663,20.20732378086509,35.000000000000014,20.0,35.0,1024.7081852697481,1024.7630049942754,0.0005246070056351296,3.08080560382182,0.09914522514044175,1.183203118511962,0.0,1.183203118511962,48.23373352673248,1.6999999511192092,28.372785243303916,0.35245041733645227,0.20732378086506037,33.14336688966802,0.0,0.0,48.81357889528041
52.80706047671254,48.880546113615644,0.0,20.323806283152088,53.68771792495687,0.21120939947998696,0.17675591301712085,0.0,0.1156146947501948,8.995098321492824,17.990196642985648,20.206958156177237,35.000000000000014,20.0,35.0,1024.7082822636326,1024.7630049942754,0.0005236788055809955,3.0773563238041164,0.09917092960845057,1.1838138294614293,0.0,1.1838138294614293,48.31894613246118,1.6999999523260803,28.422910286760423,0.35182885563474703,0.20695815617720797,33.188393014270744,0.0,0.0,48.880546113615644
52.88706047671254,48.947478914491136,0.0,20.367624085897663,53.782447484165345,0.2109459056526346,0.17644458449804346,0.0,0.11560918524461203,9.008651662466571,18.017303324933142,20.206593631024024,35.000000000000014,20.0,35.0,1024.7083789647156,1024.7630049942754,0.0005227534075410282,3.073921460545665,0.09919662641536474,1.184425272656172,0.0,1.184425272656172,48.40420273574881,1.6999999535031534,28.473061211562573,0.35120916313484124,0.20659363102399625,33.233428864987076,0.0,0.0,48.947478914491136
52.96706047671254,49.01437724920351,0.0,20.411494491446966,53.87722598806509,0.21068341173039448,0.176134190756843,0.0,0.11560383568373049,9.022201156721522,18.044402313443044,20.206230200373977,35.000000000000014,20.0,35.0,1024.708475374343,1024.7630049942754,0.0005218307986382962,3.0705009478765977,0.09922231540548211,1.1850374464722733,0.0,1.1850374464722733,48.48950338925858,1.6999999546511646,28.523238048678945,0.35059133128341124,0.20623020037394743,33.27847421159679,0.0,0.0,49.01437724920351
53.04706047671254,49.08124106922059,0.0,20.455417483637138,53.97205349504076,0.21042191303776878,0.17582472752316813,0.0,0.11559864479256672,9.035746795818994,18.07149359163799,20.205867859227066,35.000000000000014,20.0,35.0,1024.708571493851,1024.7630049942754,0.0005209109660829039,3.0670947199893486,0.09924799642354651,1.1856503492828885,0.0,1.1856503492828885,48.574848145536684,1.6999999557708314,28.573440829009538,0.34997535158059706,0.20586785922703607,33.32352882421163,0.0,0.0,49.08124106922059
53.127060476712536,49.148070326182,0.0,20.49939304598792,54.066930063346746,0.21016140492654056,0.17551619055332007,0.0,0.11559361130420656,9.0492885713744,18.0985771427488,20.205506602614474,35.000000000000014,20.0,35.0,1024.708667324567,1024.7630049942754,0.0005199938971741673,3.0637027114273594,0.09927366931475026,1.1862639794582692,0.0,1.1862639794582692,48.66023705701207,1.6999999568628534,28.62366958338559,0.3493612155795856,0.20550660261444356,33.368592473278625,0.0,0.0,49.148070326182
53.207060476712535,49.214864971899836,0.0,20.543421161702554,54.16185575110694,0.20990188277556612,0.17520857563004477,0.0,0.11558873395975226,9.062826475057383,18.125652950114766,20.205146425598343,35.000000000000014,20.0,35.0,1024.708762867811,1024.7630049942754,0.000519079579278855,3.060324857144408,0.09929933392473726,1.1868783353658034,0.0,1.1868783353658034,48.745670175996246,1.6999999579279135,28.673924342569453,0.34874891488619675,0.20514642559831467,33.41366492958469,0.0,0.0,49.214864971899836
53.28706047671253,49.28162495835927,0.0,20.587501813668734,54.25683061631452,0.20964334199056753,0.17490187856232717,0.0,0.11558401150826621,9.07636049859203,18.15272099718406,20.204787323271546,35.00000000000002,20.0,35.0,1024.7088581248945,1024.7630049942754,0.0005181679998464195,3.0569610924550807,0.09932499009960531,1.1874934153700436,0.0,1.1874934153700436,48.831147554683064,1.6999999589666768,28.724205137254504,0.34813844115847353,0.20478732327151644,33.45874596426023,0.0,0.0,49.28162495835927
53.36706047671253,49.34835023771916,0.0,20.631634984459524,54.3518547168317,0.20938577800392408,0.17459609518518687,0.0,0.11557944270671038,9.089890633757102,18.179781267514205,20.204429290757428,35.00000000000002,20.0,35.0,1024.7089530971207,1024.7630049942754,0.0005172591464068213,3.0536113530364344,0.09935063768590832,1.188109217832723,0.0,1.188109217832723,48.91666924514853,1.6999999599797933,28.774511998064973,0.3475297861062763,0.20442929075739927,33.503835348781784,0.0,0.0,49.34835023771916
53.44706047671253,49.41504076231269,0.0,20.67582065633429,54.44692811038955,0.20912918627447144,0.17429122135947628,0.0,0.1155750263198958,9.10341687238617,18.20683374477234,20.204072323209587,35.000000000000014,20.0,35.0,1024.7090477857846,1024.7630049942754,0.0005163530065661773,3.0502755749362436,0.09937627653065918,1.1887257411127965,0.0,1.1887257411127965,49.002235299350595,1.6999999609678957,28.824844955555854,0.3469229414908803,0.2040723232095603,33.548932854976655,0.0,0.0,49.41504076231269
53.52706047671253,49.481696484647976,0.0,20.720058811239664,54.542050854587714,0.20887356228729898,0.17398725297168016,0.0,0.11557076112042673,9.116939206367814,18.233878412735628,20.203716415811634,35.000000000000014,20.0,35.0,1024.7091421921737,1024.7630049942754,0.0005154495680045844,3.0469536945748485,0.09940190648133226,1.1893429835664666,0.0,1.1893429835664666,49.08784576912894,1.6999999619316017,28.87520404021277,0.34631789912457756,0.20371641581160896,33.59403825502636,0.0,0.0,49.481696484647976
53.607060476712526,49.54831735740864,0.0,20.764349430810462,54.63722300689424,0.2086189015535501,0.17368418593371732,0.0,0.11556664588864618,9.130457627645807,18.260915255291614,20.20336156377696,35.000000000000014,20.0,35.0,1024.709236317567,1024.7630049942754,0.0005145488184804721,3.043645648727763,0.09942752738586577,1.1899609435472143,0.0,1.1899609435472143,49.17350070620481,1.699999962871514,28.925589282451856,0.3457146508702815,0.20336156377693443,33.63915132147016,0.0,0.0,49.54831735740864
53.687060476712524,49.61490333345445,0.0,20.808692496370657,54.73244462464534,0.2083651996102239,0.173382016182744,0.0,0.11556267941258179,9.143972128219295,18.28794425643859,20.2030077623485,35.000000000000014,20.0,35.0,1024.7093301632353,1024.7630049942754,0.0005136507458349535,3.0403513745082744,0.09945313909266415,1.190579619405823,0.0,1.190579619405823,49.259200162180804,1.6999999637882195,28.976000712619637,0.34511318864113627,0.20300776234847578,33.68427182720855,0.0,0.0,49.61490333345445
53.75246155996161,49.669312312212305,0.0,20.84498250288627,54.810326375349085,0.2081585040449029,0.1731356521149881,0.0,0.11555954643788491,9.155017497113727,18.310034994227454,20.202719302107813,35.000000000000014,20.0,35.0,1024.7094066764084,1024.7630049942754,0.0005129185395537831,3.037668448342761,0.09947407007111916,1.1910859259856763,0.0,1.1910859259856763,49.329293737814176,1.6999999645207984,29.017232216072006,0.3446228063909286,0.20271930210779274,33.72116382020581,0.0,0.0,49.669312312212305
