Farfield dispersion based on wastefield width of :       3.72 (m)
Constant Eddy Diffusivity is used:
------------------------------------------------------------------
The alpha value used for dispersion calculation:     0.1000
The ambient current in the farfield (m/s):     0.0350
******************************************************************
Simulation Results: 
------------------------------------------------------------------
      Conc  Dilution     Width  Distance      Time
  (kg/m^3)        ()       (m)       (m)    (hrs.)
     1.180    20.311     3.724     8.218     0.000
     1.180    20.311     3.728     8.218     0.000
     1.180    20.311     3.733     8.218     0.000
     1.180    20.311     3.737     8.218     0.000
     1.180    20.311     3.741     8.218     0.000
     1.180    20.311     3.745     8.218     0.000
     1.180    20.311     3.750     8.219     0.000
     1.180    20.311     3.754     8.219     0.000
     1.180    20.311     3.758     8.219     0.000
     1.180    20.311     3.762     8.219     0.000
     1.180    20.311     3.766     8.219     0.000
     1.180    20.311     3.771     8.219     0.000
     1.180    20.311     3.775     8.219     0.000
     1.180    20.311     3.779     8.219     0.000
     1.180    20.311     3.783     8.219     0.000
     1.180    20.311     3.787     8.219     0.000
     1.180    20.311     3.792     8.219     0.000
     1.180    20.311     3.796     8.219     0.000
     1.180    20.311     3.800     8.220     0.000
     1.180    20.311     3.804     8.220     0.000
     1.180    20.311     3.808     8.220     0.000
     1.180    20.311     3.812     8.220     0.000
     1.180    20.311     3.816     8.220     0.000
     1.180    20.311     3.821     8.220     0.000
     1.180    20.311     3.825     8.220     0.000
     1.180    20.311     3.829     8.220     0.000
     1.180    20.311     3.833     8.220     0.000
     1.180    20.311     3.837     8.220     0.000
     1.180    20.311     3.841     8.220     0.000
     1.180    20.311     3.845     8.220     0.000
     1.180    20.311     3.849     8.220     0.000
     1.180    20.311     3.854     8.221     0.000
     1.180    20.311     3.858     8.221     0.000
     1.180    20.311     3.862     8.221     0.000
     1.180    20.311     3.866     8.221     0.000
     1.180    20.311     3.870     8.221     0.000
     1.180    20.311     3.874     8.221     0.000
     1.180    20.311     3.878     8.221     0.000
     1.180    20.311     3.882     8.221     0.000
     1.180    20.311     3.886     8.221     0.000
     1.180    20.311     3.890     8.221     0.000
     1.180    20.311     3.894     8.221     0.000
     1.180    20.311     3.898     8.221     0.000
     1.180    20.311     3.903     8.222     0.000
     1.180    20.311     3.907     8.222     0.000
     1.180    20.311     3.911     8.222     0.000
     1.180    20.311     3.915     8.222     0.000
     1.180    20.311     3.919     8.222     0.000
     1.180    20.311     3.923     8.222     0.000
     1.180    20.311     3.927     8.222     0.000
     1.180    20.311     3.931     8.222     0.000
     1.180    20.311     3.935     8.222     0.000
     1.180    20.311     3.939     8.222     0.000
     1.180    20.311     3.943     8.222     0.000
     1.180    20.311     3.947     8.222     0.000
     1.180    20.311     3.951     8.222     0.000
     1.180    20.311     3.955     8.223     0.000
     1.180    20.311     3.959     8.223     0.000
     1.180    20.311     3.963     8.223     0.000
     1.180    20.311     3.967     8.223     0.000
     1.180    20.311     3.971     8.223     0.000
     1.180    20.311     3.975     8.223     0.000
     1.180    20.311     3.979     8.223     0.000
     1.180    20.311     3.983     8.223     0.000
     1.180    20.311     3.987     8.223     0.000
     1.180    20.311     3.991     8.223     0.000
     1.180    20.311     3.995     8.223     0.000
     1.180    20.311     3.999     8.223     0.000
     1.180    20.311     4.003     8.224     0.000
     1.180    20.311     4.006     8.224     0.000
     1.180    20.311     4.010     8.224     0.000
     1.180    20.311     4.014     8.224     0.000
     1.180    20.311     4.018     8.224     0.000
     1.180    20.312     4.022     8.224     0.000
     1.180    20.312     4.026     8.224     0.000
     1.180    20.312     4.030     8.224     0.000
     1.180    20.312     4.034     8.224     0.000
     1.180    20.312     4.038     8.224     0.000
     1.180    20.312     4.042     8.224     0.000
     1.180    20.312     4.046     8.224     0.000
     1.180    20.312     4.050     8.224     0.000
     1.180    20.312     4.054     8.225     0.000
     1.180    20.312     4.057     8.225     0.000
     1.180    20.313     4.061     8.225     0.000
     1.180    20.313     4.065     8.225     0.000
     1.180    20.313     4.069     8.225     0.000
     1.180    20.313     4.073     8.225     0.000
     1.180    20.313     4.077     8.225     0.000
     1.180    20.313     4.081     8.225     0.000
     1.180    20.314     4.085     8.225     0.000
     1.180    20.314     4.088     8.225     0.000
     1.180    20.314     4.092     8.225     0.000
     1.180    20.314     4.096     8.225     0.000
     1.180    20.315     4.100     8.226     0.000
     1.180    20.315     4.104     8.226     0.000
     1.180    20.315     4.108     8.226     0.000
     1.180    20.316     4.112     8.226     0.000
     1.180    20.316     4.115     8.226     0.000
     1.180    20.317     4.119     8.226     0.000
     1.180    20.317     4.123     8.226     0.000
     1.180    20.317     4.127     8.226     0.000
     1.180    20.318     4.131     8.226     0.000
     1.180    20.318     4.135     8.226     0.000
     1.180    20.319     4.138     8.226     0.000
     1.180    20.319     4.142     8.226     0.000
     1.179    20.320     4.146     8.226     0.000
     1.179    20.320     4.150     8.227     0.000
     1.179    20.321     4.154     8.227     0.000
     1.179    20.322     4.158     8.227     0.000
     1.179    20.322     4.161     8.227     0.000
     1.179    20.323     4.165     8.227     0.000
     1.179    20.324     4.169     8.227     0.000
     1.179    20.324     4.173     8.227     0.000
     1.179    20.325     4.176     8.227     0.000
     1.179    20.326     4.180     8.227     0.000
     1.179    20.327     4.184     8.227     0.000
     1.179    20.327     4.188     8.227     0.000
     1.179    20.328     4.192     8.227     0.000
     1.179    20.329     4.195     8.228     0.000
     1.179    20.330     4.199     8.228     0.000
     1.179    20.331     4.203     8.228     0.000
     1.179    20.332     4.207     8.228     0.000
     1.179    20.333     4.210     8.228     0.000
     1.179    20.334     4.214     8.228     0.000
     1.179    20.335     4.218     8.228     0.000
     1.179    20.336     4.222     8.228     0.000
     1.178    20.338     4.225     8.228     0.000
     1.178    20.339     4.229     8.228     0.000
     1.178    20.340     4.233     8.228     0.000
     1.178    20.341     4.237     8.228     0.000
     1.178    20.342     4.240     8.228     0.000
     1.178    20.344     4.244     8.229     0.000
     1.178    20.345     4.248     8.229     0.000
     1.178    20.347     4.252     8.229     0.000
     1.178    20.348     4.255     8.229     0.000
     1.178    20.349     4.259     8.229     0.000
     1.178    20.351     4.263     8.229     0.000
     1.178    20.352     4.266     8.229     0.000
     1.178    20.354     4.270     8.229     0.000
     1.177    20.356     4.274     8.229     0.000
     1.177    20.357     4.277     8.229     0.000
     1.177    20.359     4.281     8.229     0.000
     1.177    20.361     4.285     8.229     0.000
     1.177    20.363     4.289     8.230     0.000
     1.177    20.364     4.292     8.230     0.000
     1.177    20.366     4.296     8.230     0.000
     1.177    20.368     4.300     8.230     0.000
     1.177    20.370     4.303     8.230     0.000
     1.176    20.372     4.307     8.230     0.000
     1.176    20.374     4.311     8.230     0.000
     1.176    20.376     4.314     8.230     0.000
     1.176    20.378     4.318     8.230     0.000
     1.176    20.380     4.322     8.230     0.000
     1.176    20.382     4.325     8.230     0.000
     1.176    20.385     4.329     8.230     0.000
     1.176    20.387     4.333     8.230     0.000
     1.175    20.389     4.336     8.231     0.000
     1.175    20.391     4.340     8.231     0.000
     1.175    20.394     4.343     8.231     0.000
     1.175    20.396     4.347     8.231     0.000
     1.175    20.399     4.351     8.231     0.000
     1.175    20.401     4.354     8.231     0.000
     1.175    20.404     4.358     8.231     0.000
     1.174    20.406     4.362     8.231     0.000
     1.174    20.409     4.365     8.231     0.000
     1.174    20.411     4.369     8.231     0.000
     1.174    20.414     4.373     8.231     0.000
     1.174    20.417     4.376     8.231     0.000
     1.174    20.420     4.380     8.232     0.000
     1.174    20.422     4.383     8.232     0.000
     1.173    20.425     4.387     8.232     0.000
     1.173    20.428     4.391     8.232     0.000
     1.173    20.431     4.394     8.232     0.000
     1.173    20.434     4.398     8.232     0.000
     1.173    20.437     4.401     8.232     0.000
     1.173    20.440     4.405     8.232     0.000
     1.172    20.443     4.409     8.232     0.000
     1.172    20.446     4.412     8.232     0.000
     1.172    20.449     4.416     8.232     0.000
     1.172    20.452     4.419     8.232     0.000
     1.172    20.456     4.423     8.232     0.000
     1.171    20.459     4.426     8.233     0.000
     1.171    20.462     4.430     8.233     0.000
     1.171    20.466     4.434     8.233     0.000
     1.171    20.469     4.437     8.233     0.000
     1.171    20.472     4.441     8.233     0.000
     1.170    20.476     4.444     8.233     0.000
     1.170    20.479     4.448     8.233     0.000
     1.170    20.483     4.451     8.233     0.000
     1.170    20.487     4.455     8.233     0.000
     1.170    20.490     4.458     8.233     0.000
     1.169    20.494     4.462     8.233     0.000
     1.169    20.498     4.466     8.233     0.000
     1.169    20.501     4.469     8.234     0.000
     1.169    20.505     4.473     8.234     0.000
     1.169    20.509     4.476     8.234     0.000
     1.168    20.513     4.480     8.234     0.000
     1.168    20.517     4.483     8.234     0.000
     1.168    20.521     4.487     8.234     0.000
     1.168    20.524     4.490     8.234     0.000
     1.167    20.528     4.494     8.234     0.000
     1.167    20.533     4.497     8.234     0.000
     1.167    20.537     4.501     8.234     0.000
     1.167    20.541     4.504     8.234     0.000
     1.167    20.545     4.508     8.234     0.000
     1.166    20.549     4.511     8.234     0.000
     1.166    20.553     4.515     8.235     0.000
     1.166    20.557     4.518     8.235     0.000
     1.166    20.562     4.522     8.235     0.000
     1.165    20.566     4.525     8.235     0.000
     1.165    20.570     4.529     8.235     0.000
     1.165    20.575     4.532     8.235     0.000
     1.165    20.579     4.536     8.235     0.000
     1.164    20.584     4.539     8.235     0.000
     1.164    20.588     4.543     8.235     0.000
     1.164    20.593     4.546     8.235     0.000
     1.164    20.597     4.550     8.235     0.000
     1.163    20.602     4.553     8.235     0.000
     1.163    20.607     4.557     8.236     0.000
     1.163    20.611     4.560     8.236     0.000
     1.163    20.616     4.564     8.236     0.000
     1.162    20.621     4.567     8.236     0.000
     1.162    20.625     4.571     8.236     0.000
     1.162    20.630     4.574     8.236     0.000
     1.161    20.635     4.577     8.236     0.000
     1.161    20.640     4.581     8.236     0.000
     1.161    20.645     4.584     8.236     0.000
     1.161    20.650     4.588     8.236     0.000
     1.160    20.655     4.591     8.236     0.000
     1.160    20.660     4.595     8.236     0.000
     1.160    20.665     4.598     8.236     0.000
     1.160    20.670     4.602     8.237     0.000
     1.159    20.675     4.605     8.237     0.000
     1.159    20.680     4.608     8.237     0.000
     1.159    20.685     4.612     8.237     0.000
     1.158    20.690     4.615     8.237     0.000
     1.158    20.696     4.619     8.237     0.000
     1.158    20.701     4.622     8.237     0.000
     1.157    20.706     4.626     8.237     0.000
     1.157    20.712     4.629     8.237     0.000
     1.157    20.717     4.632     8.237     0.000
     1.157    20.722     4.636     8.237     0.000
     1.156    20.728     4.639     8.237     0.000
     1.156    20.733     4.643     8.238     0.000
     1.156    20.739     4.646     8.238     0.000
     1.155    20.744     4.649     8.238     0.000
     1.155    20.750     4.653     8.238     0.000
     1.155    20.755     4.656     8.238     0.000
     1.154    20.761     4.660     8.238     0.000
     1.154    20.766     4.663     8.238     0.000
     1.154    20.772     4.666     8.238     0.000
     1.154    20.778     4.670     8.238     0.000
     1.153    20.783     4.673     8.238     0.000
     1.153    20.789     4.677     8.238     0.000
     1.153    20.795     4.680     8.238     0.000
     1.152    20.800     4.683     8.238     0.000
     1.152    20.806     4.687     8.239     0.000
     1.152    20.812     4.690     8.239     0.000
     1.151    20.818     4.693     8.239     0.000
     1.151    20.824     4.697     8.239     0.000
     1.151    20.830     4.700     8.239     0.000
     1.150    20.836     4.703     8.239     0.000
     1.150    20.842     4.707     8.239     0.000
     1.150    20.848     4.710     8.239     0.000
     1.149    20.854     4.714     8.239     0.000
     1.149    20.860     4.717     8.239     0.000
     1.149    20.866     4.720     8.239     0.000
     1.148    20.872     4.724     8.239     0.000
     1.148    20.878     4.727     8.240     0.000
     1.148    20.884     4.730     8.240     0.000
     1.147    20.890     4.734     8.240     0.000
     1.147    20.896     4.737     8.240     0.000
     1.147    20.903     4.740     8.240     0.000
     1.146    20.909     4.744     8.240     0.000
     1.146    20.915     4.747     8.240     0.000
     1.146    20.921     4.750     8.240     0.000
     1.145    20.928     4.754     8.240     0.000
     1.145    20.934     4.757     8.240     0.000
     1.145    20.940     4.760     8.240     0.000
     1.144    20.947     4.764     8.240     0.000
     1.144    20.953     4.767     8.240     0.000
     1.143    20.960     4.770     8.241     0.000
     1.143    20.966     4.774     8.241     0.000
     1.143    20.973     4.777     8.241     0.000
     1.142    20.979     4.780     8.241     0.000
     1.142    20.986     4.783     8.241     0.000
     1.142    20.992     4.787     8.241     0.000
     1.141    20.999     4.790     8.241     0.000
     1.141    21.005     4.793     8.241     0.000
     1.141    21.012     4.797     8.241     0.000
     1.140    21.018     4.800     8.241     0.000
     1.140    21.025     4.803     8.241     0.000
     1.140    21.032     4.807     8.241     0.000
     1.139    21.038     4.810     8.242     0.000
     1.139    21.045     4.813     8.242     0.000
     1.138    21.052     4.816     8.242     0.000
     1.138    21.059     4.820     8.242     0.000
     1.138    21.065     4.823     8.242     0.000
     1.137    21.072     4.826     8.242     0.000
     1.137    21.079     4.830     8.242     0.000
     1.137    21.086     4.833     8.242     0.000
     1.136    21.093     4.836     8.242     0.000
     1.136    21.100     4.839     8.242     0.000
     1.136    21.107     4.843     8.242     0.000
     1.135    21.113     4.846     8.242     0.000
     1.135    21.120     4.849     8.242     0.000
     1.134    21.127     4.852     8.243     0.000
     1.134    21.134     4.856     8.243     0.000
     1.134    21.141     4.859     8.243     0.000
     1.133    21.148     4.862     8.243     0.000
     1.133    21.155     4.865     8.243     0.000
     1.133    21.162     4.869     8.243     0.000
     1.132    21.169     4.872     8.243     0.000
     1.132    21.176     4.875     8.243     0.000
     1.131    21.184     4.878     8.243     0.000
     1.131    21.191     4.882     8.243     0.000
     1.131    21.198     4.885     8.243     0.000
     1.130    21.205     4.888     8.243     0.000
     1.130    21.212     4.891     8.244     0.000
     1.129    21.219     4.895     8.244     0.000
     1.129    21.227     4.898     8.244     0.000
     1.129    21.234     4.901     8.244     0.000
     1.128    21.241     4.904     8.244     0.000
     1.128    21.248     4.907     8.244     0.000
     1.128    21.256     4.911     8.244     0.000
     1.127    21.263     4.914     8.244     0.000
     1.127    21.270     4.917     8.244     0.000
     1.126    21.277     4.920     8.244     0.000
     1.126    21.285     4.924     8.244     0.000
     1.126    21.292     4.927     8.244     0.000
     1.125    21.300     4.930     8.244     0.000
     1.125    21.307     4.933     8.245     0.000
     1.124    21.314     4.936     8.245     0.000
     1.124    21.322     4.940     8.245     0.000
     1.124    21.329     4.943     8.245     0.000
     1.123    21.337     4.946     8.245     0.000
     1.123    21.344     4.949     8.245     0.000
     1.122    21.352     4.952     8.245     0.000
     1.122    21.359     4.956     8.245     0.000
     1.122    21.367     4.959     8.245     0.000
     1.121    21.374     4.962     8.245     0.000
     1.121    21.382     4.965     8.245     0.000
     1.121    21.389     4.968     8.245     0.000
     1.120    21.397     4.971     8.246     0.000
     1.120    21.404     4.975     8.246     0.000
     1.119    21.412     4.978     8.246     0.000
     1.119    21.420     4.981     8.246     0.000
     1.119    21.427     4.984     8.246     0.000
     1.118    21.435     4.987     8.246     0.000
     1.118    21.442     4.991     8.246     0.000
     1.117    21.450     4.994     8.246     0.000
     1.117    21.458     4.997     8.246     0.000
     1.117    21.465     5.000     8.246     0.000
     1.116    21.473     5.003     8.246     0.000
     1.116    21.481     5.006     8.246     0.000
     1.115    21.489     5.009     8.246     0.000
     1.115    21.496     5.013     8.247     0.000
     1.115    21.504     5.016     8.247     0.000
     1.114    21.512     5.019     8.247     0.000
     1.114    21.520     5.022     8.247     0.000
     1.113    21.527     5.025     8.247     0.000
     1.113    21.535     5.028     8.247     0.000
     1.113    21.543     5.032     8.247     0.000
     1.112    21.551     5.035     8.247     0.000
     1.112    21.559     5.038     8.247     0.000
     1.111    21.567     5.041     8.247     0.000
     1.111    21.575     5.044     8.247     0.000
     1.110    21.582     5.047     8.247     0.000
     1.110    21.590     5.050     8.248     0.000
     1.110    21.598     5.053     8.248     0.000
     1.109    21.606     5.057     8.248     0.000
     1.109    21.614     5.060     8.248     0.000
     1.108    21.622     5.063     8.248     0.000
     1.108    21.630     5.066     8.248     0.000
     1.108    21.638     5.069     8.248     0.000
     1.107    21.646     5.072     8.248     0.000
     1.107    21.654     5.075     8.248     0.000
     1.106    21.662     5.078     8.248     0.000
     1.106    21.670     5.082     8.248     0.000
     1.106    21.678     5.085     8.248     0.000
     1.105    21.686     5.088     8.248     0.000
     1.105    21.694     5.091     8.249     0.000
     1.104    21.702     5.094     8.249     0.000
     1.104    21.710     5.097     8.249     0.000
     1.104    21.718     5.100     8.249     0.000
     1.103    21.726     5.103     8.249     0.000
     1.103    21.734     5.106     8.249     0.000
     1.102    21.742     5.109     8.249     0.000
     1.102    21.751     5.113     8.249     0.000
     1.101    21.759     5.116     8.249     0.000
     1.101    21.767     5.119     8.249     0.000
     1.101    21.775     5.122     8.249     0.000
     1.100    21.783     5.125     8.249     0.000
     1.100    21.791     5.128     8.250     0.000
     1.099    21.799     5.131     8.250     0.000
     1.099    21.808     5.134     8.250     0.000
     1.099    21.816     5.137     8.250     0.000
     1.098    21.824     5.140     8.250     0.000
     1.098    21.832     5.143     8.250     0.000
     1.097    21.840     5.146     8.250     0.000
     1.097    21.849     5.150     8.250     0.000
     1.097    21.857     5.153     8.250     0.000
     1.096    21.865     5.156     8.250     0.000
     1.096    21.873     5.159     8.250     0.000
     1.095    21.882     5.162     8.250     0.000
     1.095    21.890     5.165     8.250     0.000
     1.094    21.898     5.168     8.251     0.000
     1.094    21.906     5.171     8.251     0.000
     1.094    21.915     5.174     8.251     0.000
     1.093    21.923     5.177     8.251     0.000
     1.093    21.931     5.180     8.251     0.000
     1.092    21.940     5.183     8.251     0.000
     1.092    21.948     5.186     8.251     0.000
     1.092    21.956     5.189     8.251     0.000
     1.091    21.965     5.192     8.251     0.000
     1.091    21.973     5.195     8.251     0.000
     1.090    21.981     5.198     8.251     0.000
     1.090    21.990     5.201     8.251     0.000
     1.089    21.998     5.205     8.252     0.000
     1.089    22.007     5.208     8.252     0.000
     1.089    22.015     5.211     8.252     0.000
     1.088    22.023     5.214     8.252     0.000
     1.088    22.032     5.217     8.252     0.000
     1.087    22.040     5.220     8.252     0.000
     1.087    22.049     5.223     8.252     0.000
     1.087    22.057     5.226     8.252     0.000
     1.086    22.065     5.229     8.252     0.000
     1.086    22.074     5.232     8.252     0.000
     1.085    22.082     5.235     8.252     0.000
     1.085    22.091     5.238     8.252     0.000
     1.085    22.099     5.241     8.252     0.000
     1.084    22.108     5.244     8.253     0.000
     1.084    22.116     5.247     8.253     0.000
     1.083    22.125     5.250     8.253     0.000
     1.083    22.133     5.253     8.253     0.000
     1.082    22.142     5.256     8.253     0.000
     1.082    22.150     5.259     8.253     0.000
     1.082    22.159     5.262     8.253     0.000
     1.081    22.167     5.265     8.253     0.000
     1.081    22.176     5.268     8.253     0.000
     1.080    22.184     5.271     8.253     0.000
     1.080    22.193     5.274     8.253     0.000
     1.080    22.201     5.277     8.253     0.000
     1.079    22.210     5.280     8.254     0.000
     1.079    22.219     5.283     8.254     0.000
     1.078    22.227     5.286     8.254     0.000
     1.078    22.236     5.289     8.254     0.000
     1.077    22.244     5.292     8.254     0.000
     1.077    22.253     5.295     8.254     0.000
     1.077    22.261     5.298     8.254     0.000
     1.076    22.270     5.301     8.254     0.000
     1.076    22.279     5.304     8.254     0.000
     1.075    22.287     5.307     8.254     0.000
     1.075    22.296     5.310     8.254     0.000
     1.075    22.304     5.313     8.254     0.000
     1.074    22.313     5.316     8.254     0.000
     1.074    22.322     5.319     8.255     0.000
     1.073    22.330     5.322     8.255     0.000
     1.073    22.339     5.325     8.255     0.000
     1.072    22.348     5.328     8.255     0.000
     1.072    22.356     5.331     8.255     0.000
     1.072    22.365     5.334     8.255     0.000
     1.071    22.374     5.337     8.255     0.000
     1.071    22.382     5.339     8.255     0.000
     1.070    22.391     5.342     8.255     0.000
     1.070    22.400     5.345     8.255     0.000
     1.070    22.408     5.348     8.255     0.000
     1.069    22.417     5.351     8.255     0.000
     1.069    22.426     5.354     8.256     0.000
     1.068    22.434     5.357     8.256     0.000
     1.068    22.443     5.360     8.256     0.000
     1.067    22.452     5.363     8.256     0.000
     1.067    22.460     5.366     8.256     0.000
     1.067    22.469     5.369     8.256     0.000
     1.066    22.478     5.372     8.256     0.000
     1.066    22.487     5.375     8.256     0.000
     1.065    22.495     5.378     8.256     0.000
     1.065    22.504     5.381     8.256     0.000
     1.065    22.513     5.384     8.256     0.000
     1.064    22.522     5.387     8.256     0.000
     1.064    22.530     5.390     8.256     0.000
     1.063    22.539     5.393     8.257     0.000
     1.063    22.548     5.395     8.257     0.000
     1.063    22.557     5.398     8.257     0.000
     1.062    22.565     5.401     8.257     0.000
     1.062    22.574     5.404     8.257     0.000
     1.061    22.583     5.407     8.257     0.000
     1.061    22.592     5.410     8.257     0.000
     1.060    22.600     5.413     8.257     0.000
     1.060    22.609     5.416     8.257     0.000
     1.060    22.618     5.419     8.257     0.000
     1.059    22.627     5.422     8.257     0.000
     1.059    22.636     5.425     8.257     0.000
     1.058    22.644     5.428     8.258     0.000
     1.058    22.653     5.430     8.258     0.000
     1.058    22.662     5.433     8.258     0.000
     1.057    22.671     5.436     8.258     0.000
     1.057    22.680     5.439     8.258     0.000
     1.056    22.688     5.442     8.258     0.000
     1.056    22.697     5.445     8.258     0.000
     1.056    22.706     5.448     8.258     0.000
     1.055    22.715     5.451     8.258     0.000
     1.055    22.724     5.454     8.258     0.000
     1.054    22.733     5.457     8.258     0.000
     1.054    22.741     5.460     8.258     0.000
     1.053    22.750     5.462     8.258     0.000
     1.053    22.759     5.465     8.259     0.000
     1.053    22.768     5.468     8.259     0.000
     1.052    22.777     5.471     8.259     0.000
     1.052    22.786     5.474     8.259     0.000
     1.051    22.794     5.477     8.259     0.000
     1.051    22.803     5.480     8.259     0.000
     1.051    22.812     5.483     8.259     0.000
     1.050    22.821     5.486     8.259     0.000
     1.050    22.830     5.488     8.259     0.000
     1.049    22.839     5.491     8.259     0.000
     1.049    22.848     5.494     8.259     0.000
     1.049    22.857     5.497     8.259     0.000
     1.048    22.865     5.500     8.260     0.000
     1.048    22.874     5.503     8.260     0.000
     1.047    22.883     5.506     8.260     0.000
     1.047    22.892     5.509     8.260     0.000
     1.047    22.901     5.511     8.260     0.000
     1.046    22.910     5.514     8.260     0.000
     1.046    22.919     5.517     8.260     0.000
     1.045    22.928     5.520     8.260     0.000
     1.045    22.937     5.523     8.260     0.000
     1.045    22.945     5.526     8.260     0.000
     1.044    22.954     5.529     8.260     0.000
     1.044    22.963     5.531     8.260     0.000
     1.043    22.972     5.534     8.260     0.000
     1.043    22.981     5.537     8.261     0.000
     1.042    22.990     5.540     8.261     0.000
     1.042    22.999     5.543     8.261     0.000
     1.042    23.008     5.546     8.261     0.000
     1.041    23.017     5.549     8.261     0.000
     1.041    23.026     5.551     8.261     0.000
     1.040    23.035     5.554     8.261     0.000
     1.040    23.044     5.557     8.261     0.000
     1.040    23.053     5.560     8.261     0.000
     1.039    23.062     5.563     8.261     0.000
     1.039    23.070     5.566     8.261     0.000
     1.038    23.079     5.568     8.261     0.000
     1.038    23.088     5.571     8.262     0.000
     1.038    23.097     5.574     8.262     0.000
     1.037    23.106     5.577     8.262     0.000
     1.037    23.115     5.580     8.262     0.000
     1.036    23.124     5.583     8.262     0.000
     1.036    23.133     5.585     8.262     0.000
     1.036    23.142     5.588     8.262     0.000
     1.035    23.151     5.591     8.262     0.000
     1.035    23.160     5.594     8.262     0.000
     1.034    23.169     5.597     8.262     0.000
     1.034    23.178     5.600     8.262     0.000
     1.034    23.187     5.602     8.262     0.000
     1.033    23.196     5.605     8.262     0.000
     1.033    23.205     5.608     8.263     0.000
     1.032    23.214     5.611     8.263     0.000
     1.032    23.223     5.614     8.263     0.000
     1.032    23.232     5.617     8.263     0.000
     1.031    23.241     5.619     8.263     0.000
     1.031    23.250     5.622     8.263     0.000
     1.030    23.259     5.625     8.263     0.000
     1.030    23.268     5.628     8.263     0.000
     1.030    23.277     5.631     8.263     0.000
     1.029    23.286     5.633     8.263     0.000
     1.029    23.295     5.636     8.263     0.000
     1.028    23.304     5.639     8.263     0.000
     1.028    23.313     5.642     8.264     0.000
     1.028    23.322     5.645     8.264     0.000
     1.027    23.331     5.647     8.264     0.000
     1.027    23.340     5.650     8.264     0.000
     1.026    23.349     5.653     8.264     0.000
     1.026    23.358     5.656     8.264     0.000
     1.026    23.367     5.659     8.264     0.000
     1.025    23.376     5.661     8.264     0.000
     1.025    23.385     5.664     8.264     0.000
     1.025    23.394     5.667     8.264     0.000
     1.024    23.403     5.670     8.264     0.000
     1.024    23.412     5.673     8.264     0.000
     1.023    23.421     5.675     8.264     0.000
     1.023    23.430     5.678     8.265     0.000
     1.023    23.439     5.681     8.265     0.000
     1.022    23.448     5.684     8.265     0.000
     1.022    23.457     5.686     8.265     0.000
     1.021    23.466     5.689     8.265     0.000
     1.021    23.475     5.692     8.265     0.000
     1.021    23.484     5.695     8.265     0.000
     1.020    23.493     5.698     8.265     0.000
     1.020    23.502     5.700     8.265     0.000
     1.019    23.511     5.703     8.265     0.000
     1.019    23.520     5.706     8.265     0.000
     1.019    23.529     5.709     8.265     0.000
     1.018    23.538     5.711     8.266     0.000
     1.018    23.547     5.714     8.266     0.000
     1.017    23.556     5.717     8.266     0.000
     1.017    23.565     5.720     8.266     0.000
     1.017    23.574     5.722     8.266     0.000
     1.016    23.583     5.725     8.266     0.000
     1.016    23.592     5.728     8.266     0.000
     1.016    23.601     5.731     8.266     0.000
     1.015    23.610     5.734     8.266     0.000
     1.015    23.619     5.736     8.266     0.000
     1.014    23.628     5.739     8.266     0.000
     1.014    23.637     5.742     8.266     0.000
     1.014    23.646     5.745     8.266     0.000
     1.013    23.655     5.747     8.267     0.000
     1.013    23.664     5.750     8.267     0.000
     1.012    23.673     5.753     8.267     0.000
     1.012    23.682     5.756     8.267     0.000
     1.012    23.691     5.758     8.267     0.000
     1.011    23.700     5.761     8.267     0.000
     1.011    23.709     5.764     8.267     0.000
     1.010    23.718     5.767     8.267     0.000
     1.010    23.727     5.769     8.267     0.000
     1.010    23.736     5.772     8.267     0.000
     1.009    23.745     5.775     8.267     0.000
     1.009    23.754     5.777     8.267     0.000
     1.009    23.763     5.780     8.268     0.000
     1.008    23.772     5.783     8.268     0.000
     1.008    23.781     5.786     8.268     0.000
     1.007    23.791     5.788     8.268     0.000
     1.007    23.800     5.791     8.268     0.000
     1.007    23.809     5.794     8.268     0.000
     1.006    23.818     5.797     8.268     0.000
     1.006    23.827     5.799     8.268     0.000
     1.006    23.836     5.802     8.268     0.000
     1.005    23.845     5.805     8.268     0.000
     1.005    23.854     5.808     8.268     0.000
     1.004    23.863     5.810     8.268     0.000
     1.004    23.872     5.813     8.268     0.000
     1.004    23.881     5.816     8.269     0.000
     1.003    23.890     5.818     8.269     0.000
     1.003    23.899     5.821     8.269     0.000
     1.002    23.908     5.824     8.269     0.000
     1.002    23.917     5.827     8.269     0.000
     1.002    23.926     5.829     8.269     0.000
     1.001    23.935     5.832     8.269     0.000
     1.001    23.944     5.835     8.269     0.000
     1.001    23.953     5.837     8.269     0.000
     1.000    23.962     5.840     8.269     0.000
     1.000    23.971     5.843     8.269     0.000
     0.999    23.980     5.845     8.269     0.000
     0.999    23.989     5.848     8.270     0.000
     0.999    23.998     5.851     8.270     0.000
     0.998    24.008     5.854     8.270     0.000
     0.998    24.017     5.856     8.270     0.000
     0.998    24.026     5.859     8.270     0.000
     0.997    24.035     5.862     8.270     0.000
     0.997    24.044     5.864     8.270     0.000
     0.996    24.053     5.867     8.270     0.000
     0.996    24.062     5.870     8.270     0.000
     0.996    24.071     5.872     8.270     0.000
     0.995    24.080     5.875     8.270     0.000
     0.995    24.089     5.878     8.270     0.000
     0.995    24.098     5.881     8.270     0.000
     0.994    24.107     5.883     8.271     0.000
     0.994    24.116     5.886     8.271     0.000
     0.993    24.125     5.889     8.271     0.000
     0.993    24.134     5.891     8.271     0.000
     0.993    24.143     5.894     8.271     0.000
     0.992    24.152     5.897     8.271     0.000
     0.992    24.161     5.899     8.271     0.000
     0.992    24.170     5.902     8.271     0.000
     0.991    24.179     5.905     8.271     0.000
     0.991    24.188     5.907     8.271     0.000
     0.990    24.197     5.910     8.271     0.000
     0.990    24.206     5.913     8.271     0.000
     0.990    24.215     5.915     8.272     0.000
     0.989    24.225     5.918     8.272     0.000
     0.989    24.234     5.921     8.272     0.000
     0.989    24.243     5.923     8.272     0.000
     0.988    24.252     5.926     8.272     0.000
     0.988    24.261     5.929     8.272     0.000
     0.988    24.270     5.931     8.272     0.000
     0.987    24.279     5.934     8.272     0.000
     0.987    24.288     5.937     8.272     0.000
     0.986    24.297     5.939     8.272     0.000
     0.986    24.306     5.942     8.272     0.000
     0.986    24.315     5.945     8.272     0.000
     0.985    24.324     5.947     8.272     0.000
     0.985    24.333     5.950     8.273     0.000
     0.985    24.342     5.953     8.273     0.000
     0.984    24.351     5.955     8.273     0.000
     0.984    24.360     5.958     8.273     0.000
     0.983    24.369     5.961     8.273     0.000
     0.983    24.378     5.963     8.273     0.000
     0.983    24.387     5.966     8.273     0.000
     0.982    24.396     5.969     8.273     0.000
     0.982    24.405     5.971     8.273     0.000
     0.982    24.414     5.974     8.273     0.000
     0.981    24.423     5.977     8.273     0.000
     0.981    24.432     5.979     8.273     0.000
     0.981    24.441     5.982     8.274     0.000
     0.980    24.450     5.984     8.274     0.000
     0.980    24.459     5.987     8.274     0.000
     0.980    24.468     5.990     8.274     0.000
     0.979    24.478     5.992     8.274     0.000
     0.979    24.487     5.995     8.274     0.000
     0.978    24.496     5.998     8.274     0.000
     0.978    24.505     6.000     8.274     0.000
     0.978    24.514     6.003     8.274     0.000
     0.977    24.523     6.006     8.274     0.000
     0.977    24.532     6.008     8.274     0.000
     0.977    24.541     6.011     8.274     0.000
     0.976    24.550     6.013     8.274     0.000
     0.976    24.559     6.016     8.275     0.000
     0.976    24.568     6.019     8.275     0.000
     0.975    24.577     6.021     8.275     0.000
     0.975    24.586     6.024     8.275     0.000
     0.974    24.595     6.027     8.275     0.000
     0.974    24.604     6.029     8.275     0.000
     0.974    24.613     6.032     8.275     0.000
     0.973    24.622     6.034     8.275     0.000
     0.973    24.631     6.037     8.275     0.000
     0.973    24.640     6.040     8.275     0.000
     0.972    24.649     6.042     8.275     0.000
     0.972    24.658     6.045     8.275     0.000
     0.972    24.667     6.048     8.276     0.000
     0.971    24.676     6.050     8.276     0.000
     0.971    24.685     6.053     8.276     0.000
     0.971    24.694     6.055     8.276     0.000
     0.970    24.703     6.058     8.276     0.000
     0.970    24.712     6.061     8.276     0.000
     0.969    24.721     6.063     8.276     0.000
     0.969    24.730     6.066     8.276     0.000
     0.969    24.739     6.068     8.276     0.000
     0.968    24.748     6.071     8.276     0.000
     0.968    24.757     6.074     8.276     0.000
     0.968    24.766     6.076     8.276     0.000
     0.967    24.775     6.079     8.276     0.000
     0.967    24.784     6.081     8.277     0.000
     0.967    24.793     6.084     8.277     0.000
     0.966    24.802     6.087     8.277     0.000
     0.966    24.811     6.089     8.277     0.000
     0.966    24.820     6.092     8.277     0.000
     0.965    24.829     6.094     8.277     0.000
     0.965    24.838     6.097     8.277     0.000
     0.965    24.847     6.100     8.277     0.000
     0.964    24.856     6.102     8.277     0.000
     0.964    24.865     6.105     8.277     0.000
     0.964    24.874     6.107     8.277     0.000
     0.963    24.883     6.110     8.277     0.000
     0.963    24.892     6.113     8.278     0.000
     0.962    24.901     6.115     8.278     0.000
     0.962    24.910     6.118     8.278     0.000
     0.962    24.919     6.120     8.278     0.000
     0.961    24.928     6.123     8.278     0.000
     0.961    24.937     6.125     8.278     0.000
     0.961    24.946     6.128     8.278     0.000
     0.960    24.955     6.131     8.278     0.000
     0.960    24.964     6.133     8.278     0.000
     0.960    24.973     6.136     8.278     0.000
     0.959    24.982     6.138     8.278     0.000
     0.959    24.991     6.141     8.278     0.000
     0.959    25.000     6.144     8.278     0.000
     0.958    25.009     6.146     8.279     0.000
     0.958    25.018     6.149     8.279     0.000
     0.958    25.027     6.151     8.279     0.000
     0.957    25.036     6.154     8.279     0.000
     0.957    25.045     6.156     8.279     0.000
     0.957    25.054     6.159     8.279     0.000
     0.956    25.063     6.162     8.279     0.000
     0.956    25.072     6.164     8.279     0.000
     0.956    25.081     6.167     8.279     0.000
     0.955    25.090     6.169     8.279     0.000
     0.955    25.099     6.172     8.279     0.000
     0.955    25.108     6.174     8.279     0.000
     0.954    25.117     6.177     8.280     0.000
     0.954    25.125     6.179     8.280     0.000
     0.954    25.134     6.182     8.280     0.000
     0.953    25.143     6.185     8.280     0.000
     0.953    25.152     6.187     8.280     0.000
     0.953    25.161     6.190     8.280     0.000
     0.952    25.170     6.192     8.280     0.000
     0.952    25.179     6.195     8.280     0.000
     0.952    25.188     6.197     8.280     0.000
     0.951    25.197     6.200     8.280     0.000
     0.951    25.206     6.202     8.280     0.000
     0.951    25.215     6.205     8.280     0.000
     0.950    25.224     6.208     8.280     0.000
     0.950    25.233     6.210     8.281     0.000
     0.949    25.242     6.213     8.281     0.000
     0.949    25.251     6.215     8.281     0.000
     0.949    25.260     6.218     8.281     0.000
     0.948    25.269     6.220     8.281     0.000
     0.948    25.278     6.223     8.281     0.000
     0.948    25.287     6.225     8.281     0.001
     0.947    25.296     6.228     8.281     0.001
     0.947    25.305     6.230     8.281     0.001
     0.947    25.313     6.233     8.281     0.001
     0.946    25.322     6.235     8.281     0.001
     0.946    25.331     6.238     8.281     0.001
     0.946    25.340     6.241     8.282     0.001
     0.945    25.349     6.243     8.282     0.001
     0.945    25.358     6.246     8.282     0.001
     0.945    25.367     6.248     8.282     0.001
     0.944    25.376     6.251     8.282     0.001
     0.944    25.385     6.253     8.282     0.001
     0.944    25.394     6.256     8.282     0.001
     0.943    25.403     6.258     8.282     0.001
     0.943    25.412     6.261     8.282     0.001
     0.943    25.421     6.263     8.282     0.001
     0.942    25.430     6.266     8.282     0.001
     0.942    25.439     6.268     8.282     0.001
     0.942    25.447     6.271     8.282     0.001
     0.941    25.456     6.273     8.283     0.001
     0.941    25.465     6.276     8.283     0.001
     0.941    25.474     6.278     8.283     0.001
     0.941    25.483     6.281     8.283     0.001
     0.940    25.492     6.283     8.283     0.001
     0.940    25.501     6.286     8.283     0.001
     0.940    25.510     6.288     8.283     0.001
     0.939    25.519     6.291     8.283     0.001
     0.939    25.528     6.294     8.283     0.001
     0.939    25.537     6.296     8.283     0.001
     0.938    25.545     6.299     8.283     0.001
     0.938    25.554     6.301     8.283     0.001
     0.938    25.563     6.304     8.284     0.001
     0.937    25.572     6.306     8.284     0.001
     0.937    25.581     6.309     8.284     0.001
     0.937    25.590     6.311     8.284     0.001
     0.936    25.599     6.314     8.284     0.001
     0.936    25.608     6.316     8.284     0.001
     0.936    25.617     6.319     8.284     0.001
     0.935    25.626     6.321     8.284     0.001
     0.935    25.634     6.324     8.284     0.001
     0.935    25.643     6.326     8.284     0.001
     0.934    25.652     6.329     8.284     0.001
     0.934    25.661     6.331     8.284     0.001
     0.934    25.670     6.334     8.284     0.001
     0.933    25.679     6.336     8.285     0.001
     0.933    25.688     6.339     8.285     0.001
     0.933    25.697     6.341     8.285     0.001
     0.932    25.706     6.344     8.285     0.001
     0.932    25.714     6.346     8.285     0.001
     0.932    25.723     6.349     8.285     0.001
     0.931    25.732     6.351     8.285     0.001
     0.931    25.741     6.354     8.285     0.001
     0.931    25.750     6.356     8.285     0.001
     0.930    25.759     6.359     8.285     0.001
     0.930    25.768     6.361     8.285     0.001
     0.930    25.777     6.363     8.285     0.001
     0.929    25.785     6.366     8.286     0.001
     0.929    25.794     6.368     8.286     0.001
     0.929    25.803     6.371     8.286     0.001
     0.929    25.812     6.373     8.286     0.001
     0.928    25.821     6.376     8.286     0.001
     0.928    25.830     6.378     8.286     0.001
     0.928    25.839     6.381     8.286     0.001
     0.927    25.847     6.383     8.286     0.001
     0.927    25.856     6.386     8.286     0.001
     0.927    25.865     6.388     8.286     0.001
     0.926    25.874     6.391     8.286     0.001
     0.926    25.883     6.393     8.286     0.001
     0.926    25.892     6.396     8.286     0.001
     0.925    25.901     6.398     8.287     0.001
     0.925    25.909     6.401     8.287     0.001
     0.925    25.918     6.403     8.287     0.001
     0.924    25.927     6.406     8.287     0.001
     0.924    25.936     6.408     8.287     0.001
     0.924    25.945     6.411     8.287     0.001
     0.923    25.954     6.413     8.287     0.001
     0.923    25.962     6.415     8.287     0.001
     0.923    25.971     6.418     8.287     0.001
     0.923    25.980     6.420     8.287     0.001
     0.922    25.989     6.423     8.287     0.001
     0.922    25.998     6.425     8.287     0.001
     0.922    26.007     6.428     8.288     0.001
     0.921    26.015     6.430     8.288     0.001
     0.921    26.024     6.433     8.288     0.001
     0.921    26.033     6.435     8.288     0.001
     0.920    26.042     6.438     8.288     0.001
     0.920    26.051     6.440     8.288     0.001
     0.920    26.059     6.442     8.288     0.001
     0.919    26.068     6.445     8.288     0.001
     0.919    26.077     6.447     8.288     0.001
     0.919    26.086     6.450     8.288     0.001
     0.918    26.095     6.452     8.288     0.001
     0.918    26.104     6.455     8.288     0.001
     0.918    26.112     6.457     8.288     0.001
     0.918    26.121     6.460     8.289     0.001
     0.917    26.130     6.462     8.289     0.001
     0.917    26.139     6.465     8.289     0.001
     0.917    26.148     6.467     8.289     0.001
     0.916    26.156     6.469     8.289     0.001
     0.916    26.165     6.472     8.289     0.001
     0.916    26.174     6.474     8.289     0.001
     0.915    26.183     6.477     8.289     0.001
     0.915    26.192     6.479     8.289     0.001
     0.915    26.200     6.482     8.289     0.001
     0.914    26.209     6.484     8.289     0.001
     0.914    26.218     6.487     8.289     0.001
     0.914    26.227     6.489     8.290     0.001
     0.914    26.236     6.491     8.290     0.001
     0.913    26.244     6.494     8.290     0.001
     0.913    26.253     6.496     8.290     0.001
     0.913    26.262     6.499     8.290     0.001
     0.912    26.271     6.501     8.290     0.001
     0.912    26.279     6.504     8.290     0.001
     0.912    26.288     6.506     8.290     0.001
     0.911    26.297     6.508     8.290     0.001
     0.911    26.306     6.511     8.290     0.001
     0.911    26.315     6.513     8.290     0.001
     0.910    26.323     6.516     8.290     0.001
     0.910    26.332     6.518     8.290     0.001
     0.910    26.341     6.521     8.291     0.001
     0.910    26.350     6.523     8.291     0.001
     0.909    26.358     6.525     8.291     0.001
     0.909    26.367     6.528     8.291     0.001
     0.909    26.376     6.530     8.291     0.001
     0.908    26.385     6.533     8.291     0.001
     0.908    26.393     6.535     8.291     0.001
     0.908    26.402     6.537     8.291     0.001
     0.907    26.411     6.540     8.291     0.001
     0.907    26.420     6.542     8.291     0.001
     0.907    26.428     6.545     8.291     0.001
     0.907    26.437     6.547     8.291     0.001
     0.906    26.446     6.550     8.292     0.001
     0.906    26.455     6.552     8.292     0.001
     0.906    26.463     6.554     8.292     0.001
     0.905    26.472     6.557     8.292     0.001
     0.905    26.481     6.559     8.292     0.001
     0.905    26.490     6.562     8.292     0.001
     0.904    26.498     6.564     8.292     0.001
     0.904    26.507     6.566     8.292     0.001
     0.904    26.516     6.569     8.292     0.001
     0.904    26.525     6.571     8.292     0.001
     0.903    26.533     6.574     8.292     0.001
     0.903    26.542     6.576     8.292     0.001
     0.903    26.551     6.578     8.292     0.001
     0.902    26.559     6.581     8.293     0.001
     0.902    26.568     6.583     8.293     0.001
     0.902    26.577     6.586     8.293     0.001
     0.902    26.586     6.588     8.293     0.001
     0.901    26.594     6.590     8.293     0.001
     0.901    26.603     6.593     8.293     0.001
     0.901    26.612     6.595     8.293     0.001
     0.900    26.621     6.598     8.293     0.001
     0.900    26.629     6.600     8.293     0.001
     0.900    26.638     6.602     8.293     0.001
     0.899    26.647     6.605     8.293     0.001
     0.899    26.655     6.607     8.293     0.001
     0.899    26.664     6.610     8.294     0.001
     0.899    26.673     6.612     8.294     0.001
     0.898    26.681     6.614     8.294     0.001
     0.898    26.690     6.617     8.294     0.001
     0.898    26.699     6.619     8.294     0.001
     0.897    26.708     6.622     8.294     0.001
     0.897    26.716     6.624     8.294     0.001
     0.897    26.725     6.626     8.294     0.001
     0.897    26.734     6.629     8.294     0.001
     0.896    26.742     6.631     8.294     0.001
     0.896    26.751     6.634     8.294     0.001
     0.896    26.760     6.636     8.294     0.001
     0.895    26.768     6.638     8.294     0.001
     0.895    26.777     6.641     8.295     0.001
     0.895    26.786     6.643     8.295     0.001
     0.894    26.794     6.645     8.295     0.001
     0.894    26.803     6.648     8.295     0.001
     0.894    26.812     6.650     8.295     0.001
     0.894    26.820     6.653     8.295     0.001
     0.893    26.829     6.655     8.295     0.001
     0.893    26.838     6.657     8.295     0.001
     0.893    26.846     6.660     8.295     0.001
     0.892    26.855     6.662     8.295     0.001
     0.892    26.864     6.664     8.295     0.001
     0.892    26.872     6.667     8.295     0.001
     0.892    26.881     6.669     8.296     0.001
     0.891    26.890     6.672     8.296     0.001
     0.891    26.898     6.674     8.296     0.001
     0.891    26.907     6.676     8.296     0.001
     0.890    26.916     6.679     8.296     0.001
     0.890    26.924     6.681     8.296     0.001
     0.890    26.933     6.683     8.296     0.001
     0.890    26.942     6.686     8.296     0.001
     0.889    26.950     6.688     8.296     0.001
     0.889    26.959     6.690     8.296     0.001
     0.889    26.968     6.693     8.296     0.001
     0.888    26.976     6.695     8.296     0.001
     0.888    26.985     6.698     8.296     0.001
     0.888    26.994     6.700     8.297     0.001
     0.888    27.002     6.702     8.297     0.001
     0.887    27.011     6.705     8.297     0.001
     0.887    27.019     6.707     8.297     0.001
     0.887    27.028     6.709     8.297     0.001
     0.886    27.037     6.712     8.297     0.001
     0.886    27.045     6.714     8.297     0.001
     0.886    27.054     6.716     8.297     0.001
     0.886    27.063     6.719     8.297     0.001
     0.885    27.071     6.721     8.297     0.001
     0.885    27.080     6.723     8.297     0.001
     0.885    27.088     6.726     8.297     0.001
     0.884    27.097     6.728     8.298     0.001
     0.884    27.106     6.731     8.298     0.001
     0.884    27.114     6.733     8.298     0.001
     0.884    27.123     6.735     8.298     0.001
     0.883    27.131     6.738     8.298     0.001
     0.883    27.140     6.740     8.298     0.001
     0.883    27.149     6.742     8.298     0.001
     0.883    27.157     6.745     8.298     0.001
     0.882    27.166     6.747     8.298     0.001
     0.882    27.174     6.749     8.298     0.001
     0.882    27.183     6.752     8.298     0.001
     0.881    27.192     6.754     8.298     0.001
     0.881    27.200     6.756     8.298     0.001
     0.881    27.209     6.759     8.299     0.001
     0.881    27.217     6.761     8.299     0.001
     0.880    27.226     6.763     8.299     0.001
     0.880    27.235     6.766     8.299     0.001
     0.880    27.243     6.768     8.299     0.001
     0.879    27.252     6.770     8.299     0.001
     0.879    27.260     6.773     8.299     0.001
     0.879    27.269     6.775     8.299     0.001
     0.879    27.278     6.777     8.299     0.001
     0.878    27.286     6.780     8.299     0.001
     0.878    27.295     6.782     8.299     0.001
     0.878    27.303     6.784     8.299     0.001
     0.878    27.312     6.787     8.300     0.001
     0.877    27.320     6.789     8.300     0.001
     0.877    27.329     6.791     8.300     0.001
     0.877    27.338     6.794     8.300     0.001
     0.876    27.346     6.796     8.300     0.001
     0.876    27.355     6.798     8.300     0.001
     0.876    27.363     6.801     8.300     0.001
     0.876    27.372     6.803     8.300     0.001
     0.875    27.380     6.805     8.300     0.001
     0.875    27.389     6.808     8.300     0.001
     0.875    27.397     6.810     8.300     0.001
     0.875    27.406     6.812     8.300     0.001
     0.874    27.415     6.815     8.300     0.001
     0.874    27.423     6.817     8.301     0.001
     0.874    27.432     6.819     8.301     0.001
     0.873    27.440     6.822     8.301     0.001
     0.873    27.449     6.824     8.301     0.001
     0.873    27.457     6.826     8.301     0.001
     0.873    27.466     6.828     8.301     0.001
     0.872    27.474     6.831     8.301     0.001
     0.872    27.483     6.833     8.301     0.001
     0.872    27.491     6.835     8.301     0.001
     0.872    27.500     6.838     8.301     0.001
     0.871    27.508     6.840     8.301     0.001
     0.871    27.517     6.842     8.301     0.001
     0.871    27.525     6.845     8.302     0.001
     0.870    27.534     6.847     8.302     0.001
     0.870    27.543     6.849     8.302     0.001
     0.870    27.551     6.852     8.302     0.001
     0.870    27.560     6.854     8.302     0.001
     0.869    27.568     6.856     8.302     0.001
     0.869    27.577     6.859     8.302     0.001
     0.869    27.585     6.861     8.302     0.001
     0.869    27.594     6.863     8.302     0.001
     0.868    27.602     6.865     8.302     0.001
     0.868    27.611     6.868     8.302     0.001
     0.868    27.619     6.870     8.302     0.001
     0.868    27.628     6.872     8.302     0.001
     0.867    27.636     6.875     8.303     0.001
     0.867    27.645     6.877     8.303     0.001
     0.867    27.653     6.879     8.303     0.001
     0.866    27.662     6.882     8.303     0.001
     0.866    27.670     6.884     8.303     0.001
     0.866    27.679     6.886     8.303     0.001
     0.866    27.687     6.888     8.303     0.001
     0.865    27.696     6.891     8.303     0.001
     0.865    27.704     6.893     8.303     0.001
     0.865    27.713     6.895     8.303     0.001
     0.865    27.721     6.898     8.303     0.001
     0.864    27.730     6.900     8.303     0.001
     0.864    27.738     6.902     8.304     0.001
     0.864    27.746     6.904     8.304     0.001
     0.864    27.755     6.907     8.304     0.001
     0.863    27.763     6.909     8.304     0.001
     0.863    27.772     6.911     8.304     0.001
     0.863    27.780     6.914     8.304     0.001
     0.862    27.789     6.916     8.304     0.001
     0.862    27.797     6.918     8.304     0.001
     0.862    27.806     6.920     8.304     0.001
     0.862    27.814     6.923     8.304     0.001
     0.861    27.823     6.925     8.304     0.001
     0.861    27.831     6.927     8.304     0.001
     0.861    27.840     6.930     8.304     0.001
     0.861    27.848     6.932     8.305     0.001
     0.860    27.857     6.934     8.305     0.001
     0.860    27.865     6.936     8.305     0.001
     0.860    27.873     6.939     8.305     0.001
     0.860    27.882     6.941     8.305     0.001
     0.859    27.890     6.943     8.305     0.001
     0.859    27.899     6.946     8.305     0.001
     0.859    27.907     6.948     8.305     0.001
     0.859    27.916     6.950     8.305     0.001
     0.858    27.924     6.952     8.305     0.001
     0.858    27.933     6.955     8.305     0.001
     0.858    27.941     6.957     8.305     0.001
     0.858    27.949     6.959     8.306     0.001
     0.857    27.958     6.961     8.306     0.001
     0.857    27.966     6.964     8.306     0.001
     0.857    27.975     6.966     8.306     0.001
     0.856    27.983     6.968     8.306     0.001
     0.856    27.992     6.971     8.306     0.001
     0.856    28.000     6.973     8.306     0.001
     0.856    28.008     6.975     8.306     0.001
     0.855    28.017     6.977     8.306     0.001
     0.855    28.025     6.980     8.306     0.001
     0.855    28.034     6.982     8.306     0.001
     0.855    28.042     6.984     8.306     0.001
     0.854    28.050     6.986     8.306     0.001
     0.854    28.059     6.989     8.307     0.001
     0.854    28.067     6.991     8.307     0.001
     0.854    28.076     6.993     8.307     0.001
     0.853    28.084     6.995     8.307     0.001
     0.853    28.092     6.998     8.307     0.001
     0.853    28.101     7.000     8.307     0.001
     0.853    28.109     7.002     8.307     0.001
     0.852    28.118     7.004     8.307     0.001
     0.852    28.126     7.007     8.307     0.001
     0.852    28.134     7.009     8.307     0.001
     0.852    28.143     7.011     8.307     0.001
     0.851    28.151     7.013     8.307     0.001
     0.851    28.160     7.016     8.308     0.001
     0.851    28.168     7.018     8.308     0.001
     0.851    28.176     7.020     8.308     0.001
     0.850    28.185     7.023     8.308     0.001
     0.850    28.193     7.025     8.308     0.001
     0.850    28.201     7.027     8.308     0.001
     0.850    28.210     7.029     8.308     0.001
     0.849    28.218     7.032     8.308     0.001
     0.849    28.227     7.034     8.308     0.001
     0.849    28.235     7.036     8.308     0.001
     0.849    28.243     7.038     8.308     0.001
     0.848    28.252     7.040     8.308     0.001
     0.848    28.260     7.043     8.308     0.001
     0.848    28.268     7.045     8.309     0.001
     0.848    28.277     7.047     8.309     0.001
     0.847    28.285     7.049     8.309     0.001
     0.847    28.294     7.052     8.309     0.001
     0.847    28.302     7.054     8.309     0.001
     0.847    28.310     7.056     8.309     0.001
     0.846    28.319     7.058     8.309     0.001
     0.846    28.327     7.061     8.309     0.001
     0.846    28.335     7.063     8.309     0.001
     0.846    28.344     7.065     8.309     0.001
     0.845    28.352     7.067     8.309     0.001
     0.845    28.360     7.070     8.309     0.001
     0.845    28.369     7.072     8.310     0.001
     0.845    28.377     7.074     8.310     0.001
     0.844    28.385     7.076     8.310     0.001
     0.844    28.394     7.079     8.310     0.001
     0.844    28.402     7.081     8.310     0.001
     0.844    28.410     7.083     8.310     0.001
     0.843    28.419     7.085     8.310     0.001
     0.843    28.427     7.087     8.310     0.001
     0.843    28.435     7.090     8.310     0.001
     0.843    28.444     7.092     8.310     0.001
     0.842    28.452     7.094     8.310     0.001
     0.842    28.460     7.096     8.310     0.001
     0.842    28.469     7.099     8.310     0.001
     0.842    28.477     7.101     8.311     0.001
     0.841    28.485     7.103     8.311     0.001
     0.841    28.494     7.105     8.311     0.001
     0.841    28.502     7.108     8.311     0.001
     0.841    28.510     7.110     8.311     0.001
     0.840    28.518     7.112     8.311     0.001
     0.840    28.527     7.114     8.311     0.001
     0.840    28.535     7.116     8.311     0.001
     0.840    28.543     7.119     8.311     0.001
     0.839    28.552     7.121     8.311     0.001
     0.839    28.560     7.123     8.311     0.001
     0.839    28.568     7.125     8.311     0.001
     0.839    28.577     7.128     8.312     0.001
     0.838    28.585     7.130     8.312     0.001
     0.838    28.593     7.132     8.312     0.001
     0.838    28.601     7.134     8.312     0.001
     0.838    28.610     7.136     8.312     0.001
     0.837    28.618     7.139     8.312     0.001
     0.837    28.626     7.141     8.312     0.001
     0.837    28.635     7.143     8.312     0.001
     0.837    28.643     7.145     8.312     0.001
     0.837    28.651     7.147     8.312     0.001
     0.836    28.659     7.150     8.312     0.001
     0.836    28.668     7.152     8.312     0.001
     0.836    28.676     7.154     8.312     0.001
     0.836    28.684     7.156     8.313     0.001
     0.835    28.692     7.159     8.313     0.001
     0.835    28.701     7.161     8.313     0.001
     0.835    28.709     7.163     8.313     0.001
     0.835    28.717     7.165     8.313     0.001
     0.834    28.726     7.167     8.313     0.001
     0.834    28.734     7.170     8.313     0.001
     0.834    28.742     7.172     8.313     0.001
     0.834    28.750     7.174     8.313     0.001
     0.833    28.759     7.176     8.313     0.001
     0.833    28.767     7.178     8.313     0.001
     0.833    28.775     7.181     8.313     0.001
     0.833    28.783     7.183     8.314     0.001
     0.832    28.792     7.185     8.314     0.001
     0.832    28.800     7.187     8.314     0.001
     0.832    28.808     7.189     8.314     0.001
     0.832    28.816     7.192     8.314     0.001
     0.831    28.825     7.194     8.314     0.001
     0.831    28.833     7.196     8.314     0.001
     0.831    28.841     7.198     8.314     0.001
     0.831    28.849     7.200     8.314     0.001
     0.831    28.857     7.203     8.314     0.001
     0.830    28.866     7.205     8.314     0.001
     0.830    28.874     7.207     8.314     0.001
     0.830    28.882     7.209     8.314     0.001
     0.830    28.890     7.211     8.315     0.001
     0.829    28.899     7.214     8.315     0.001
     0.829    28.907     7.216     8.315     0.001
     0.829    28.915     7.218     8.315     0.001
     0.829    28.923     7.220     8.315     0.001
     0.828    28.931     7.222     8.315     0.001
     0.828    28.940     7.224     8.315     0.001
     0.828    28.948     7.227     8.315     0.001
     0.828    28.956     7.229     8.315     0.001
     0.827    28.964     7.231     8.315     0.001
     0.827    28.972     7.233     8.315     0.001
     0.827    28.981     7.235     8.315     0.001
     0.827    28.989     7.238     8.316     0.001
     0.827    28.997     7.240     8.316     0.001
     0.826    29.005     7.242     8.316     0.001
     0.826    29.014     7.244     8.316     0.001
     0.826    29.022     7.246     8.316     0.001
     0.826    29.030     7.249     8.316     0.001
     0.825    29.038     7.251     8.316     0.001
     0.825    29.046     7.253     8.316     0.001
     0.825    29.054     7.255     8.316     0.001
     0.825    29.063     7.257     8.316     0.001
     0.824    29.071     7.259     8.316     0.001
     0.824    29.079     7.262     8.316     0.001
     0.824    29.087     7.264     8.316     0.001
     0.824    29.095     7.266     8.317     0.001
     0.824    29.104     7.268     8.317     0.001
     0.823    29.112     7.270     8.317     0.001
     0.823    29.120     7.272     8.317     0.001
     0.823    29.128     7.275     8.317     0.001
     0.823    29.136     7.277     8.317     0.001
     0.822    29.144     7.279     8.317     0.001
     0.822    29.153     7.281     8.317     0.001
     0.822    29.161     7.283     8.317     0.001
     0.822    29.169     7.285     8.317     0.001
     0.821    29.177     7.288     8.317     0.001
     0.821    29.185     7.290     8.317     0.001
     0.821    29.193     7.292     8.318     0.001
     0.821    29.202     7.294     8.318     0.001
     0.821    29.210     7.296     8.318     0.001
     0.820    29.218     7.299     8.318     0.001
     0.820    29.226     7.301     8.318     0.001
     0.820    29.234     7.303     8.318     0.001
     0.820    29.242     7.305     8.318     0.001
     0.819    29.250     7.307     8.318     0.001
     0.819    29.259     7.309     8.318     0.001
     0.819    29.267     7.311     8.318     0.001
     0.819    29.275     7.314     8.318     0.001
     0.818    29.283     7.316     8.318     0.001
     0.818    29.291     7.318     8.318     0.001
     0.818    29.299     7.320     8.319     0.001
     0.818    29.307     7.322     8.319     0.001
     0.818    29.315     7.324     8.319     0.001
     0.817    29.324     7.327     8.319     0.001
     0.817    29.332     7.329     8.319     0.001
     0.817    29.340     7.331     8.319     0.001
     0.817    29.348     7.333     8.319     0.001
     0.816    29.356     7.335     8.319     0.001
     0.816    29.364     7.337     8.319     0.001
     0.816    29.372     7.340     8.319     0.001
     0.816    29.380     7.342     8.319     0.001
     0.816    29.389     7.344     8.319     0.001
     0.815    29.397     7.346     8.320     0.001
     0.815    29.405     7.348     8.320     0.001
     0.815    29.413     7.350     8.320     0.001
     0.815    29.421     7.352     8.320     0.001
     0.814    29.429     7.355     8.320     0.001
     0.814    29.437     7.357     8.320     0.001
     0.814    29.445     7.359     8.320     0.001
     0.814    29.453     7.361     8.320     0.001
     0.814    29.462     7.363     8.320     0.001
     0.813    29.470     7.365     8.320     0.001
     0.813    29.478     7.367     8.320     0.001
     0.813    29.486     7.370     8.320     0.001
     0.813    29.494     7.372     8.320     0.001
     0.812    29.502     7.374     8.321     0.001
     0.812    29.510     7.376     8.321     0.001
     0.812    29.518     7.378     8.321     0.001
     0.812    29.526     7.380     8.321     0.001
     0.811    29.534     7.382     8.321     0.001
     0.811    29.542     7.385     8.321     0.001
     0.811    29.550     7.387     8.321     0.001
     0.811    29.559     7.389     8.321     0.001
     0.811    29.567     7.391     8.321     0.001
     0.810    29.575     7.393     8.321     0.001
     0.810    29.583     7.395     8.321     0.001
     0.810    29.591     7.397     8.321     0.001
     0.810    29.599     7.400     8.322     0.001
     0.810    29.607     7.402     8.322     0.001
     0.809    29.615     7.404     8.322     0.001
     0.809    29.623     7.406     8.322     0.001
     0.809    29.631     7.408     8.322     0.001
     0.809    29.639     7.410     8.322     0.001
     0.808    29.647     7.412     8.322     0.001
     0.808    29.655     7.415     8.322     0.001
     0.808    29.663     7.417     8.322     0.001
     0.808    29.671     7.419     8.322     0.001
     0.808    29.679     7.421     8.322     0.001
     0.807    29.687     7.423     8.322     0.001
     0.807    29.696     7.425     8.322     0.001
     0.807    29.704     7.427     8.323     0.001
     0.807    29.712     7.429     8.323     0.001
     0.806    29.720     7.432     8.323     0.001
     0.806    29.728     7.434     8.323     0.001
     0.806    29.736     7.436     8.323     0.001
     0.806    29.744     7.438     8.323     0.001
     0.806    29.752     7.440     8.323     0.001
     0.805    29.760     7.442     8.323     0.001
     0.805    29.768     7.444     8.323     0.001
     0.805    29.776     7.446     8.323     0.001
     0.805    29.784     7.449     8.323     0.001
     0.804    29.792     7.451     8.323     0.001
     0.804    29.800     7.453     8.324     0.001
     0.804    29.808     7.455     8.324     0.001
     0.804    29.816     7.457     8.324     0.001
     0.804    29.824     7.459     8.324     0.001
     0.803    29.832     7.461     8.324     0.001
     0.803    29.840     7.463     8.324     0.001
     0.803    29.848     7.466     8.324     0.001
     0.803    29.856     7.468     8.324     0.001
     0.803    29.864     7.470     8.324     0.001
     0.802    29.872     7.472     8.324     0.001
     0.802    29.880     7.474     8.324     0.001
     0.802    29.888     7.476     8.324     0.001
     0.802    29.896     7.478     8.324     0.001
     0.801    29.904     7.480     8.325     0.001
     0.801    29.912     7.482     8.325     0.001
     0.801    29.920     7.485     8.325     0.001
     0.801    29.928     7.487     8.325     0.001
     0.801    29.936     7.489     8.325     0.001
     0.800    29.944     7.491     8.325     0.001
     0.800    29.952     7.493     8.325     0.001
     0.800    29.960     7.495     8.325     0.001
     0.800    29.968     7.497     8.325     0.001
     0.800    29.976     7.499     8.325     0.001
     0.799    29.984     7.501     8.325     0.001
     0.799    29.992     7.504     8.325     0.001
     0.799    30.000     7.506     8.326     0.001
     0.799    30.008     7.508     8.326     0.001
     0.798    30.016     7.510     8.326     0.001
     0.798    30.024     7.512     8.326     0.001
     0.798    30.032     7.514     8.326     0.001
     0.798    30.040     7.516     8.326     0.001
     0.798    30.048     7.518     8.326     0.001
     0.797    30.056     7.520     8.326     0.001
     0.797    30.064     7.523     8.326     0.001
     0.797    30.072     7.525     8.326     0.001
     0.797    30.080     7.527     8.326     0.001
     0.797    30.088     7.529     8.326     0.001
     0.796    30.096     7.531     8.326     0.001
     0.796    30.103     7.533     8.327     0.001
     0.796    30.111     7.535     8.327     0.001
     0.796    30.119     7.537     8.327     0.001
     0.796    30.127     7.539     8.327     0.001
     0.795    30.135     7.541     8.327     0.001
     0.795    30.143     7.543     8.327     0.001
     0.795    30.151     7.546     8.327     0.001
     0.795    30.159     7.548     8.327     0.001
     0.794    30.167     7.550     8.327     0.001
     0.794    30.175     7.552     8.327     0.001
     0.794    30.183     7.554     8.327     0.001
     0.794    30.191     7.556     8.327     0.001
     0.794    30.199     7.558     8.328     0.001
     0.793    30.207     7.560     8.328     0.001
     0.793    30.215     7.562     8.328     0.001
     0.793    30.223     7.564     8.328     0.001
     0.793    30.231     7.567     8.328     0.001
     0.793    30.238     7.569     8.328     0.001
     0.792    30.246     7.571     8.328     0.001
     0.792    30.254     7.573     8.328     0.001
     0.792    30.262     7.575     8.328     0.001
     0.792    30.270     7.577     8.328     0.001
     0.792    30.278     7.579     8.328     0.001
     0.791    30.286     7.581     8.328     0.001
     0.791    30.294     7.583     8.328     0.001
     0.791    30.302     7.585     8.329     0.001
     0.791    30.310     7.587     8.329     0.001
     0.791    30.318     7.589     8.329     0.001
     0.790    30.325     7.592     8.329     0.001
     0.790    30.333     7.594     8.329     0.001
     0.790    30.341     7.596     8.329     0.001
     0.790    30.349     7.598     8.329     0.001
     0.790    30.357     7.600     8.329     0.001
     0.789    30.365     7.602     8.329     0.001
     0.789    30.373     7.604     8.329     0.001
     0.789    30.381     7.606     8.329     0.001
     0.789    30.389     7.608     8.329     0.001
     0.788    30.397     7.610     8.330     0.001
     0.788    30.404     7.612     8.330     0.001
     0.788    30.412     7.614     8.330     0.001
     0.788    30.420     7.616     8.330     0.001
     0.788    30.428     7.619     8.330     0.001
     0.787    30.436     7.621     8.330     0.001
     0.787    30.444     7.623     8.330     0.001
     0.787    30.452     7.625     8.330     0.001
     0.787    30.460     7.627     8.330     0.001
     0.787    30.467     7.629     8.330     0.001
     0.786    30.475     7.631     8.330     0.001
     0.786    30.483     7.633     8.330     0.001
     0.786    30.491     7.635     8.330     0.001
     0.786    30.499     7.637     8.331     0.001
     0.786    30.507     7.639     8.331     0.001
     0.785    30.515     7.641     8.331     0.001
     0.785    30.523     7.643     8.331     0.001
     0.785    30.530     7.646     8.331     0.001
     0.785    30.538     7.648     8.331     0.001
     0.785    30.546     7.650     8.331     0.001
     0.784    30.554     7.652     8.331     0.001
     0.784    30.562     7.654     8.331     0.001
     0.784    30.570     7.656     8.331     0.001
     0.784    30.578     7.658     8.331     0.001
     0.784    30.585     7.660     8.331     0.001
     0.783    30.593     7.662     8.332     0.001
     0.783    30.601     7.664     8.332     0.001
     0.783    30.609     7.666     8.332     0.001
     0.783    30.617     7.668     8.332     0.001
     0.783    30.625     7.670     8.332     0.001
     0.782    30.632     7.672     8.332     0.001
     0.782    30.640     7.674     8.332     0.001
     0.782    30.648     7.676     8.332     0.001
     0.782    30.656     7.679     8.332     0.001
     0.782    30.664     7.681     8.332     0.001
     0.781    30.672     7.683     8.332     0.001
     0.781    30.679     7.685     8.332     0.001
     0.781    30.687     7.687     8.332     0.001
     0.781    30.695     7.689     8.333     0.001
     0.781    30.703     7.691     8.333     0.001
     0.780    30.711     7.693     8.333     0.001
     0.780    30.719     7.695     8.333     0.001
     0.780    30.726     7.697     8.333     0.001
     0.780    30.734     7.699     8.333     0.001
     0.780    30.742     7.701     8.333     0.001
     0.779    30.750     7.703     8.333     0.001
     0.779    30.758     7.705     8.333     0.001
     0.779    30.765     7.707     8.333     0.001
     0.779    30.773     7.709     8.333     0.001
     0.779    30.781     7.711     8.333     0.001
     0.778    30.789     7.713     8.334     0.001
     0.778    30.797     7.715     8.334     0.001
     0.778    30.804     7.718     8.334     0.001
     0.778    30.812     7.720     8.334     0.001
     0.778    30.820     7.722     8.334     0.001
     0.777    30.828     7.724     8.334     0.001
     0.777    30.836     7.726     8.334     0.001
     0.777    30.843     7.728     8.334     0.001
     0.777    30.851     7.730     8.334     0.001
     0.777    30.859     7.732     8.334     0.001
     0.776    30.867     7.734     8.334     0.001
     0.776    30.875     7.736     8.334     0.001
     0.776    30.882     7.738     8.334     0.001
     0.776    30.890     7.740     8.335     0.001
     0.776    30.898     7.742     8.335     0.001
     0.775    30.906     7.744     8.335     0.001
     0.775    30.914     7.746     8.335     0.001
     0.775    30.921     7.748     8.335     0.001
     0.775    30.929     7.750     8.335     0.001
     0.775    30.937     7.752     8.335     0.001
     0.775    30.945     7.754     8.335     0.001
     0.774    30.952     7.756     8.335     0.001
     0.774    30.960     7.758     8.335     0.001
     0.774    30.968     7.760     8.335     0.001
     0.774    30.976     7.762     8.335     0.001
     0.774    30.983     7.765     8.336     0.001
     0.773    30.991     7.767     8.336     0.001
     0.773    30.999     7.769     8.336     0.001
     0.773    31.007     7.771     8.336     0.001
     0.773    31.014     7.773     8.336     0.001
     0.773    31.022     7.775     8.336     0.001
     0.772    31.030     7.777     8.336     0.001
     0.772    31.038     7.779     8.336     0.001
     0.772    31.045     7.781     8.336     0.001
     0.772    31.053     7.783     8.336     0.001
     0.772    31.061     7.785     8.336     0.001
     0.771    31.069     7.787     8.336     0.001
     0.771    31.076     7.789     8.336     0.001
     0.771    31.084     7.791     8.337     0.001
     0.771    31.092     7.793     8.337     0.001
     0.771    31.100     7.795     8.337     0.001
     0.770    31.107     7.797     8.337     0.001
     0.770    31.115     7.799     8.337     0.001
     0.770    31.123     7.801     8.337     0.001
     0.770    31.131     7.803     8.337     0.001
     0.770    31.138     7.805     8.337     0.001
     0.770    31.146     7.807     8.337     0.001
     0.769    31.154     7.809     8.337     0.001
     0.769    31.162     7.811     8.337     0.001
     0.769    31.169     7.813     8.337     0.001
     0.769    31.177     7.815     8.338     0.001
     0.769    31.185     7.817     8.338     0.001
     0.768    31.192     7.819     8.338     0.001
     0.768    31.200     7.821     8.338     0.001
     0.768    31.208     7.823     8.338     0.001
     0.768    31.216     7.825     8.338     0.001
     0.768    31.223     7.827     8.338     0.001
     0.767    31.231     7.829     8.338     0.001
     0.767    31.239     7.831     8.338     0.001
     0.767    31.246     7.833     8.338     0.001
     0.767    31.254     7.835     8.338     0.001
     0.767    31.262     7.837     8.338     0.001
     0.766    31.269     7.839     8.338     0.001
     0.766    31.277     7.842     8.339     0.001
     0.766    31.285     7.844     8.339     0.001
     0.766    31.293     7.846     8.339     0.001
     0.766    31.300     7.848     8.339     0.001
     0.766    31.308     7.850     8.339     0.001
     0.765    31.316     7.852     8.339     0.001
     0.765    31.323     7.854     8.339     0.001
     0.765    31.331     7.856     8.339     0.001
     0.765    31.339     7.858     8.339     0.001
     0.765    31.346     7.860     8.339     0.001
     0.764    31.354     7.862     8.339     0.001
     0.764    31.362     7.864     8.339     0.001
     0.764    31.369     7.866     8.340     0.001
     0.764    31.377     7.868     8.340     0.001
     0.764    31.385     7.870     8.340     0.001
     0.763    31.392     7.872     8.340     0.001
     0.763    31.400     7.874     8.340     0.001
     0.763    31.408     7.876     8.340     0.001
     0.763    31.415     7.878     8.340     0.001
     0.763    31.423     7.880     8.340     0.001
     0.763    31.431     7.882     8.340     0.001
     0.762    31.438     7.884     8.340     0.001
     0.762    31.446     7.886     8.340     0.001
     0.762    31.454     7.888     8.340     0.001
     0.762    31.461     7.890     8.340     0.001
     0.762    31.469     7.892     8.341     0.001
     0.761    31.477     7.894     8.341     0.001
     0.761    31.484     7.896     8.341     0.001
     0.761    31.492     7.898     8.341     0.001
     0.761    31.500     7.900     8.341     0.001
     0.761    31.507     7.902     8.341     0.001
     0.760    31.515     7.904     8.341     0.001
     0.760    31.523     7.906     8.341     0.001
     0.760    31.530     7.908     8.341     0.001
     0.760    31.538     7.910     8.341     0.001
     0.760    31.546     7.912     8.341     0.001
     0.760    31.553     7.914     8.341     0.001
     0.759    31.561     7.916     8.342     0.001
     0.759    31.569     7.918     8.342     0.001
     0.759    31.576     7.920     8.342     0.001
     0.759    31.584     7.922     8.342     0.001
     0.759    31.591     7.924     8.342     0.001
     0.758    31.599     7.926     8.342     0.001
     0.758    31.607     7.928     8.342     0.001
     0.758    31.614     7.930     8.342     0.001
     0.758    31.622     7.932     8.342     0.001
     0.758    31.630     7.934     8.342     0.001
     0.758    31.637     7.936     8.342     0.001
     0.757    31.645     7.938     8.342     0.001
     0.757    31.652     7.940     8.342     0.001
     0.757    31.660     7.942     8.343     0.001
     0.757    31.668     7.944     8.343     0.001
     0.757    31.675     7.946     8.343     0.001
     0.756    31.683     7.948     8.343     0.001
     0.756    31.691     7.950     8.343     0.001
     0.756    31.698     7.952     8.343     0.001
     0.756    31.706     7.954     8.343     0.001
     0.756    31.713     7.956     8.343     0.001
     0.756    31.721     7.958     8.343     0.001
     0.755    31.729     7.960     8.343     0.001
     0.755    31.736     7.962     8.343     0.001
     0.755    31.744     7.964     8.343     0.001
     0.755    31.751     7.966     8.344     0.001
     0.755    31.759     7.968     8.344     0.001
     0.754    31.767     7.969     8.344     0.001
     0.754    31.774     7.971     8.344     0.001
     0.754    31.782     7.973     8.344     0.001
     0.754    31.789     7.975     8.344     0.001
     0.754    31.797     7.977     8.344     0.001
     0.754    31.804     7.979     8.344     0.001
     0.753    31.812     7.981     8.344     0.001
     0.753    31.820     7.983     8.344     0.001
     0.753    31.827     7.985     8.344     0.001
     0.753    31.835     7.987     8.344     0.001
     0.753    31.842     7.989     8.344     0.001
     0.752    31.850     7.991     8.345     0.001
     0.752    31.858     7.993     8.345     0.001
     0.752    31.865     7.995     8.345     0.001
     0.752    31.873     7.997     8.345     0.001
     0.752    31.880     7.999     8.345     0.001
     0.752    31.888     8.001     8.345     0.001
     0.751    31.895     8.003     8.345     0.001
     0.751    31.903     8.005     8.345     0.001
     0.751    31.911     8.007     8.345     0.001
     0.751    31.918     8.009     8.345     0.001
     0.751    31.926     8.011     8.345     0.001
     0.751    31.933     8.013     8.345     0.001
     0.750    31.941     8.015     8.346     0.001
     0.750    31.948     8.017     8.346     0.001
     0.750    31.956     8.019     8.346     0.001
     0.750    31.963     8.021     8.346     0.001
     0.750    31.971     8.023     8.346     0.001
     0.749    31.979     8.025     8.346     0.001
     0.749    31.986     8.027     8.346     0.001
     0.749    31.994     8.029     8.346     0.001
     0.749    32.001     8.031     8.346     0.001
     0.749    32.009     8.033     8.346     0.001
     0.749    32.016     8.035     8.346     0.001
     0.748    32.024     8.037     8.346     0.001
     0.748    32.031     8.039     8.346     0.001
     0.748    32.039     8.041     8.347     0.001
     0.748    32.046     8.043     8.347     0.001
     0.748    32.054     8.045     8.347     0.001
     0.748    32.062     8.046     8.347     0.001
     0.747    32.069     8.048     8.347     0.001
     0.747    32.077     8.050     8.347     0.001
     0.747    32.084     8.052     8.347     0.001
     0.747    32.092     8.054     8.347     0.001
     0.747    32.099     8.056     8.347     0.001
     0.746    32.107     8.058     8.347     0.001
     0.746    32.114     8.060     8.347     0.001
     0.746    32.122     8.062     8.347     0.001
     0.746    32.129     8.064     8.348     0.001
     0.746    32.137     8.066     8.348     0.001
     0.746    32.144     8.068     8.348     0.001
     0.745    32.152     8.070     8.348     0.001
     0.745    32.159     8.072     8.348     0.001
     0.745    32.167     8.074     8.348     0.001
     0.745    32.174     8.076     8.348     0.001
     0.745    32.182     8.078     8.348     0.001
     0.745    32.189     8.080     8.348     0.001
     0.744    32.197     8.082     8.348     0.001
     0.744    32.204     8.084     8.348     0.001
     0.744    32.212     8.086     8.348     0.001
     0.744    32.219     8.088     8.348     0.001
     0.744    32.227     8.090     8.349     0.001
     0.744    32.234     8.092     8.349     0.001
     0.743    32.242     8.094     8.349     0.001
     0.743    32.249     8.095     8.349     0.001
     0.743    32.257     8.097     8.349     0.001
     0.743    32.264     8.099     8.349     0.001
     0.743    32.272     8.101     8.349     0.001
     0.742    32.279     8.103     8.349     0.001
     0.742    32.287     8.105     8.349     0.001
     0.742    32.294     8.107     8.349     0.001
     0.742    32.302     8.109     8.349     0.001
     0.742    32.309     8.111     8.349     0.001
     0.742    32.317     8.113     8.350     0.001
     0.741    32.324     8.115     8.350     0.001
     0.741    32.332     8.117     8.350     0.001
     0.741    32.339     8.119     8.350     0.001
     0.741    32.347     8.121     8.350     0.001
     0.741    32.354     8.123     8.350     0.001
     0.741    32.362     8.125     8.350     0.001
     0.740    32.369     8.127     8.350     0.001
     0.740    32.377     8.129     8.350     0.001
     0.740    32.384     8.131     8.350     0.001
     0.740    32.391     8.132     8.350     0.001
     0.740    32.399     8.134     8.350     0.001
     0.740    32.406     8.136     8.350     0.001
     0.739    32.414     8.138     8.351     0.001
     0.739    32.421     8.140     8.351     0.001
     0.739    32.429     8.142     8.351     0.001
     0.739    32.436     8.144     8.351     0.001
     0.739    32.444     8.146     8.351     0.001
     0.739    32.451     8.148     8.351     0.001
     0.738    32.459     8.150     8.351     0.001
     0.738    32.466     8.152     8.351     0.001
     0.738    32.473     8.154     8.351     0.001
     0.738    32.481     8.156     8.351     0.001
     0.738    32.488     8.158     8.351     0.001
     0.738    32.496     8.160     8.351     0.001
     0.737    32.503     8.162     8.352     0.001
     0.737    32.511     8.164     8.352     0.001
     0.737    32.518     8.165     8.352     0.001
     0.737    32.526     8.167     8.352     0.001
     0.737    32.533     8.169     8.352     0.001
     0.737    32.540     8.171     8.352     0.001
     0.736    32.548     8.173     8.352     0.001
     0.736    32.555     8.175     8.352     0.001
     0.736    32.563     8.177     8.352     0.001
     0.736    32.570     8.179     8.352     0.001
     0.736    32.578     8.181     8.352     0.001
     0.736    32.585     8.183     8.352     0.001
     0.735    32.592     8.185     8.352     0.001
     0.735    32.600     8.187     8.353     0.001
     0.735    32.607     8.189     8.353     0.001
     0.735    32.615     8.191     8.353     0.001
     0.735    32.622     8.193     8.353     0.001
     0.735    32.630     8.194     8.353     0.001
     0.734    32.637     8.196     8.353     0.001
     0.734    32.644     8.198     8.353     0.001
     0.734    32.652     8.200     8.353     0.001
     0.734    32.659     8.202     8.353     0.001
     0.734    32.667     8.204     8.353     0.001
     0.734    32.674     8.206     8.353     0.001
     0.733    32.681     8.208     8.353     0.001
     0.733    32.689     8.210     8.354     0.001
     0.733    32.696     8.212     8.354     0.001
     0.733    32.704     8.214     8.354     0.001
     0.733    32.711     8.216     8.354     0.001
     0.733    32.718     8.218     8.354     0.001
     0.732    32.726     8.220     8.354     0.001
     0.732    32.733     8.221     8.354     0.001
     0.732    32.741     8.223     8.354     0.001
     0.732    32.748     8.225     8.354     0.001
     0.732    32.755     8.227     8.354     0.001
     0.732    32.763     8.229     8.354     0.001
     0.731    32.770     8.231     8.354     0.001
     0.731    32.778     8.233     8.354     0.001
     0.731    32.785     8.235     8.355     0.001
     0.731    32.792     8.237     8.355     0.001
     0.731    32.800     8.239     8.355     0.001
     0.731    32.807     8.241     8.355     0.001
     0.730    32.814     8.243     8.355     0.001
     0.730    32.822     8.244     8.355     0.001
     0.730    32.829     8.246     8.355     0.001
     0.730    32.837     8.248     8.355     0.001
     0.730    32.844     8.250     8.355     0.001
     0.730    32.851     8.252     8.355     0.001
     0.729    32.859     8.254     8.355     0.001
     0.729    32.866     8.256     8.355     0.001
     0.729    32.873     8.258     8.356     0.001
     0.729    32.881     8.260     8.356     0.001
     0.729    32.888     8.262     8.356     0.001
     0.729    32.895     8.264     8.356     0.001
     0.728    32.903     8.266     8.356     0.001
     0.728    32.910     8.267     8.356     0.001
     0.728    32.918     8.269     8.356     0.001
     0.728    32.925     8.271     8.356     0.001
     0.728    32.932     8.273     8.356     0.001
     0.728    32.940     8.275     8.356     0.001
     0.727    32.947     8.277     8.356     0.001
     0.727    32.954     8.279     8.356     0.001
     0.727    32.962     8.281     8.356     0.001
     0.727    32.969     8.283     8.357     0.001
     0.727    32.976     8.285     8.357     0.001
     0.727    32.984     8.287     8.357     0.001
     0.726    32.991     8.288     8.357     0.001
     0.726    32.998     8.290     8.357     0.001
     0.726    33.006     8.292     8.357     0.001
     0.726    33.013     8.294     8.357     0.001
     0.726    33.020     8.296     8.357     0.001
     0.726    33.028     8.298     8.357     0.001
     0.726    33.035     8.300     8.357     0.001
     0.725    33.042     8.302     8.357     0.001
     0.725    33.050     8.304     8.357     0.001
     0.725    33.057     8.306     8.358     0.001
     0.725    33.064     8.308     8.358     0.001
     0.725    33.072     8.309     8.358     0.001
     0.725    33.079     8.311     8.358     0.001
     0.724    33.086     8.313     8.358     0.001
     0.724    33.094     8.315     8.358     0.001
     0.724    33.101     8.317     8.358     0.001
     0.724    33.108     8.319     8.358     0.001
     0.724    33.116     8.321     8.358     0.001
     0.724    33.123     8.323     8.358     0.001
     0.723    33.130     8.325     8.358     0.001
     0.723    33.138     8.327     8.358     0.001
     0.723    33.145     8.328     8.358     0.001
     0.723    33.152     8.330     8.359     0.001
     0.723    33.160     8.332     8.359     0.001
     0.723    33.167     8.334     8.359     0.001
     0.722    33.174     8.336     8.359     0.001
     0.722    33.181     8.338     8.359     0.001
     0.722    33.189     8.340     8.359     0.001
     0.722    33.196     8.342     8.359     0.001
     0.722    33.203     8.344     8.359     0.001
     0.722    33.211     8.345     8.359     0.001
     0.722    33.218     8.347     8.359     0.001
     0.721    33.225     8.349     8.359     0.001
     0.721    33.233     8.351     8.359     0.001
     0.721    33.240     8.353     8.360     0.001
     0.721    33.247     8.355     8.360     0.001
     0.721    33.254     8.357     8.360     0.001
     0.721    33.262     8.359     8.360     0.001
     0.720    33.269     8.361     8.360     0.001
     0.720    33.276     8.363     8.360     0.001
     0.720    33.284     8.364     8.360     0.001
     0.720    33.291     8.366     8.360     0.001
     0.720    33.298     8.368     8.360     0.001
     0.720    33.305     8.370     8.360     0.001
     0.719    33.313     8.372     8.360     0.001
     0.719    33.320     8.374     8.360     0.001
     0.719    33.327     8.376     8.360     0.001
     0.719    33.335     8.378     8.361     0.001
     0.719    33.342     8.380     8.361     0.001
     0.719    33.349     8.381     8.361     0.001
     0.719    33.356     8.383     8.361     0.001
     0.718    33.364     8.385     8.361     0.001
     0.718    33.371     8.387     8.361     0.001
     0.718    33.378     8.389     8.361     0.001
     0.718    33.385     8.391     8.361     0.001
     0.718    33.393     8.393     8.361     0.001
     0.718    33.400     8.395     8.361     0.001
     0.717    33.407     8.396     8.361     0.001
     0.717    33.414     8.398     8.361     0.001
     0.717    33.422     8.400     8.362     0.001
     0.717    33.429     8.402     8.362     0.001
     0.717    33.436     8.404     8.362     0.001
     0.717    33.443     8.406     8.362     0.001
     0.716    33.451     8.408     8.362     0.001
     0.716    33.458     8.410     8.362     0.001
     0.716    33.465     8.412     8.362     0.001
     0.716    33.472     8.413     8.362     0.001
     0.716    33.480     8.415     8.362     0.001
     0.716    33.487     8.417     8.362     0.001
     0.716    33.494     8.419     8.362     0.001
     0.715    33.501     8.421     8.362     0.001
     0.715    33.509     8.423     8.362     0.001
     0.715    33.516     8.425     8.363     0.001
     0.715    33.523     8.427     8.363     0.001
     0.715    33.530     8.428     8.363     0.001
     0.715    33.538     8.430     8.363     0.001
     0.714    33.545     8.432     8.363     0.001
     0.714    33.552     8.434     8.363     0.001
     0.714    33.559     8.436     8.363     0.001
     0.714    33.567     8.438     8.363     0.001
     0.714    33.574     8.440     8.363     0.001
     0.714    33.581     8.442     8.363     0.001
     0.714    33.588     8.443     8.363     0.001
     0.713    33.595     8.445     8.363     0.001
     0.713    33.603     8.447     8.364     0.001
     0.713    33.610     8.449     8.364     0.001
     0.713    33.617     8.451     8.364     0.001
     0.713    33.624     8.453     8.364     0.001
     0.713    33.632     8.455     8.364     0.001
     0.712    33.639     8.457     8.364     0.001
     0.712    33.646     8.458     8.364     0.001
     0.712    33.653     8.460     8.364     0.001
     0.712    33.660     8.462     8.364     0.001
     0.712    33.668     8.464     8.364     0.001
     0.712    33.675     8.466     8.364     0.001
     0.712    33.682     8.468     8.364     0.001
     0.711    33.689     8.470     8.364     0.001
     0.711    33.696     8.471     8.365     0.001
     0.711    33.704     8.473     8.365     0.001
     0.711    33.711     8.475     8.365     0.001
     0.711    33.718     8.477     8.365     0.001
     0.711    33.725     8.479     8.365     0.001
     0.711    33.732     8.481     8.365     0.001
     0.710    33.740     8.483     8.365     0.001
     0.710    33.747     8.485     8.365     0.001
     0.710    33.754     8.486     8.365     0.001
     0.710    33.761     8.488     8.365     0.001
     0.710    33.768     8.490     8.365     0.001
     0.710    33.776     8.492     8.365     0.001
     0.709    33.783     8.494     8.366     0.001
     0.709    33.790     8.496     8.366     0.001
     0.709    33.797     8.498     8.366     0.001
     0.709    33.804     8.499     8.366     0.001
     0.709    33.811     8.501     8.366     0.001
     0.709    33.819     8.503     8.366     0.001
     0.709    33.826     8.505     8.366     0.001
     0.708    33.833     8.507     8.366     0.001
     0.708    33.840     8.509     8.366     0.001
     0.708    33.847     8.511     8.366     0.001
     0.708    33.855     8.512     8.366     0.001
     0.708    33.862     8.514     8.366     0.001
     0.708    33.869     8.516     8.366     0.001
     0.707    33.876     8.518     8.367     0.001
     0.707    33.883     8.520     8.367     0.001
     0.707    33.890     8.522     8.367     0.001
     0.707    33.898     8.524     8.367     0.001
     0.707    33.905     8.525     8.367     0.001
     0.707    33.912     8.527     8.367     0.001
     0.707    33.919     8.529     8.367     0.001
     0.706    33.926     8.531     8.367     0.001
     0.706    33.933     8.533     8.367     0.001
     0.706    33.940     8.535     8.367     0.001
     0.706    33.948     8.537     8.367     0.001
     0.706    33.955     8.538     8.367     0.001
     0.706    33.962     8.540     8.368     0.001
     0.706    33.969     8.542     8.368     0.001
     0.705    33.976     8.544     8.368     0.001
     0.705    33.983     8.546     8.368     0.001
     0.705    33.991     8.548     8.368     0.001
     0.705    33.998     8.549     8.368     0.001
     0.705    34.005     8.551     8.368     0.001
     0.705    34.012     8.553     8.368     0.001
     0.705    34.019     8.555     8.368     0.001
     0.704    34.026     8.557     8.368     0.001
     0.704    34.033     8.559     8.368     0.001
     0.704    34.040     8.561     8.368     0.001
     0.704    34.048     8.562     8.368     0.001
     0.704    34.055     8.564     8.369     0.001
     0.704    34.062     8.566     8.369     0.001
     0.703    34.069     8.568     8.369     0.001
     0.703    34.076     8.570     8.369     0.001
     0.703    34.083     8.572     8.369     0.001
     0.703    34.090     8.573     8.369     0.001
     0.703    34.098     8.575     8.369     0.001
     0.703    34.105     8.577     8.369     0.001
     0.703    34.112     8.579     8.369     0.001
     0.702    34.119     8.581     8.369     0.001
     0.702    34.126     8.583     8.369     0.001
     0.702    34.133     8.585     8.369     0.001
     0.702    34.140     8.586     8.370     0.001
     0.702    34.147     8.588     8.370     0.001
     0.702    34.154     8.590     8.370     0.001
     0.702    34.162     8.592     8.370     0.001
     0.701    34.169     8.594     8.370     0.001
     0.701    34.176     8.596     8.370     0.001
     0.701    34.183     8.597     8.370     0.001
     0.701    34.190     8.599     8.370     0.001
     0.701    34.197     8.601     8.370     0.001
     0.701    34.204     8.603     8.370     0.001
     0.701    34.211     8.605     8.370     0.001
     0.700    34.218     8.607     8.370     0.001
     0.700    34.226     8.608     8.370     0.001
     0.700    34.233     8.610     8.371     0.001
     0.700    34.240     8.612     8.371     0.001
     0.700    34.247     8.614     8.371     0.001
     0.700    34.254     8.616     8.371     0.001
     0.700    34.261     8.618     8.371     0.001
     0.699    34.268     8.619     8.371     0.001
     0.699    34.275     8.621     8.371     0.001
     0.699    34.282     8.623     8.371     0.001
     0.699    34.289     8.625     8.371     0.001
     0.699    34.296     8.627     8.371     0.001
     0.699    34.304     8.629     8.371     0.001
     0.699    34.311     8.630     8.371     0.001
     0.698    34.318     8.632     8.372     0.001
     0.698    34.325     8.634     8.372     0.001
     0.698    34.332     8.636     8.372     0.001
     0.698    34.339     8.638     8.372     0.001
     0.698    34.346     8.640     8.372     0.001
     0.698    34.353     8.641     8.372     0.001
     0.698    34.360     8.643     8.372     0.001
     0.697    34.367     8.645     8.372     0.001
     0.697    34.374     8.647     8.372     0.001
     0.697    34.381     8.649     8.372     0.001
     0.697    34.388     8.651     8.372     0.001
     0.697    34.396     8.652     8.372     0.001
     0.697    34.403     8.654     8.372     0.001
     0.697    34.410     8.656     8.373     0.001
     0.696    34.417     8.658     8.373     0.001
     0.696    34.424     8.660     8.373     0.001
     0.696    34.431     8.662     8.373     0.001
     0.696    34.438     8.663     8.373     0.001
     0.696    34.445     8.665     8.373     0.001
     0.696    34.452     8.667     8.373     0.001
     0.696    34.459     8.669     8.373     0.001
     0.695    34.466     8.671     8.373     0.001
     0.695    34.473     8.672     8.373     0.001
     0.695    34.480     8.674     8.373     0.001
     0.695    34.487     8.676     8.373     0.001
     0.695    34.494     8.678     8.374     0.001
     0.695    34.501     8.680     8.374     0.001
     0.695    34.508     8.682     8.374     0.001
     0.694    34.516     8.683     8.374     0.001
     0.694    34.523     8.685     8.374     0.001
     0.694    34.530     8.687     8.374     0.001
     0.694    34.537     8.689     8.374     0.001
     0.694    34.544     8.691     8.374     0.001
     0.694    34.551     8.693     8.374     0.001
     0.694    34.558     8.694     8.374     0.001
     0.693    34.565     8.696     8.374     0.001
     0.693    34.572     8.698     8.374     0.001
     0.693    34.579     8.700     8.374     0.001
     0.693    34.586     8.702     8.375     0.001
     0.693    34.593     8.703     8.375     0.001
     0.693    34.600     8.705     8.375     0.001
     0.693    34.607     8.707     8.375     0.001
     0.692    34.614     8.709     8.375     0.001
     0.692    34.621     8.711     8.375     0.001
     0.692    34.628     8.713     8.375     0.001
     0.692    34.635     8.714     8.375     0.001
     0.692    34.642     8.716     8.375     0.001
     0.692    34.649     8.718     8.375     0.001
     0.692    34.656     8.720     8.375     0.001
     0.691    34.663     8.722     8.375     0.001
     0.691    34.670     8.723     8.376     0.001
     0.691    34.677     8.725     8.376     0.001
     0.691    34.684     8.727     8.376     0.001
     0.691    34.691     8.729     8.376     0.001
     0.691    34.698     8.731     8.376     0.001
     0.691    34.705     8.732     8.376     0.001
     0.690    34.712     8.734     8.376     0.001
     0.690    34.719     8.736     8.376     0.001
     0.690    34.726     8.738     8.376     0.001
     0.690    34.733     8.740     8.376     0.001
     0.690    34.740     8.741     8.376     0.001
     0.690    34.747     8.743     8.376     0.001
     0.690    34.754     8.745     8.376     0.001
     0.689    34.761     8.747     8.377     0.001
     0.689    34.768     8.749     8.377     0.001
     0.689    34.775     8.751     8.377     0.001
     0.689    34.782     8.752     8.377     0.001
     0.689    34.789     8.754     8.377     0.001
     0.689    34.796     8.756     8.377     0.001
     0.689    34.803     8.758     8.377     0.001
     0.689    34.810     8.760     8.377     0.001
     0.688    34.817     8.761     8.377     0.001
     0.688    34.824     8.763     8.377     0.001
     0.688    34.831     8.765     8.377     0.001
     0.688    34.838     8.767     8.377     0.001
     0.688    34.845     8.769     8.378     0.001
     0.688    34.852     8.770     8.378     0.001
     0.688    34.859     8.772     8.378     0.001
     0.687    34.866     8.774     8.378     0.001
     0.687    34.873     8.776     8.378     0.001
     0.687    34.880     8.778     8.378     0.001
     0.687    34.887     8.779     8.378     0.001
     0.687    34.894     8.781     8.378     0.001
     0.687    34.901     8.783     8.378     0.001
     0.687    34.908     8.785     8.378     0.001
     0.686    34.915     8.787     8.378     0.001
     0.686    34.922     8.788     8.378     0.001
     0.686    34.929     8.790     8.378     0.001
     0.686    34.936     8.792     8.379     0.001
     0.686    34.943     8.794     8.379     0.001
     0.686    34.950     8.796     8.379     0.001
     0.686    34.957     8.797     8.379     0.001
     0.685    34.964     8.799     8.379     0.001
     0.685    34.971     8.801     8.379     0.001
     0.685    34.978     8.803     8.379     0.001
     0.685    34.985     8.805     8.379     0.001
     0.685    34.991     8.806     8.379     0.001
     0.685    34.998     8.808     8.379     0.001
     0.685    35.005     8.810     8.379     0.001
     0.685    35.012     8.812     8.379     0.001
     0.684    35.019     8.814     8.380     0.001
     0.684    35.026     8.815     8.380     0.001
     0.684    35.033     8.817     8.380     0.001
     0.684    35.040     8.819     8.380     0.001
     0.684    35.047     8.821     8.380     0.001
     0.684    35.054     8.823     8.380     0.001
     0.684    35.061     8.824     8.380     0.001
     0.683    35.068     8.826     8.380     0.001
     0.683    35.075     8.828     8.380     0.001
     0.683    35.082     8.830     8.380     0.001
     0.683    35.089     8.831     8.380     0.001
     0.683    35.096     8.833     8.380     0.001
     0.683    35.103     8.835     8.380     0.001
     0.683    35.110     8.837     8.381     0.001
     0.682    35.116     8.839     8.381     0.001
     0.682    35.123     8.840     8.381     0.001
     0.682    35.130     8.842     8.381     0.001
     0.682    35.137     8.844     8.381     0.001
     0.682    35.144     8.846     8.381     0.001
     0.682    35.151     8.848     8.381     0.001
     0.682    35.158     8.849     8.381     0.001
     0.682    35.165     8.851     8.381     0.001
     0.681    35.172     8.853     8.381     0.001
     0.681    35.179     8.855     8.381     0.001
     0.681    35.186     8.856     8.381     0.001
     0.681    35.193     8.858     8.382     0.001
     0.681    35.200     8.860     8.382     0.001
     0.681    35.206     8.862     8.382     0.001
     0.681    35.213     8.864     8.382     0.001
     0.680    35.220     8.865     8.382     0.001
     0.680    35.227     8.867     8.382     0.001
     0.680    35.234     8.869     8.382     0.001
     0.680    35.241     8.871     8.382     0.001
     0.680    35.248     8.873     8.382     0.001
     0.680    35.255     8.874     8.382     0.001
     0.680    35.262     8.876     8.382     0.001
     0.680    35.269     8.878     8.382     0.001
     0.679    35.276     8.880     8.382     0.001
     0.679    35.282     8.881     8.383     0.001
     0.679    35.289     8.883     8.383     0.001
     0.679    35.296     8.885     8.383     0.001
     0.679    35.303     8.887     8.383     0.001
     0.679    35.310     8.889     8.383     0.001
     0.679    35.317     8.890     8.383     0.001
     0.678    35.324     8.892     8.383     0.001
     0.678    35.331     8.894     8.383     0.001
     0.678    35.338     8.896     8.383     0.001
     0.678    35.345     8.897     8.383     0.001
     0.678    35.351     8.899     8.383     0.001
     0.678    35.358     8.901     8.383     0.001
     0.678    35.365     8.903     8.384     0.001
     0.678    35.372     8.905     8.384     0.001
     0.677    35.379     8.906     8.384     0.001
     0.677    35.386     8.908     8.384     0.001
     0.677    35.393     8.910     8.384     0.001
     0.677    35.400     8.912     8.384     0.001
     0.677    35.407     8.913     8.384     0.001
     0.677    35.413     8.915     8.384     0.001
     0.677    35.420     8.917     8.384     0.001
     0.677    35.427     8.919     8.384     0.001
     0.676    35.434     8.921     8.384     0.001
     0.676    35.441     8.922     8.384     0.001
     0.676    35.448     8.924     8.384     0.001
     0.676    35.455     8.926     8.385     0.001
     0.676    35.462     8.928     8.385     0.001
     0.676    35.468     8.929     8.385     0.001
     0.676    35.475     8.931     8.385     0.001
     0.675    35.482     8.933     8.385     0.001
     0.675    35.489     8.935     8.385     0.001
     0.675    35.496     8.936     8.385     0.001
     0.675    35.503     8.938     8.385     0.001
     0.675    35.510     8.940     8.385     0.001
     0.675    35.516     8.942     8.385     0.001
     0.675    35.523     8.944     8.385     0.001
     0.675    35.530     8.945     8.385     0.001
     0.674    35.537     8.947     8.386     0.001
     0.674    35.544     8.949     8.386     0.001
     0.674    35.551     8.951     8.386     0.001
     0.674    35.558     8.952     8.386     0.001
     0.674    35.564     8.954     8.386     0.001
     0.674    35.571     8.956     8.386     0.001
     0.674    35.578     8.958     8.386     0.001
     0.674    35.585     8.959     8.386     0.001
     0.673    35.592     8.961     8.386     0.001
     0.673    35.599     8.963     8.386     0.001
     0.673    35.605     8.965     8.386     0.001
     0.673    35.612     8.966     8.386     0.001
     0.673    35.619     8.968     8.386     0.001
     0.673    35.626     8.970     8.387     0.001
     0.673    35.633     8.972     8.387     0.001
     0.672    35.640     8.974     8.387     0.001
     0.672    35.647     8.975     8.387     0.001
     0.672    35.653     8.977     8.387     0.001
     0.672    35.660     8.979     8.387     0.001
     0.672    35.667     8.981     8.387     0.001
     0.672    35.674     8.982     8.387     0.001
     0.672    35.681     8.984     8.387     0.001
     0.672    35.688     8.986     8.387     0.001
     0.671    35.694     8.988     8.387     0.001
     0.671    35.701     8.989     8.387     0.001
     0.671    35.708     8.991     8.388     0.001
     0.671    35.715     8.993     8.388     0.001
     0.671    35.722     8.995     8.388     0.001
     0.671    35.728     8.996     8.388     0.001
     0.671    35.735     8.998     8.388     0.001
     0.671    35.742     9.000     8.388     0.001
     0.670    35.749     9.002     8.388     0.001
     0.670    35.756     9.003     8.388     0.001
     0.670    35.763     9.005     8.388     0.001
     0.670    35.769     9.007     8.388     0.001
     0.670    35.776     9.009     8.388     0.001
     0.670    35.783     9.010     8.388     0.001
     0.670    35.790     9.012     8.388     0.001
     0.670    35.797     9.014     8.389     0.001
     0.669    35.803     9.016     8.389     0.001
     0.669    35.810     9.017     8.389     0.001
     0.669    35.817     9.019     8.389     0.001
     0.669    35.824     9.021     8.389     0.001
     0.669    35.831     9.023     8.389     0.001
     0.669    35.837     9.024     8.389     0.001
     0.669    35.844     9.026     8.389     0.001
     0.669    35.851     9.028     8.389     0.001
     0.668    35.858     9.030     8.389     0.001
     0.668    35.865     9.031     8.389     0.001
     0.668    35.871     9.033     8.389     0.001
     0.668    35.878     9.035     8.390     0.001
     0.668    35.885     9.037     8.390     0.001
     0.668    35.892     9.038     8.390     0.001
     0.668    35.899     9.040     8.390     0.001
     0.668    35.905     9.042     8.390     0.001
     0.667    35.912     9.044     8.390     0.001
     0.667    35.919     9.045     8.390     0.001
     0.667    35.926     9.047     8.390     0.001
     0.667    35.933     9.049     8.390     0.001
     0.667    35.939     9.051     8.390     0.001
     0.667    35.946     9.052     8.390     0.001
     0.667    35.953     9.054     8.390     0.001
     0.666    35.960     9.056     8.390     0.001
     0.666    35.966     9.058     8.391     0.001
     0.666    35.973     9.059     8.391     0.001
     0.666    35.980     9.061     8.391     0.001
     0.666    35.987     9.063     8.391     0.001
     0.666    35.994     9.065     8.391     0.001
     0.666    36.000     9.066     8.391     0.001
     0.666    36.007     9.068     8.391     0.001
     0.665    36.014     9.070     8.391     0.001
     0.665    36.021     9.072     8.391     0.001
     0.665    36.027     9.073     8.391     0.001
     0.665    36.034     9.075     8.391     0.001
     0.665    36.041     9.077     8.391     0.001
     0.665    36.048     9.079     8.392     0.001
     0.665    36.054     9.080     8.392     0.001
     0.665    36.061     9.082     8.392     0.001
     0.664    36.068     9.084     8.392     0.001
     0.664    36.075     9.086     8.392     0.001
     0.664    36.082     9.087     8.392     0.001
     0.664    36.088     9.089     8.392     0.001
     0.664    36.095     9.091     8.392     0.001
     0.664    36.102     9.093     8.392     0.001
     0.664    36.109     9.094     8.392     0.001
     0.664    36.115     9.096     8.392     0.001
     0.663    36.122     9.098     8.392     0.001
     0.663    36.129     9.099     8.392     0.001
     0.663    36.136     9.101     8.393     0.001
     0.663    36.142     9.103     8.393     0.001
     0.663    36.149     9.105     8.393     0.001
     0.663    36.156     9.106     8.393     0.001
     0.663    36.163     9.108     8.393     0.001
     0.663    36.169     9.110     8.393     0.001
     0.663    36.176     9.112     8.393     0.001
     0.662    36.183     9.113     8.393     0.001
     0.662    36.190     9.115     8.393     0.001
     0.662    36.196     9.117     8.393     0.001
     0.662    36.203     9.119     8.393     0.001
     0.662    36.210     9.120     8.393     0.001
     0.662    36.216     9.122     8.394     0.001
     0.662    36.223     9.124     8.394     0.001
     0.662    36.230     9.126     8.394     0.001
     0.661    36.237     9.127     8.394     0.001
     0.661    36.243     9.129     8.394     0.001
     0.661    36.250     9.131     8.394     0.001
     0.661    36.257     9.132     8.394     0.001
     0.661    36.264     9.134     8.394     0.001
     0.661    36.270     9.136     8.394     0.001
     0.661    36.277     9.138     8.394     0.001
     0.661    36.284     9.139     8.394     0.001
     0.660    36.290     9.141     8.394     0.001
     0.660    36.297     9.143     8.394     0.001
     0.660    36.304     9.145     8.395     0.001
     0.660    36.311     9.146     8.395     0.001
     0.660    36.317     9.148     8.395     0.001
     0.660    36.324     9.150     8.395     0.001
     0.660    36.331     9.151     8.395     0.001
     0.660    36.337     9.153     8.395     0.001
     0.659    36.344     9.155     8.395     0.001
     0.659    36.351     9.157     8.395     0.001
     0.659    36.358     9.158     8.395     0.001
     0.659    36.364     9.160     8.395     0.001
     0.659    36.371     9.162     8.395     0.001
     0.659    36.378     9.164     8.395     0.001
     0.659    36.384     9.165     8.396     0.001
     0.659    36.391     9.167     8.396     0.001
     0.658    36.398     9.169     8.396     0.001
     0.658    36.405     9.170     8.396     0.001
     0.658    36.411     9.172     8.396     0.001
     0.658    36.418     9.174     8.396     0.001
     0.658    36.425     9.176     8.396     0.001
     0.658    36.431     9.177     8.396     0.001
     0.658    36.438     9.179     8.396     0.001
     0.658    36.445     9.181     8.396     0.001
     0.658    36.451     9.183     8.396     0.001
     0.657    36.458     9.184     8.396     0.001
     0.657    36.465     9.186     8.396     0.001
     0.657    36.472     9.188     8.397     0.001
     0.657    36.478     9.189     8.397     0.001
     0.657    36.485     9.191     8.397     0.001
     0.657    36.492     9.193     8.397     0.001
     0.657    36.498     9.195     8.397     0.001
     0.657    36.505     9.196     8.397     0.001
     0.656    36.512     9.198     8.397     0.001
     0.656    36.518     9.200     8.397     0.001
     0.656    36.525     9.201     8.397     0.001
     0.656    36.532     9.203     8.397     0.001
     0.656    36.538     9.205     8.397     0.001
     0.656    36.545     9.207     8.397     0.001
     0.656    36.552     9.208     8.398     0.001
     0.656    36.558     9.210     8.398     0.001
     0.655    36.565     9.212     8.398     0.001
     0.655    36.572     9.213     8.398     0.001
     0.655    36.578     9.215     8.398     0.001
     0.655    36.585     9.217     8.398     0.001
     0.655    36.592     9.219     8.398     0.001
     0.655    36.598     9.220     8.398     0.001
     0.655    36.605     9.222     8.398     0.001
     0.655    36.612     9.224     8.398     0.001
     0.655    36.618     9.225     8.398     0.001
     0.654    36.625     9.227     8.398     0.001
     0.654    36.632     9.229     8.398     0.001
     0.654    36.638     9.231     8.399     0.001
     0.654    36.645     9.232     8.399     0.001
     0.654    36.652     9.234     8.399     0.001
     0.654    36.658     9.236     8.399     0.001
     0.654    36.665     9.237     8.399     0.001
     0.654    36.672     9.239     8.399     0.001
     0.653    36.678     9.241     8.399     0.001
     0.653    36.685     9.243     8.399     0.001
     0.653    36.692     9.244     8.399     0.001
     0.653    36.698     9.246     8.399     0.001
     0.653    36.705     9.248     8.399     0.001
     0.653    36.712     9.249     8.399     0.001
     0.653    36.718     9.251     8.400     0.001
     0.653    36.725     9.253     8.400     0.001
     0.652    36.732     9.255     8.400     0.001
     0.652    36.738     9.256     8.400     0.001
     0.652    36.745     9.258     8.400     0.001
     0.652    36.751     9.260     8.400     0.001
     0.652    36.758     9.261     8.400     0.001
     0.652    36.765     9.263     8.400     0.001
     0.652    36.771     9.265     8.400     0.001
     0.652    36.778     9.266     8.400     0.001
     0.652    36.785     9.268     8.400     0.001
     0.651    36.791     9.270     8.400     0.001
     0.651    36.798     9.272     8.400     0.001
     0.651    36.805     9.273     8.401     0.001
     0.651    36.811     9.275     8.401     0.001
     0.651    36.818     9.277     8.401     0.001
     0.651    36.824     9.278     8.401     0.001
     0.651    36.831     9.280     8.401     0.001
     0.651    36.838     9.282     8.401     0.001
     0.650    36.844     9.284     8.401     0.001
     0.650    36.851     9.285     8.401     0.001
     0.650    36.858     9.287     8.401     0.001
     0.650    36.864     9.289     8.401     0.001
     0.650    36.871     9.290     8.401     0.001
     0.650    36.877     9.292     8.401     0.001
     0.650    36.884     9.294     8.402     0.001
     0.650    36.891     9.295     8.402     0.001
     0.650    36.897     9.297     8.402     0.001
     0.649    36.904     9.299     8.402     0.001
     0.649    36.911     9.301     8.402     0.001
     0.649    36.917     9.302     8.402     0.001
     0.649    36.924     9.304     8.402     0.001
     0.649    36.930     9.306     8.402     0.001
     0.649    36.937     9.307     8.402     0.001
     0.649    36.944     9.309     8.402     0.001
     0.649    36.950     9.311     8.402     0.001
     0.649    36.957     9.312     8.402     0.001
     0.648    36.963     9.314     8.402     0.001
     0.648    36.970     9.316     8.403     0.001
     0.648    36.977     9.318     8.403     0.001
     0.648    36.983     9.319     8.403     0.001
     0.648    36.990     9.321     8.403     0.001
     0.648    36.996     9.323     8.403     0.001
     0.648    37.003     9.324     8.403     0.001
     0.648    37.010     9.326     8.403     0.001
     0.647    37.016     9.328     8.403     0.001
     0.647    37.023     9.329     8.403     0.001
     0.647    37.029     9.331     8.403     0.001
     0.647    37.036     9.333     8.403     0.001
     0.647    37.043     9.334     8.403     0.001
     0.647    37.049     9.336     8.404     0.001
     0.647    37.056     9.338     8.404     0.001
     0.647    37.062     9.340     8.404     0.001
     0.647    37.069     9.341     8.404     0.001
     0.646    37.076     9.343     8.404     0.001
     0.646    37.082     9.345     8.404     0.001
     0.646    37.089     9.346     8.404     0.001
     0.646    37.095     9.348     8.404     0.001
     0.646    37.102     9.350     8.404     0.001
     0.646    37.109     9.351     8.404     0.001
     0.646    37.115     9.353     8.404     0.001
     0.646    37.122     9.355     8.404     0.001
     0.646    37.128     9.356     8.404     0.001
     0.645    37.135     9.358     8.405     0.001
     0.645    37.141     9.360     8.405     0.001
     0.645    37.148     9.362     8.405     0.001
     0.645    37.155     9.363     8.405     0.001
     0.645    37.161     9.365     8.405     0.001
     0.645    37.168     9.367     8.405     0.001
     0.645    37.174     9.368     8.405     0.001
     0.645    37.181     9.370     8.405     0.001
     0.644    37.187     9.372     8.405     0.001
     0.644    37.194     9.373     8.405     0.001
     0.644    37.201     9.375     8.405     0.001
     0.644    37.207     9.377     8.405     0.001
     0.644    37.214     9.378     8.406     0.001
     0.644    37.220     9.380     8.406     0.001
     0.644    37.227     9.382     8.406     0.001
     0.644    37.233     9.383     8.406     0.001
     0.644    37.240     9.385     8.406     0.001
     0.643    37.246     9.387     8.406     0.001
     0.643    37.253     9.389     8.406     0.001
     0.643    37.260     9.390     8.406     0.001
     0.643    37.266     9.392     8.406     0.001
     0.643    37.273     9.394     8.406     0.001
     0.643    37.279     9.395     8.406     0.001
     0.643    37.286     9.397     8.406     0.001
     0.643    37.292     9.399     8.406     0.001
     0.643    37.299     9.400     8.407     0.001
     0.642    37.305     9.402     8.407     0.001
     0.642    37.312     9.404     8.407     0.001
     0.642    37.319     9.405     8.407     0.001
     0.642    37.325     9.407     8.407     0.001
     0.642    37.332     9.409     8.407     0.001
     0.642    37.338     9.410     8.407     0.002
     0.642    37.345     9.412     8.407     0.002
     0.642    37.351     9.414     8.407     0.002
     0.642    37.358     9.415     8.407     0.002
     0.641    37.364     9.417     8.407     0.002
     0.641    37.371     9.419     8.407     0.002
     0.641    37.377     9.420     8.408     0.002
     0.641    37.384     9.422     8.408     0.002
     0.641    37.390     9.424     8.408     0.002
     0.641    37.397     9.426     8.408     0.002
     0.641    37.404     9.427     8.408     0.002
     0.641    37.410     9.429     8.408     0.002
     0.641    37.417     9.431     8.408     0.002
     0.640    37.423     9.432     8.408     0.002
     0.640    37.430     9.434     8.408     0.002
     0.640    37.436     9.436     8.408     0.002
     0.640    37.443     9.437     8.408     0.002
     0.640    37.449     9.439     8.408     0.002
     0.640    37.456     9.441     8.408     0.002
     0.640    37.462     9.442     8.409     0.002
     0.640    37.469     9.444     8.409     0.002
     0.640    37.475     9.446     8.409     0.002
     0.639    37.482     9.447     8.409     0.002
     0.639    37.488     9.449     8.409     0.002
     0.639    37.495     9.451     8.409     0.002
     0.639    37.501     9.452     8.409     0.002
     0.639    37.508     9.454     8.409     0.002
     0.639    37.514     9.456     8.409     0.002
     0.639    37.521     9.457     8.409     0.002
     0.639    37.527     9.459     8.409     0.002
     0.639    37.534     9.461     8.409     0.002
     0.638    37.540     9.462     8.410     0.002
     0.638    37.547     9.464     8.410     0.002
     0.638    37.554     9.466     8.410     0.002
     0.638    37.560     9.467     8.410     0.002
     0.638    37.567     9.469     8.410     0.002
     0.638    37.573     9.471     8.410     0.002
     0.638    37.580     9.472     8.410     0.002
     0.638    37.586     9.474     8.410     0.002
     0.638    37.593     9.476     8.410     0.002
     0.637    37.599     9.477     8.410     0.002
     0.637    37.606     9.479     8.410     0.002
     0.637    37.612     9.481     8.410     0.002
     0.637    37.619     9.482     8.410     0.002
     0.637    37.625     9.484     8.411     0.002
     0.637    37.632     9.486     8.411     0.002
     0.637    37.638     9.487     8.411     0.002
     0.637    37.644     9.489     8.411     0.002
     0.637    37.651     9.491     8.411     0.002
     0.636    37.657     9.492     8.411     0.002
     0.636    37.664     9.494     8.411     0.002
     0.636    37.670     9.496     8.411     0.002
     0.636    37.677     9.497     8.411     0.002
     0.636    37.683     9.499     8.411     0.002
     0.636    37.690     9.501     8.411     0.002
     0.636    37.696     9.502     8.411     0.002
     0.636    37.703     9.504     8.412     0.002
     0.636    37.709     9.506     8.412     0.002
     0.635    37.716     9.507     8.412     0.002
     0.635    37.722     9.509     8.412     0.002
     0.635    37.729     9.511     8.412     0.002
     0.635    37.735     9.512     8.412     0.002
     0.635    37.742     9.514     8.412     0.002
     0.635    37.748     9.516     8.412     0.002
     0.635    37.755     9.517     8.412     0.002
     0.635    37.761     9.519     8.412     0.002
     0.635    37.768     9.521     8.412     0.002
     0.634    37.774     9.522     8.412     0.002
     0.634    37.781     9.524     8.412     0.002
     0.634    37.787     9.526     8.413     0.002
     0.634    37.794     9.527     8.413     0.002
     0.634    37.800     9.529     8.413     0.002
     0.634    37.806     9.531     8.413     0.002
     0.634    37.813     9.532     8.413     0.002
     0.634    37.819     9.534     8.413     0.002
     0.634    37.826     9.536     8.413     0.002
     0.634    37.832     9.537     8.413     0.002
     0.633    37.839     9.539     8.413     0.002
     0.633    37.845     9.541     8.413     0.002
     0.633    37.852     9.542     8.413     0.002
     0.633    37.858     9.544     8.413     0.002
     0.633    37.865     9.546     8.414     0.002
     0.633    37.871     9.547     8.414     0.002
     0.633    37.878     9.549     8.414     0.002
     0.633    37.884     9.550     8.414     0.002
     0.633    37.890     9.552     8.414     0.002
     0.632    37.897     9.554     8.414     0.002
     0.632    37.903     9.555     8.414     0.002
     0.632    37.910     9.557     8.414     0.002
     0.632    37.916     9.559     8.414     0.002
     0.632    37.923     9.560     8.414     0.002
     0.632    37.929     9.562     8.414     0.002
     0.632    37.936     9.564     8.414     0.002
     0.632    37.942     9.565     8.414     0.002
     0.632    37.948     9.567     8.415     0.002
     0.631    37.955     9.569     8.415     0.002
     0.631    37.961     9.570     8.415     0.002
     0.631    37.968     9.572     8.415     0.002
     0.631    37.974     9.574     8.415     0.002
     0.631    37.981     9.575     8.415     0.002
     0.631    37.987     9.577     8.415     0.002
     0.631    37.994     9.579     8.415     0.002
     0.631    38.000     9.580     8.415     0.002
     0.631    38.006     9.582     8.415     0.002
     0.630    38.013     9.584     8.415     0.002
     0.630    38.019     9.585     8.415     0.002
     0.630    38.026     9.587     8.416     0.002
     0.630    38.032     9.588     8.416     0.002
     0.630    38.039     9.590     8.416     0.002
     0.630    38.045     9.592     8.416     0.002
     0.630    38.051     9.593     8.416     0.002
     0.630    38.058     9.595     8.416     0.002
     0.630    38.064     9.597     8.416     0.002
     0.630    38.071     9.598     8.416     0.002
     0.629    38.077     9.600     8.416     0.002
     0.629    38.084     9.602     8.416     0.002
     0.629    38.090     9.603     8.416     0.002
     0.629    38.096     9.605     8.416     0.002
     0.629    38.103     9.607     8.416     0.002
     0.629    38.109     9.608     8.417     0.002
     0.629    38.116     9.610     8.417     0.002
     0.629    38.122     9.612     8.417     0.002
     0.629    38.128     9.613     8.417     0.002
     0.628    38.135     9.615     8.417     0.002
     0.628    38.141     9.616     8.417     0.002
     0.628    38.148     9.618     8.417     0.002
     0.628    38.154     9.620     8.417     0.002
     0.628    38.160     9.621     8.417     0.002
     0.628    38.167     9.623     8.417     0.002
     0.628    38.173     9.625     8.417     0.002
     0.628    38.180     9.626     8.417     0.002
     0.628    38.186     9.628     8.418     0.002
     0.628    38.193     9.630     8.418     0.002
     0.627    38.199     9.631     8.418     0.002
     0.627    38.205     9.633     8.418     0.002
     0.627    38.212     9.635     8.418     0.002
     0.627    38.218     9.636     8.418     0.002
     0.627    38.225     9.638     8.418     0.002
     0.627    38.231     9.639     8.418     0.002
     0.627    38.237     9.641     8.418     0.002
     0.627    38.244     9.643     8.418     0.002
     0.627    38.250     9.644     8.418     0.002
     0.626    38.256     9.646     8.418     0.002
     0.626    38.263     9.648     8.418     0.002
     0.626    38.269     9.649     8.419     0.002
     0.626    38.276     9.651     8.419     0.002
     0.626    38.282     9.653     8.419     0.002
     0.626    38.288     9.654     8.419     0.002
     0.626    38.295     9.656     8.419     0.002
     0.626    38.301     9.657     8.419     0.002
     0.626    38.308     9.659     8.419     0.002
     0.626    38.314     9.661     8.419     0.002
     0.625    38.320     9.662     8.419     0.002
     0.625    38.327     9.664     8.419     0.002
     0.625    38.333     9.666     8.419     0.002
     0.625    38.340     9.667     8.419     0.002
     0.625    38.346     9.669     8.420     0.002
     0.625    38.352     9.671     8.420     0.002
     0.625    38.359     9.672     8.420     0.002
     0.625    38.365     9.674     8.420     0.002
     0.625    38.371     9.675     8.420     0.002
     0.625    38.378     9.677     8.420     0.002
     0.624    38.384     9.679     8.420     0.002
     0.624    38.391     9.680     8.420     0.002
     0.624    38.397     9.682     8.420     0.002
     0.624    38.403     9.684     8.420     0.002
     0.624    38.410     9.685     8.420     0.002
     0.624    38.416     9.687     8.420     0.002
     0.624    38.422     9.689     8.420     0.002
     0.624    38.429     9.690     8.421     0.002
     0.624    38.435     9.692     8.421     0.002
     0.623    38.441     9.693     8.421     0.002
     0.623    38.448     9.695     8.421     0.002
     0.623    38.454     9.697     8.421     0.002
     0.623    38.461     9.698     8.421     0.002
     0.623    38.467     9.700     8.421     0.002
     0.623    38.473     9.702     8.421     0.002
     0.623    38.480     9.703     8.421     0.002
     0.623    38.486     9.705     8.421     0.002
     0.623    38.492     9.706     8.421     0.002
     0.623    38.499     9.708     8.421     0.002
     0.622    38.505     9.710     8.422     0.002
     0.622    38.511     9.711     8.422     0.002
     0.622    38.518     9.713     8.422     0.002
     0.622    38.524     9.715     8.422     0.002
     0.622    38.530     9.716     8.422     0.002
     0.622    38.537     9.718     8.422     0.002
     0.622    38.543     9.719     8.422     0.002
     0.622    38.549     9.721     8.422     0.002
     0.622    38.556     9.723     8.422     0.002
     0.622    38.562     9.724     8.422     0.002
     0.621    38.569     9.726     8.422     0.002
     0.621    38.575     9.728     8.422     0.002
     0.621    38.581     9.729     8.422     0.002
     0.621    38.588     9.731     8.423     0.002
     0.621    38.594     9.732     8.423     0.002
     0.621    38.600     9.734     8.423     0.002
     0.621    38.607     9.736     8.423     0.002
     0.621    38.613     9.737     8.423     0.002
     0.621    38.619     9.739     8.423     0.002
     0.620    38.626     9.741     8.423     0.002
     0.620    38.632     9.742     8.423     0.002
     0.620    38.638     9.744     8.423     0.002
     0.620    38.645     9.745     8.423     0.002
     0.620    38.651     9.747     8.423     0.002
     0.620    38.657     9.749     8.423     0.002
     0.620    38.664     9.750     8.424     0.002
     0.620    38.670     9.752     8.424     0.002
     0.620    38.676     9.754     8.424     0.002
     0.620    38.683     9.755     8.424     0.002
     0.619    38.689     9.757     8.424     0.002
     0.619    38.695     9.758     8.424     0.002
     0.619    38.702     9.760     8.424     0.002
     0.619    38.708     9.762     8.424     0.002
     0.619    38.714     9.763     8.424     0.002
     0.619    38.720     9.765     8.424     0.002
     0.619    38.727     9.767     8.424     0.002
     0.619    38.733     9.768     8.424     0.002
     0.619    38.739     9.770     8.424     0.002
     0.619    38.746     9.771     8.425     0.002
     0.618    38.752     9.773     8.425     0.002
     0.618    38.758     9.775     8.425     0.002
     0.618    38.765     9.776     8.425     0.002
     0.618    38.771     9.778     8.425     0.002
     0.618    38.777     9.779     8.425     0.002
     0.618    38.784     9.781     8.425     0.002
     0.618    38.790     9.783     8.425     0.002
     0.618    38.796     9.784     8.425     0.002
     0.618    38.803     9.786     8.425     0.002
     0.618    38.809     9.788     8.425     0.002
     0.617    38.815     9.789     8.425     0.002
     0.617    38.821     9.791     8.426     0.002
     0.617    38.828     9.792     8.426     0.002
     0.617    38.834     9.794     8.426     0.002
     0.617    38.840     9.796     8.426     0.002
     0.617    38.847     9.797     8.426     0.002
     0.617    38.853     9.799     8.426     0.002
     0.617    38.859     9.800     8.426     0.002
     0.617    38.866     9.802     8.426     0.002
     0.617    38.872     9.804     8.426     0.002
     0.616    38.878     9.805     8.426     0.002
     0.616    38.884     9.807     8.426     0.002
     0.616    38.891     9.809     8.426     0.002
     0.616    38.897     9.810     8.426     0.002
     0.616    38.903     9.812     8.427     0.002
     0.616    38.910     9.813     8.427     0.002
     0.616    38.916     9.815     8.427     0.002
     0.616    38.922     9.817     8.427     0.002
     0.616    38.928     9.818     8.427     0.002
     0.616    38.935     9.820     8.427     0.002
     0.615    38.941     9.821     8.427     0.002
     0.615    38.947     9.823     8.427     0.002
     0.615    38.954     9.825     8.427     0.002
     0.615    38.960     9.826     8.427     0.002
     0.615    38.966     9.828     8.427     0.002
     0.615    38.972     9.829     8.427     0.002
     0.615    38.979     9.831     8.428     0.002
     0.615    38.985     9.833     8.428     0.002
     0.615    38.991     9.834     8.428     0.002
     0.615    38.998     9.836     8.428     0.002
     0.614    39.004     9.838     8.428     0.002
     0.614    39.010     9.839     8.428     0.002
     0.614    39.016     9.841     8.428     0.002
     0.614    39.023     9.842     8.428     0.002
     0.614    39.029     9.844     8.428     0.002
     0.614    39.035     9.846     8.428     0.002
     0.614    39.041     9.847     8.428     0.002
     0.614    39.048     9.849     8.428     0.002
     0.614    39.054     9.850     8.428     0.002
     0.614    39.060     9.852     8.429     0.002
     0.613    39.067     9.854     8.429     0.002
     0.613    39.073     9.855     8.429     0.002
     0.613    39.079     9.857     8.429     0.002
     0.613    39.085     9.858     8.429     0.002
     0.613    39.092     9.860     8.429     0.002
     0.613    39.098     9.862     8.429     0.002
     0.613    39.104     9.863     8.429     0.002
     0.613    39.110     9.865     8.429     0.002
     0.613    39.117     9.866     8.429     0.002
     0.613    39.123     9.868     8.429     0.002
     0.613    39.129     9.870     8.429     0.002
     0.612    39.135     9.871     8.430     0.002
     0.612    39.142     9.873     8.430     0.002
     0.612    39.148     9.874     8.430     0.002
     0.612    39.154     9.876     8.430     0.002
     0.612    39.160     9.878     8.430     0.002
     0.612    39.167     9.879     8.430     0.002
     0.612    39.173     9.881     8.430     0.002
     0.612    39.179     9.882     8.430     0.002
     0.612    39.185     9.884     8.430     0.002
     0.612    39.192     9.886     8.430     0.002
     0.611    39.198     9.887     8.430     0.002
     0.611    39.204     9.889     8.430     0.002
     0.611    39.210     9.890     8.430     0.002
     0.611    39.217     9.892     8.431     0.002
     0.611    39.223     9.894     8.431     0.002
     0.611    39.229     9.895     8.431     0.002
     0.611    39.235     9.897     8.431     0.002
     0.611    39.242     9.898     8.431     0.002
     0.611    39.248     9.900     8.431     0.002
     0.611    39.254     9.902     8.431     0.002
     0.610    39.260     9.903     8.431     0.002
     0.610    39.267     9.905     8.431     0.002
     0.610    39.273     9.906     8.431     0.002
     0.610    39.279     9.908     8.431     0.002
     0.610    39.285     9.910     8.431     0.002
     0.610    39.291     9.911     8.432     0.002
     0.610    39.298     9.913     8.432     0.002
     0.610    39.304     9.914     8.432     0.002
     0.610    39.310     9.916     8.432     0.002
     0.610    39.316     9.918     8.432     0.002
     0.609    39.323     9.919     8.432     0.002
     0.609    39.329     9.921     8.432     0.002
     0.609    39.335     9.922     8.432     0.002
     0.609    39.341     9.924     8.432     0.002
     0.609    39.348     9.926     8.432     0.002
     0.609    39.354     9.927     8.432     0.002
     0.609    39.360     9.929     8.432     0.002
     0.609    39.366     9.930     8.432     0.002
     0.609    39.372     9.932     8.433     0.002
     0.609    39.379     9.933     8.433     0.002
     0.609    39.385     9.935     8.433     0.002
     0.608    39.391     9.937     8.433     0.002
     0.608    39.397     9.938     8.433     0.002
     0.608    39.403     9.940     8.433     0.002
     0.608    39.410     9.941     8.433     0.002
     0.608    39.416     9.943     8.433     0.002
     0.608    39.422     9.945     8.433     0.002
     0.608    39.428     9.946     8.433     0.002
     0.608    39.435     9.948     8.433     0.002
     0.608    39.441     9.949     8.433     0.002
     0.608    39.447     9.951     8.434     0.002
     0.607    39.453     9.953     8.434     0.002
     0.607    39.459     9.954     8.434     0.002
     0.607    39.466     9.956     8.434     0.002
     0.607    39.472     9.957     8.434     0.002
     0.607    39.478     9.959     8.434     0.002
     0.607    39.484     9.960     8.434     0.002
     0.607    39.490     9.962     8.434     0.002
     0.607    39.497     9.964     8.434     0.002
     0.607    39.503     9.965     8.434     0.002
     0.607    39.509     9.967     8.434     0.002
     0.607    39.515     9.968     8.434     0.002
     0.606    39.521     9.970     8.434     0.002
     0.606    39.528     9.972     8.435     0.002
     0.606    39.534     9.973     8.435     0.002
     0.606    39.540     9.975     8.435     0.002
     0.606    39.546     9.976     8.435     0.002
     0.606    39.552     9.978     8.435     0.002
     0.606    39.559     9.980     8.435     0.002
     0.606    39.565     9.981     8.435     0.002
     0.606    39.571     9.983     8.435     0.002
     0.606    39.577     9.984     8.435     0.002
     0.605    39.583     9.986     8.435     0.002
     0.605    39.589     9.987     8.435     0.002
     0.605    39.596     9.989     8.435     0.002
     0.605    39.602     9.991     8.436     0.002
     0.605    39.608     9.992     8.436     0.002
     0.605    39.614     9.994     8.436     0.002
     0.605    39.620     9.995     8.436     0.002
     0.605    39.627     9.997     8.436     0.002
     0.605    39.633     9.999     8.436     0.002
     0.605    39.639    10.000     8.436     0.002
     0.605    39.645    10.002     8.436     0.002
     0.604    39.651    10.003     8.436     0.002
     0.604    39.657    10.005     8.436     0.002
     0.604    39.664    10.006     8.436     0.002
     0.604    39.670    10.008     8.436     0.002
     0.604    39.676    10.010     8.436     0.002
     0.604    39.682    10.011     8.437     0.002
     0.604    39.688    10.013     8.437     0.002
     0.604    39.694    10.014     8.437     0.002
     0.604    39.701    10.016     8.437     0.002
     0.604    39.707    10.017     8.437     0.002
     0.604    39.713    10.019     8.437     0.002
     0.603    39.719    10.021     8.437     0.002
     0.603    39.725    10.022     8.437     0.002
     0.603    39.732    10.024     8.437     0.002
     0.603    39.738    10.025     8.437     0.002
     0.603    39.744    10.027     8.437     0.002
     0.603    39.750    10.029     8.437     0.002
     0.603    39.756    10.030     8.438     0.002
     0.603    39.762    10.032     8.438     0.002
     0.603    39.768    10.033     8.438     0.002
     0.603    39.775    10.035     8.438     0.002
     0.602    39.781    10.036     8.438     0.002
     0.602    39.787    10.038     8.438     0.002
     0.602    39.793    10.040     8.438     0.002
     0.602    39.799    10.041     8.438     0.002
     0.602    39.805    10.043     8.438     0.002
     0.602    39.812    10.044     8.438     0.002
     0.602    39.818    10.046     8.438     0.002
     0.602    39.824    10.047     8.438     0.002
     0.602    39.830    10.049     8.438     0.002
     0.602    39.836    10.051     8.439     0.002
     0.602    39.842    10.052     8.439     0.002
     0.601    39.848    10.054     8.439     0.002
     0.601    39.855    10.055     8.439     0.002
     0.601    39.861    10.057     8.439     0.002
     0.601    39.867    10.058     8.439     0.002
     0.601    39.873    10.060     8.439     0.002
     0.601    39.879    10.062     8.439     0.002
     0.601    39.885    10.063     8.439     0.002
     0.601    39.891    10.065     8.439     0.002
     0.601    39.898    10.066     8.439     0.002
     0.601    39.904    10.068     8.439     0.002
     0.601    39.910    10.069     8.440     0.002
     0.600    39.916    10.071     8.440     0.002
     0.600    39.922    10.073     8.440     0.002
     0.600    39.928    10.074     8.440     0.002
     0.600    39.934    10.076     8.440     0.002
     0.600    39.941    10.077     8.440     0.002
     0.600    39.947    10.079     8.440     0.002
     0.600    39.953    10.080     8.440     0.002
     0.600    39.959    10.082     8.440     0.002
     0.600    39.965    10.084     8.440     0.002
     0.600    39.971    10.085     8.440     0.002
     0.600    39.977    10.087     8.440     0.002
     0.599    39.983    10.088     8.440     0.002
     0.599    39.990    10.090     8.441     0.002
     0.599    39.996    10.091     8.441     0.002
     0.599    40.002    10.093     8.441     0.002
     0.599    40.008    10.095     8.441     0.002
     0.599    40.014    10.096     8.441     0.002
     0.599    40.020    10.098     8.441     0.002
     0.599    40.026    10.099     8.441     0.002
     0.599    40.032    10.101     8.441     0.002
     0.599    40.039    10.102     8.441     0.002
     0.599    40.045    10.104     8.441     0.002
     0.598    40.051    10.105     8.441     0.002
     0.598    40.057    10.107     8.441     0.002
     0.598    40.063    10.109     8.442     0.002
     0.598    40.069    10.110     8.442     0.002
     0.598    40.075    10.112     8.442     0.002
     0.598    40.081    10.113     8.442     0.002
     0.598    40.088    10.115     8.442     0.002
     0.598    40.094    10.116     8.442     0.002
     0.598    40.100    10.118     8.442     0.002
     0.598    40.106    10.120     8.442     0.002
     0.598    40.112    10.121     8.442     0.002
     0.597    40.118    10.123     8.442     0.002
     0.597    40.124    10.124     8.442     0.002
     0.597    40.130    10.126     8.442     0.002
     0.597    40.136    10.127     8.442     0.002
     0.597    40.142    10.129     8.443     0.002
     0.597    40.149    10.130     8.443     0.002
     0.597    40.155    10.132     8.443     0.002
     0.597    40.161    10.134     8.443     0.002
     0.597    40.167    10.135     8.443     0.002
     0.597    40.173    10.137     8.443     0.002
     0.597    40.179    10.138     8.443     0.002
     0.596    40.185    10.140     8.443     0.002
     0.596    40.191    10.141     8.443     0.002
     0.596    40.197    10.143     8.443     0.002
     0.596    40.203    10.145     8.443     0.002
     0.596    40.210    10.146     8.443     0.002
     0.596    40.216    10.148     8.444     0.002
     0.596    40.222    10.149     8.444     0.002
     0.596    40.228    10.151     8.444     0.002
     0.596    40.234    10.152     8.444     0.002
     0.596    40.240    10.154     8.444     0.002
     0.596    40.246    10.155     8.444     0.002
     0.595    40.252    10.157     8.444     0.002
     0.595    40.258    10.159     8.444     0.002
     0.595    40.264    10.160     8.444     0.002
     0.595    40.270    10.162     8.444     0.002
     0.595    40.277    10.163     8.444     0.002
     0.595    40.283    10.165     8.444     0.002
     0.595    40.289    10.166     8.444     0.002
     0.595    40.295    10.168     8.445     0.002
     0.595    40.301    10.169     8.445     0.002
     0.595    40.307    10.171     8.445     0.002
     0.595    40.313    10.173     8.445     0.002
     0.594    40.319    10.174     8.445     0.002
     0.594    40.325    10.176     8.445     0.002
     0.594    40.331    10.177     8.445     0.002
     0.594    40.337    10.179     8.445     0.002
     0.594    40.343    10.180     8.445     0.002
     0.594    40.349    10.182     8.445     0.002
     0.594    40.356    10.183     8.445     0.002
     0.594    40.362    10.185     8.445     0.002
     0.594    40.368    10.186     8.446     0.002
     0.594    40.374    10.188     8.446     0.002
     0.594    40.380    10.190     8.446     0.002
     0.593    40.386    10.191     8.446     0.002
     0.593    40.392    10.193     8.446     0.002
     0.593    40.398    10.194     8.446     0.002
     0.593    40.404    10.196     8.446     0.002
     0.593    40.410    10.197     8.446     0.002
     0.593    40.416    10.199     8.446     0.002
     0.593    40.422    10.200     8.446     0.002
     0.593    40.428    10.202     8.446     0.002
     0.593    40.434    10.204     8.446     0.002
     0.593    40.440    10.205     8.446     0.002
     0.593    40.447    10.207     8.447     0.002
     0.592    40.453    10.208     8.447     0.002
     0.592    40.459    10.210     8.447     0.002
     0.592    40.465    10.211     8.447     0.002
     0.592    40.471    10.213     8.447     0.002
     0.592    40.477    10.214     8.447     0.002
     0.592    40.483    10.216     8.447     0.002
     0.592    40.489    10.217     8.447     0.002
     0.592    40.495    10.219     8.447     0.002
     0.592    40.501    10.221     8.447     0.002
     0.592    40.507    10.222     8.447     0.002
     0.592    40.513    10.224     8.447     0.002
     0.591    40.519    10.225     8.448     0.002
     0.591    40.525    10.227     8.448     0.002
     0.591    40.531    10.228     8.448     0.002
     0.591    40.537    10.230     8.448     0.002
     0.591    40.543    10.231     8.448     0.002
     0.591    40.549    10.233     8.448     0.002
     0.591    40.555    10.234     8.448     0.002
     0.591    40.561    10.236     8.448     0.002
     0.591    40.568    10.238     8.448     0.002
     0.591    40.574    10.239     8.448     0.002
     0.591    40.580    10.241     8.448     0.002
     0.591    40.586    10.242     8.448     0.002
     0.590    40.592    10.244     8.448     0.002
     0.590    40.598    10.245     8.449     0.002
     0.590    40.604    10.247     8.449     0.002
     0.590    40.610    10.248     8.449     0.002
     0.590    40.616    10.250     8.449     0.002
     0.590    40.622    10.251     8.449     0.002
     0.590    40.628    10.253     8.449     0.002
     0.590    40.634    10.255     8.449     0.002
     0.590    40.640    10.256     8.449     0.002
     0.590    40.646    10.258     8.449     0.002
     0.590    40.652    10.259     8.449     0.002
     0.589    40.658    10.261     8.449     0.002
     0.589    40.664    10.262     8.449     0.002
     0.589    40.670    10.264     8.450     0.002
     0.589    40.676    10.265     8.450     0.002
     0.589    40.682    10.267     8.450     0.002
     0.589    40.688    10.268     8.450     0.002
     0.589    40.694    10.270     8.450     0.002
     0.589    40.700    10.272     8.450     0.002
     0.589    40.706    10.273     8.450     0.002
     0.589    40.712    10.275     8.450     0.002
     0.589    40.718    10.276     8.450     0.002
     0.589    40.724    10.278     8.450     0.002
     0.588    40.730    10.279     8.450     0.002
     0.588    40.736    10.281     8.450     0.002
     0.588    40.742    10.282     8.450     0.002
     0.588    40.748    10.284     8.451     0.002
     0.588    40.754    10.285     8.451     0.002
     0.588    40.760    10.287     8.451     0.002
     0.588    40.766    10.288     8.451     0.002
     0.588    40.772    10.290     8.451     0.002
     0.588    40.778    10.291     8.451     0.002
     0.588    40.784    10.293     8.451     0.002
     0.588    40.790    10.295     8.451     0.002
     0.587    40.796    10.296     8.451     0.002
     0.587    40.803    10.298     8.451     0.002
     0.587    40.809    10.299     8.451     0.002
     0.587    40.815    10.301     8.451     0.002
     0.587    40.821    10.302     8.452     0.002
     0.587    40.827    10.304     8.452     0.002
     0.587    40.833    10.305     8.452     0.002
     0.587    40.839    10.307     8.452     0.002
     0.587    40.845    10.308     8.452     0.002
     0.587    40.851    10.310     8.452     0.002
     0.587    40.857    10.311     8.452     0.002
     0.587    40.863    10.313     8.452     0.002
     0.586    40.869    10.315     8.452     0.002
     0.586    40.875    10.316     8.452     0.002
     0.586    40.881    10.318     8.452     0.002
     0.586    40.887    10.319     8.452     0.002
     0.586    40.893    10.321     8.452     0.002
     0.586    40.899    10.322     8.453     0.002
     0.586    40.905    10.324     8.453     0.002
     0.586    40.911    10.325     8.453     0.002
     0.586    40.916    10.327     8.453     0.002
     0.586    40.922    10.328     8.453     0.002
     0.586    40.928    10.330     8.453     0.002
     0.585    40.934    10.331     8.453     0.002
     0.585    40.940    10.333     8.453     0.002
     0.585    40.946    10.334     8.453     0.002
     0.585    40.952    10.336     8.453     0.002
     0.585    40.958    10.337     8.453     0.002
     0.585    40.964    10.339     8.453     0.002
     0.585    40.970    10.341     8.454     0.002
     0.585    40.976    10.342     8.454     0.002
     0.585    40.982    10.344     8.454     0.002
     0.585    40.988    10.345     8.454     0.002
     0.585    40.994    10.347     8.454     0.002
     0.585    41.000    10.348     8.454     0.002
     0.584    41.006    10.350     8.454     0.002
     0.584    41.012    10.351     8.454     0.002
     0.584    41.018    10.353     8.454     0.002
     0.584    41.024    10.354     8.454     0.002
     0.584    41.030    10.356     8.454     0.002
     0.584    41.036    10.357     8.454     0.002
     0.584    41.042    10.359     8.454     0.002
     0.584    41.048    10.360     8.455     0.002
     0.584    41.054    10.362     8.455     0.002
     0.584    41.060    10.363     8.455     0.002
     0.584    41.066    10.365     8.455     0.002
     0.584    41.072    10.366     8.455     0.002
     0.583    41.078    10.368     8.455     0.002
     0.583    41.084    10.370     8.455     0.002
     0.583    41.090    10.371     8.455     0.002
     0.583    41.096    10.373     8.455     0.002
     0.583    41.102    10.374     8.455     0.002
     0.583    41.108    10.376     8.455     0.002
     0.583    41.114    10.377     8.455     0.002
     0.583    41.120    10.379     8.456     0.002
     0.583    41.126    10.380     8.456     0.002
     0.583    41.132    10.382     8.456     0.002
     0.583    41.138    10.383     8.456     0.002
     0.583    41.144    10.385     8.456     0.002
     0.582    41.150    10.386     8.456     0.002
     0.582    41.155    10.388     8.456     0.002
     0.582    41.161    10.389     8.456     0.002
     0.582    41.167    10.391     8.456     0.002
     0.582    41.173    10.392     8.456     0.002
     0.582    41.179    10.394     8.456     0.002
     0.582    41.185    10.395     8.456     0.002
     0.582    41.191    10.397     8.456     0.002
     0.582    41.197    10.398     8.457     0.002
     0.582    41.203    10.400     8.457     0.002
     0.582    41.209    10.402     8.457     0.002
     0.582    41.215    10.403     8.457     0.002
     0.581    41.221    10.405     8.457     0.002
     0.581    41.227    10.406     8.457     0.002
     0.581    41.233    10.408     8.457     0.002
     0.581    41.239    10.409     8.457     0.002
     0.581    41.245    10.411     8.457     0.002
     0.581    41.251    10.412     8.457     0.002
     0.581    41.257    10.414     8.457     0.002
     0.581    41.263    10.415     8.457     0.002
     0.581    41.269    10.417     8.458     0.002
     0.581    41.274    10.418     8.458     0.002
     0.581    41.280    10.420     8.458     0.002
     0.581    41.286    10.421     8.458     0.002
     0.580    41.292    10.423     8.458     0.002
     0.580    41.298    10.424     8.458     0.002
     0.580    41.304    10.426     8.458     0.002
     0.580    41.310    10.427     8.458     0.002
     0.580    41.316    10.429     8.458     0.002
     0.580    41.322    10.430     8.458     0.002
     0.580    41.328    10.432     8.458     0.002
     0.580    41.334    10.433     8.458     0.002
     0.580    41.340    10.435     8.458     0.002
     0.580    41.346    10.436     8.459     0.002
     0.580    41.352    10.438     8.459     0.002
     0.580    41.358    10.439     8.459     0.002
     0.579    41.364    10.441     8.459     0.002
     0.579    41.369    10.442     8.459     0.002
     0.579    41.375    10.444     8.459     0.002
     0.579    41.381    10.445     8.459     0.002
     0.579    41.387    10.447     8.459     0.002
     0.579    41.393    10.449     8.459     0.002
     0.579    41.399    10.450     8.459     0.002
     0.579    41.405    10.452     8.459     0.002
     0.579    41.411    10.453     8.459     0.002
     0.579    41.417    10.455     8.460     0.002
     0.579    41.423    10.456     8.460     0.002
     0.579    41.429    10.458     8.460     0.002
     0.578    41.435    10.459     8.460     0.002
     0.578    41.441    10.461     8.460     0.002
     0.578    41.446    10.462     8.460     0.002
     0.578    41.452    10.464     8.460     0.002
     0.578    41.458    10.465     8.460     0.002
     0.578    41.464    10.467     8.460     0.002
     0.578    41.470    10.468     8.460     0.002
     0.578    41.476    10.470     8.460     0.002
     0.578    41.482    10.471     8.460     0.002
     0.578    41.488    10.473     8.460     0.002
     0.578    41.494    10.474     8.461     0.002
     0.578    41.500    10.476     8.461     0.002
     0.577    41.506    10.477     8.461     0.002
     0.577    41.511    10.479     8.461     0.002
     0.577    41.517    10.480     8.461     0.002
     0.577    41.523    10.482     8.461     0.002
     0.577    41.529    10.483     8.461     0.002
     0.577    41.535    10.485     8.461     0.002
     0.577    41.541    10.486     8.461     0.002
     0.577    41.547    10.488     8.461     0.002
     0.577    41.553    10.489     8.461     0.002
     0.577    41.559    10.491     8.461     0.002
     0.577    41.565    10.492     8.462     0.002
     0.577    41.571    10.494     8.462     0.002
     0.576    41.576    10.495     8.462     0.002
     0.576    41.582    10.497     8.462     0.002
     0.576    41.588    10.498     8.462     0.002
     0.576    41.594    10.500     8.462     0.002
     0.576    41.600    10.501     8.462     0.002
     0.576    41.606    10.503     8.462     0.002
     0.576    41.612    10.504     8.462     0.002
     0.576    41.618    10.506     8.462     0.002
     0.576    41.624    10.507     8.462     0.002
     0.576    41.629    10.509     8.462     0.002
     0.576    41.635    10.510     8.462     0.002
     0.576    41.641    10.512     8.463     0.002
     0.575    41.647    10.513     8.463     0.002
     0.575    41.653    10.515     8.463     0.002
     0.575    41.659    10.516     8.463     0.002
     0.575    41.665    10.518     8.463     0.002
     0.575    41.671    10.519     8.463     0.002
     0.575    41.677    10.521     8.463     0.002
     0.575    41.682    10.522     8.463     0.002
     0.575    41.688    10.524     8.463     0.002
     0.575    41.694    10.525     8.463     0.002
     0.575    41.700    10.527     8.463     0.002
     0.575    41.706    10.528     8.463     0.002
     0.575    41.712    10.530     8.464     0.002
     0.575    41.718    10.531     8.464     0.002
     0.574    41.724    10.533     8.464     0.002
     0.574    41.730    10.534     8.464     0.002
     0.574    41.735    10.536     8.464     0.002
     0.574    41.741    10.537     8.464     0.002
     0.574    41.747    10.539     8.464     0.002
     0.574    41.753    10.540     8.464     0.002
     0.574    41.759    10.542     8.464     0.002
     0.574    41.765    10.543     8.464     0.002
     0.574    41.771    10.545     8.464     0.002
     0.574    41.777    10.546     8.464     0.002
     0.574    41.782    10.548     8.464     0.002
     0.574    41.788    10.549     8.465     0.002
     0.573    41.794    10.551     8.465     0.002
     0.573    41.800    10.552     8.465     0.002
     0.573    41.806    10.554     8.465     0.002
     0.573    41.812    10.555     8.465     0.002
     0.573    41.818    10.557     8.465     0.002
     0.573    41.823    10.558     8.465     0.002
     0.573    41.829    10.560     8.465     0.002
     0.573    41.835    10.561     8.465     0.002
     0.573    41.841    10.563     8.465     0.002
     0.573    41.847    10.564     8.465     0.002
     0.573    41.853    10.566     8.465     0.002
     0.573    41.859    10.567     8.466     0.002
     0.572    41.865    10.569     8.466     0.002
     0.572    41.870    10.570     8.466     0.002
     0.572    41.876    10.572     8.466     0.002
     0.572    41.882    10.573     8.466     0.002
     0.572    41.888    10.575     8.466     0.002
     0.572    41.894    10.576     8.466     0.002
     0.572    41.900    10.578     8.466     0.002
     0.572    41.906    10.579     8.466     0.002
     0.572    41.911    10.581     8.466     0.002
     0.572    41.917    10.582     8.466     0.002
     0.572    41.923    10.584     8.466     0.002
     0.572    41.929    10.585     8.466     0.002
     0.572    41.935    10.587     8.467     0.002
     0.571    41.941    10.588     8.467     0.002
     0.571    41.946    10.590     8.467     0.002
     0.571    41.952    10.591     8.467     0.002
     0.571    41.958    10.593     8.467     0.002
     0.571    41.964    10.594     8.467     0.002
     0.571    41.970    10.596     8.467     0.002
     0.571    41.976    10.597     8.467     0.002
     0.571    41.982    10.599     8.467     0.002
     0.571    41.987    10.600     8.467     0.002
     0.571    41.993    10.602     8.467     0.002
     0.571    41.999    10.603     8.467     0.002
     0.571    42.005    10.605     8.468     0.002
     0.570    42.011    10.606     8.468     0.002
     0.570    42.017    10.608     8.468     0.002
     0.570    42.022    10.609     8.468     0.002
     0.570    42.028    10.611     8.468     0.002
     0.570    42.034    10.612     8.468     0.002
     0.570    42.040    10.614     8.468     0.002
     0.570    42.046    10.615     8.468     0.002
     0.570    42.052    10.617     8.468     0.002
     0.570    42.057    10.618     8.468     0.002
     0.570    42.063    10.620     8.468     0.002
     0.570    42.069    10.621     8.468     0.002
     0.570    42.075    10.623     8.468     0.002
     0.570    42.081    10.624     8.469     0.002
     0.569    42.087    10.626     8.469     0.002
     0.569    42.092    10.627     8.469     0.002
     0.569    42.098    10.629     8.469     0.002
     0.569    42.104    10.630     8.469     0.002
     0.569    42.110    10.632     8.469     0.002
     0.569    42.116    10.633     8.469     0.002
     0.569    42.122    10.634     8.469     0.002
     0.569    42.127    10.636     8.469     0.002
     0.569    42.133    10.637     8.469     0.002
     0.569    42.139    10.639     8.469     0.002
     0.569    42.145    10.640     8.469     0.002
     0.569    42.151    10.642     8.470     0.002
     0.569    42.157    10.643     8.470     0.002
     0.568    42.162    10.645     8.470     0.002
     0.568    42.168    10.646     8.470     0.002
     0.568    42.174    10.648     8.470     0.002
     0.568    42.180    10.649     8.470     0.002
     0.568    42.186    10.651     8.470     0.002
     0.568    42.191    10.652     8.470     0.002
     0.568    42.197    10.654     8.470     0.002
     0.568    42.203    10.655     8.470     0.002
     0.568    42.209    10.657     8.470     0.002
     0.568    42.215    10.658     8.470     0.002
     0.568    42.220    10.660     8.470     0.002
     0.568    42.226    10.661     8.471     0.002
     0.568    42.232    10.663     8.471     0.002
     0.567    42.238    10.664     8.471     0.002
     0.567    42.244    10.666     8.471     0.002
     0.567    42.250    10.667     8.471     0.002
     0.567    42.255    10.669     8.471     0.002
     0.567    42.261    10.670     8.471     0.002
     0.567    42.267    10.672     8.471     0.002
     0.567    42.273    10.673     8.471     0.002
     0.567    42.279    10.675     8.471     0.002
     0.567    42.284    10.676     8.471     0.002
     0.567    42.290    10.678     8.471     0.002
     0.567    42.296    10.679     8.472     0.002
     0.567    42.302    10.680     8.472     0.002
     0.566    42.308    10.682     8.472     0.002
     0.566    42.313    10.683     8.472     0.002
     0.566    42.319    10.685     8.472     0.002
     0.566    42.325    10.686     8.472     0.002
     0.566    42.331    10.688     8.472     0.002
     0.566    42.337    10.689     8.472     0.002
     0.566    42.342    10.691     8.472     0.002
     0.566    42.348    10.692     8.472     0.002
     0.566    42.354    10.694     8.472     0.002
     0.566    42.360    10.695     8.472     0.002
     0.566    42.366    10.697     8.472     0.002
     0.566    42.371    10.698     8.473     0.002
     0.566    42.377    10.700     8.473     0.002
     0.565    42.383    10.701     8.473     0.002
     0.565    42.389    10.703     8.473     0.002
     0.565    42.394    10.704     8.473     0.002
     0.565    42.400    10.706     8.473     0.002
     0.565    42.406    10.707     8.473     0.002
     0.565    42.412    10.709     8.473     0.002
     0.565    42.418    10.710     8.473     0.002
     0.565    42.423    10.712     8.473     0.002
     0.565    42.429    10.713     8.473     0.002
     0.565    42.435    10.714     8.473     0.002
     0.565    42.441    10.716     8.474     0.002
     0.565    42.447    10.717     8.474     0.002
     0.565    42.452    10.719     8.474     0.002
     0.564    42.458    10.720     8.474     0.002
     0.564    42.464    10.722     8.474     0.002
     0.564    42.470    10.723     8.474     0.002
     0.564    42.475    10.725     8.474     0.002
     0.564    42.481    10.726     8.474     0.002
     0.564    42.487    10.728     8.474     0.002
     0.564    42.493    10.729     8.474     0.002
     0.564    42.499    10.731     8.474     0.002
     0.564    42.504    10.732     8.474     0.002
     0.564    42.510    10.734     8.474     0.002
     0.564    42.516    10.735     8.475     0.002
     0.564    42.522    10.737     8.475     0.002
     0.564    42.527    10.738     8.475     0.002
     0.563    42.533    10.740     8.475     0.002
     0.563    42.539    10.741     8.475     0.002
     0.563    42.545    10.742     8.475     0.002
     0.563    42.550    10.744     8.475     0.002
     0.563    42.556    10.745     8.475     0.002
     0.563    42.562    10.747     8.475     0.002
     0.563    42.568    10.748     8.475     0.002
     0.563    42.574    10.750     8.475     0.002
     0.563    42.579    10.751     8.475     0.002
     0.563    42.585    10.753     8.476     0.002
     0.563    42.591    10.754     8.476     0.002
     0.563    42.597    10.756     8.476     0.002
     0.563    42.602    10.757     8.476     0.002
     0.562    42.608    10.759     8.476     0.002
     0.562    42.614    10.760     8.476     0.002
     0.562    42.620    10.762     8.476     0.002
     0.562    42.625    10.763     8.476     0.002
     0.562    42.631    10.765     8.476     0.002
     0.562    42.637    10.766     8.476     0.002
     0.562    42.643    10.767     8.476     0.002
     0.562    42.648    10.769     8.476     0.002
     0.562    42.654    10.770     8.476     0.002
     0.562    42.660    10.772     8.477     0.002
     0.562    42.666    10.773     8.477     0.002
     0.562    42.671    10.775     8.477     0.002
     0.562    42.677    10.776     8.477     0.002
     0.562    42.683    10.778     8.477     0.002
     0.561    42.689    10.779     8.477     0.002
     0.561    42.694    10.781     8.477     0.002
     0.561    42.700    10.782     8.477     0.002
     0.561    42.706    10.784     8.477     0.002
     0.561    42.712    10.785     8.477     0.002
     0.561    42.717    10.787     8.477     0.002
     0.561    42.723    10.788     8.477     0.002
     0.561    42.729    10.789     8.478     0.002
     0.561    42.735    10.791     8.478     0.002
     0.561    42.740    10.792     8.478     0.002
     0.561    42.746    10.794     8.478     0.002
     0.561    42.752    10.795     8.478     0.002
     0.561    42.758    10.797     8.478     0.002
     0.560    42.763    10.798     8.478     0.002
     0.560    42.769    10.800     8.478     0.002
     0.560    42.775    10.801     8.478     0.002
     0.560    42.781    10.803     8.478     0.002
     0.560    42.786    10.804     8.478     0.002
     0.560    42.792    10.806     8.478     0.002
     0.560    42.798    10.807     8.478     0.002
     0.560    42.804    10.808     8.479     0.002
     0.560    42.809    10.810     8.479     0.002
     0.560    42.815    10.811     8.479     0.002
     0.560    42.821    10.813     8.479     0.002
     0.560    42.826    10.814     8.479     0.002
     0.560    42.832    10.816     8.479     0.002
     0.559    42.838    10.817     8.479     0.002
     0.559    42.844    10.819     8.479     0.002
     0.559    42.849    10.820     8.479     0.002
     0.559    42.855    10.822     8.479     0.002
     0.559    42.861    10.823     8.479     0.002
     0.559    42.867    10.825     8.479     0.002
     0.559    42.872    10.826     8.480     0.002
     0.559    42.878    10.827     8.480     0.002
     0.559    42.884    10.829     8.480     0.002
     0.559    42.889    10.830     8.480     0.002
     0.559    42.895    10.832     8.480     0.002
     0.559    42.901    10.833     8.480     0.002
     0.559    42.907    10.835     8.480     0.002
     0.559    42.912    10.836     8.480     0.002
     0.558    42.918    10.838     8.480     0.002
     0.558    42.924    10.839     8.480     0.002
     0.558    42.930    10.841     8.480     0.002
     0.558    42.935    10.842     8.480     0.002
     0.558    42.941    10.844     8.480     0.002
     0.558    42.947    10.845     8.481     0.002
     0.558    42.952    10.846     8.481     0.002
     0.558    42.958    10.848     8.481     0.002
     0.558    42.964    10.849     8.481     0.002
     0.558    42.970    10.851     8.481     0.002
     0.558    42.975    10.852     8.481     0.002
     0.558    42.981    10.854     8.481     0.002
     0.558    42.987    10.855     8.481     0.002
     0.557    42.992    10.857     8.481     0.002
     0.557    42.998    10.858     8.481     0.002
     0.557    43.004    10.860     8.481     0.002
     0.557    43.010    10.861     8.481     0.002
     0.557    43.015    10.862     8.482     0.002
     0.557    43.021    10.864     8.482     0.002
     0.557    43.027    10.865     8.482     0.002
     0.557    43.032    10.867     8.482     0.002
     0.557    43.038    10.868     8.482     0.002
     0.557    43.044    10.870     8.482     0.002
     0.557    43.049    10.871     8.482     0.002
     0.557    43.055    10.873     8.482     0.002
     0.557    43.061    10.874     8.482     0.002
     0.557    43.067    10.876     8.482     0.002
     0.556    43.072    10.877     8.482     0.002
     0.556    43.078    10.878     8.482     0.002
     0.556    43.084    10.880     8.482     0.002
     0.556    43.089    10.881     8.483     0.002
     0.556    43.095    10.883     8.483     0.002
     0.556    43.101    10.884     8.483     0.002
     0.556    43.106    10.886     8.483     0.002
     0.556    43.112    10.887     8.483     0.002
     0.556    43.118    10.889     8.483     0.002
     0.556    43.124    10.890     8.483     0.002
     0.556    43.129    10.892     8.483     0.002
     0.556    43.135    10.893     8.483     0.002
     0.556    43.141    10.894     8.483     0.002
     0.555    43.146    10.896     8.483     0.002
     0.555    43.152    10.897     8.483     0.002
     0.555    43.158    10.899     8.484     0.002
     0.555    43.163    10.900     8.484     0.002
     0.555    43.169    10.902     8.484     0.002
     0.555    43.175    10.903     8.484     0.002
     0.555    43.180    10.905     8.484     0.002
     0.555    43.186    10.906     8.484     0.002
     0.555    43.192    10.908     8.484     0.002
     0.555    43.197    10.909     8.484     0.002
     0.555    43.203    10.910     8.484     0.002
     0.555    43.209    10.912     8.484     0.002
     0.555    43.215    10.913     8.484     0.002
     0.555    43.220    10.915     8.484     0.002
     0.554    43.226    10.916     8.484     0.002
     0.554    43.232    10.918     8.485     0.002
     0.554    43.237    10.919     8.485     0.002
     0.554    43.243    10.921     8.485     0.002
     0.554    43.249    10.922     8.485     0.002
     0.554    43.254    10.923     8.485     0.002
     0.554    43.260    10.925     8.485     0.002
     0.554    43.266    10.926     8.485     0.002
     0.554    43.271    10.928     8.485     0.002
     0.554    43.277    10.929     8.485     0.002
     0.554    43.283    10.931     8.485     0.002
     0.554    43.288    10.932     8.485     0.002
     0.554    43.294    10.934     8.485     0.002
     0.554    43.300    10.935     8.486     0.002
     0.553    43.305    10.936     8.486     0.002
     0.553    43.311    10.938     8.486     0.002
     0.553    43.317    10.939     8.486     0.002
     0.553    43.322    10.941     8.486     0.002
     0.553    43.328    10.942     8.486     0.002
     0.553    43.334    10.944     8.486     0.002
     0.553    43.339    10.945     8.486     0.002
     0.553    43.345    10.947     8.486     0.002
     0.553    43.351    10.948     8.486     0.002
     0.553    43.356    10.949     8.486     0.002
     0.553    43.362    10.951     8.486     0.002
     0.553    43.368    10.952     8.486     0.002
     0.553    43.373    10.954     8.487     0.002
     0.553    43.379    10.955     8.487     0.002
     0.552    43.385    10.957     8.487     0.002
     0.552    43.390    10.958     8.487     0.002
     0.552    43.396    10.960     8.487     0.002
     0.552    43.402    10.961     8.487     0.002
     0.552    43.407    10.962     8.487     0.002
     0.552    43.413    10.964     8.487     0.002
     0.552    43.419    10.965     8.487     0.002
     0.552    43.424    10.967     8.487     0.002
     0.552    43.430    10.968     8.487     0.002
     0.552    43.436    10.970     8.487     0.002
     0.552    43.441    10.971     8.488     0.002
     0.552    43.447    10.973     8.488     0.002
     0.552    43.452    10.974     8.488     0.002
     0.551    43.458    10.975     8.488     0.002
     0.551    43.464    10.977     8.488     0.002
     0.551    43.469    10.978     8.488     0.002
     0.551    43.475    10.980     8.488     0.002
     0.551    43.481    10.981     8.488     0.002
     0.551    43.486    10.983     8.488     0.002
     0.551    43.492    10.984     8.488     0.002
     0.551    43.498    10.985     8.488     0.002
     0.551    43.503    10.987     8.488     0.002
     0.551    43.509    10.988     8.488     0.002
     0.551    43.515    10.990     8.489     0.002
     0.551    43.520    10.991     8.489     0.002
     0.551    43.526    10.993     8.489     0.002
     0.551    43.532    10.994     8.489     0.002
     0.550    43.537    10.996     8.489     0.002
     0.550    43.543    10.997     8.489     0.002
     0.550    43.548    10.998     8.489     0.002
     0.550    43.554    11.000     8.489     0.002
     0.550    43.560    11.001     8.489     0.002
     0.550    43.565    11.003     8.489     0.002
     0.550    43.571    11.004     8.489     0.002
     0.550    43.577    11.006     8.489     0.002
     0.550    43.582    11.007     8.490     0.002
     0.550    43.588    11.009     8.490     0.002
     0.550    43.594    11.010     8.490     0.002
     0.550    43.599    11.011     8.490     0.002
     0.550    43.605    11.013     8.490     0.002
     0.550    43.610    11.014     8.490     0.002
     0.549    43.616    11.016     8.490     0.002
     0.549    43.622    11.017     8.490     0.002
     0.549    43.627    11.019     8.490     0.002
     0.549    43.633    11.020     8.490     0.002
     0.549    43.639    11.021     8.490     0.002
     0.549    43.644    11.023     8.490     0.002
     0.549    43.650    11.024     8.490     0.002
     0.549    43.655    11.026     8.491     0.002
     0.549    43.661    11.027     8.491     0.002
     0.549    43.667    11.029     8.491     0.002
     0.549    43.672    11.030     8.491     0.002
     0.549    43.678    11.031     8.491     0.002
     0.549    43.684    11.033     8.491     0.002
     0.549    43.689    11.034     8.491     0.002
     0.549    43.695    11.036     8.491     0.002
     0.548    43.700    11.037     8.491     0.002
     0.548    43.706    11.039     8.491     0.002
     0.548    43.712    11.040     8.491     0.002
     0.548    43.717    11.041     8.491     0.002
     0.548    43.723    11.043     8.492     0.002
     0.548    43.729    11.044     8.492     0.002
     0.548    43.734    11.046     8.492     0.002
     0.548    43.740    11.047     8.492     0.002
     0.548    43.745    11.049     8.492     0.002
     0.548    43.751    11.050     8.492     0.002
     0.548    43.757    11.052     8.492     0.002
     0.548    43.762    11.053     8.492     0.002
     0.548    43.768    11.054     8.492     0.002
     0.548    43.773    11.056     8.492     0.002
     0.547    43.779    11.057     8.492     0.002
     0.547    43.785    11.059     8.492     0.002
     0.547    43.790    11.060     8.492     0.002
     0.547    43.796    11.062     8.493     0.002
     0.547    43.801    11.063     8.493     0.002
     0.547    43.807    11.064     8.493     0.002
     0.547    43.813    11.066     8.493     0.002
     0.547    43.818    11.067     8.493     0.002
     0.547    43.824    11.069     8.493     0.002
     0.547    43.830    11.070     8.493     0.002
     0.547    43.835    11.072     8.493     0.002
     0.547    43.841    11.073     8.493     0.002
     0.547    43.846    11.074     8.493     0.002
     0.547    43.852    11.076     8.493     0.002
     0.546    43.858    11.077     8.493     0.002
     0.546    43.863    11.079     8.494     0.002
     0.546    43.869    11.080     8.494     0.002
     0.546    43.874    11.082     8.494     0.002
     0.546    43.880    11.083     8.494     0.002
     0.546    43.886    11.084     8.494     0.002
     0.546    43.891    11.086     8.494     0.002
     0.546    43.897    11.087     8.494     0.002
     0.546    43.902    11.089     8.494     0.002
     0.546    43.908    11.090     8.494     0.002
     0.546    43.913    11.091     8.494     0.002
     0.546    43.919    11.093     8.494     0.002
     0.546    43.925    11.094     8.494     0.002
     0.546    43.930    11.096     8.494     0.002
     0.545    43.936    11.097     8.495     0.002
     0.545    43.941    11.099     8.495     0.002
     0.545    43.947    11.100     8.495     0.002
     0.545    43.953    11.101     8.495     0.002
     0.545    43.958    11.103     8.495     0.002
     0.545    43.964    11.104     8.495     0.002
     0.545    43.969    11.106     8.495     0.002
     0.545    43.975    11.107     8.495     0.002
     0.545    43.981    11.109     8.495     0.002
     0.545    43.986    11.110     8.495     0.002
     0.545    43.992    11.111     8.495     0.002
     0.545    43.997    11.113     8.495     0.002
     0.545    44.003    11.114     8.496     0.002
     0.545    44.008    11.116     8.496     0.002
     0.545    44.014    11.117     8.496     0.002
     0.544    44.020    11.119     8.496     0.002
     0.544    44.025    11.120     8.496     0.002
     0.544    44.031    11.121     8.496     0.002
     0.544    44.036    11.123     8.496     0.002
     0.544    44.042    11.124     8.496     0.002
     0.544    44.048    11.126     8.496     0.002
     0.544    44.053    11.127     8.496     0.002
     0.544    44.059    11.128     8.496     0.002
     0.544    44.064    11.130     8.496     0.002
     0.544    44.070    11.131     8.496     0.002
     0.544    44.075    11.133     8.497     0.002
     0.544    44.081    11.134     8.497     0.002
     0.544    44.087    11.136     8.497     0.002
     0.544    44.092    11.137     8.497     0.002
     0.543    44.098    11.138     8.497     0.002
     0.543    44.103    11.140     8.497     0.002
     0.543    44.109    11.141     8.497     0.002
     0.543    44.114    11.143     8.497     0.002
     0.543    44.120    11.144     8.497     0.002
     0.543    44.126    11.146     8.497     0.002
     0.543    44.131    11.147     8.497     0.002
     0.543    44.137    11.148     8.497     0.002
     0.543    44.142    11.150     8.498     0.002
     0.543    44.148    11.151     8.498     0.002
     0.543    44.153    11.153     8.498     0.002
     0.543    44.159    11.154     8.498     0.002
     0.543    44.164    11.155     8.498     0.002
     0.543    44.170    11.157     8.498     0.002
     0.543    44.176    11.158     8.498     0.002
     0.542    44.181    11.160     8.498     0.002
     0.542    44.187    11.161     8.498     0.002
     0.542    44.192    11.163     8.498     0.002
     0.542    44.198    11.164     8.498     0.002
     0.542    44.203    11.165     8.498     0.002
     0.542    44.209    11.167     8.498     0.002
     0.542    44.214    11.168     8.499     0.002
     0.542    44.220    11.170     8.499     0.002
     0.542    44.226    11.171     8.499     0.002
     0.542    44.231    11.172     8.499     0.002
     0.542    44.237    11.174     8.499     0.002
     0.542    44.242    11.175     8.499     0.002
     0.542    44.248    11.177     8.499     0.002
     0.542    44.253    11.178     8.499     0.002
     0.542    44.259    11.180     8.499     0.002
     0.541    44.264    11.181     8.499     0.002
     0.541    44.270    11.182     8.499     0.002
     0.541    44.276    11.184     8.499     0.002
     0.541    44.281    11.185     8.500     0.002
     0.541    44.287    11.187     8.500     0.002
     0.541    44.292    11.188     8.500     0.002
     0.541    44.298    11.189     8.500     0.002
     0.541    44.303    11.191     8.500     0.002
     0.541    44.309    11.192     8.500     0.002
     0.541    44.314    11.194     8.500     0.002
     0.541    44.320    11.195     8.500     0.002
     0.541    44.325    11.196     8.500     0.002
     0.541    44.331    11.198     8.500     0.002
     0.541    44.337    11.199     8.500     0.002
     0.541    44.342    11.201     8.500     0.002
     0.540    44.348    11.202     8.500     0.002
     0.540    44.353    11.204     8.501     0.002
     0.540    44.359    11.205     8.501     0.002
     0.540    44.364    11.206     8.501     0.002
     0.540    44.370    11.208     8.501     0.002
     0.540    44.375    11.209     8.501     0.002
     0.540    44.381    11.211     8.501     0.002
     0.540    44.386    11.212     8.501     0.002
     0.540    44.392    11.213     8.501     0.002
     0.540    44.397    11.215     8.501     0.002
     0.540    44.403    11.216     8.501     0.002
     0.540    44.409    11.218     8.501     0.002
     0.540    44.414    11.219     8.501     0.002
     0.540    44.420    11.220     8.502     0.002
     0.539    44.425    11.222     8.502     0.002
     0.539    44.431    11.223     8.502     0.002
     0.539    44.436    11.225     8.502     0.002
     0.539    44.442    11.226     8.502     0.002
     0.539    44.447    11.227     8.502     0.002
     0.539    44.453    11.229     8.502     0.002
     0.539    44.458    11.230     8.502     0.002
     0.539    44.464    11.232     8.502     0.002
     0.539    44.469    11.233     8.502     0.002
     0.539    44.475    11.235     8.502     0.002
     0.539    44.480    11.236     8.502     0.002
     0.539    44.486    11.237     8.502     0.002
     0.539    44.491    11.239     8.503     0.002
     0.539    44.497    11.240     8.503     0.002
     0.539    44.502    11.242     8.503     0.002
     0.538    44.508    11.243     8.503     0.002
     0.538    44.513    11.244     8.503     0.002
     0.538    44.519    11.246     8.503     0.002
     0.538    44.525    11.247     8.503     0.002
     0.538    44.530    11.249     8.503     0.002
     0.538    44.536    11.250     8.503     0.002
     0.538    44.541    11.251     8.503     0.002
     0.538    44.547    11.253     8.503     0.002
     0.538    44.552    11.254     8.503     0.002
     0.538    44.558    11.256     8.504     0.002
     0.538    44.563    11.257     8.504     0.002
     0.538    44.569    11.258     8.504     0.002
     0.538    44.574    11.260     8.504     0.002
     0.538    44.580    11.261     8.504     0.002
     0.538    44.585    11.263     8.504     0.002
     0.537    44.591    11.264     8.504     0.002
     0.537    44.596    11.265     8.504     0.002
     0.537    44.602    11.267     8.504     0.002
     0.537    44.607    11.268     8.504     0.002
     0.537    44.613    11.270     8.504     0.002
     0.537    44.618    11.271     8.504     0.002
     0.537    44.624    11.272     8.504     0.002
     0.537    44.629    11.274     8.505     0.002
     0.537    44.635    11.275     8.505     0.002
     0.537    44.640    11.277     8.505     0.002
     0.537    44.646    11.278     8.505     0.002
     0.537    44.651    11.279     8.505     0.002
     0.537    44.657    11.281     8.505     0.002
     0.537    44.662    11.282     8.505     0.002
     0.537    44.668    11.284     8.505     0.002
     0.536    44.673    11.285     8.505     0.002
     0.536    44.679    11.286     8.505     0.002
     0.536    44.684    11.288     8.505     0.002
     0.536    44.690    11.289     8.505     0.002
     0.536    44.695    11.291     8.506     0.002
     0.536    44.701    11.292     8.506     0.002
     0.536    44.706    11.293     8.506     0.002
     0.536    44.712    11.295     8.506     0.002
     0.536    44.717    11.296     8.506     0.002
     0.536    44.723    11.298     8.506     0.002
     0.536    44.728    11.299     8.506     0.002
     0.536    44.734    11.300     8.506     0.002
     0.536    44.739    11.302     8.506     0.002
     0.536    44.745    11.303     8.506     0.002
     0.536    44.750    11.305     8.506     0.002
     0.536    44.756    11.306     8.506     0.002
     0.535    44.761    11.307     8.506     0.002
     0.535    44.767    11.309     8.507     0.002
     0.535    44.772    11.310     8.507     0.002
     0.535    44.778    11.312     8.507     0.002
     0.535    44.783    11.313     8.507     0.002
     0.535    44.789    11.314     8.507     0.002
     0.535    44.794    11.316     8.507     0.002
     0.535    44.800    11.317     8.507     0.002
     0.535    44.805    11.319     8.507     0.002
     0.535    44.811    11.320     8.507     0.002
     0.535    44.816    11.321     8.507     0.002
     0.535    44.822    11.323     8.507     0.002
     0.535    44.827    11.324     8.507     0.002
     0.535    44.832    11.326     8.508     0.002
     0.535    44.838    11.327     8.508     0.002
     0.534    44.843    11.328     8.508     0.002
     0.534    44.849    11.330     8.508     0.002
     0.534    44.854    11.331     8.508     0.002
     0.534    44.860    11.333     8.508     0.002
     0.534    44.865    11.334     8.508     0.002
     0.534    44.871    11.335     8.508     0.002
     0.534    44.876    11.337     8.508     0.002
     0.534    44.882    11.338     8.508     0.002
     0.534    44.887    11.340     8.508     0.002
     0.534    44.893    11.341     8.508     0.002
     0.534    44.898    11.342     8.508     0.002
     0.534    44.904    11.344     8.509     0.002
     0.534    44.909    11.345     8.509     0.002
     0.534    44.915    11.347     8.509     0.002
     0.534    44.920    11.348     8.509     0.002
     0.533    44.926    11.349     8.509     0.002
     0.533    44.931    11.351     8.509     0.002
     0.533    44.936    11.352     8.509     0.002
     0.533    44.942    11.354     8.509     0.002
     0.533    44.947    11.355     8.509     0.002
     0.533    44.953    11.356     8.509     0.002
     0.533    44.958    11.358     8.509     0.002
     0.533    44.964    11.359     8.509     0.002
     0.533    44.969    11.360     8.510     0.002
     0.533    44.975    11.362     8.510     0.002
     0.533    44.980    11.363     8.510     0.002
     0.533    44.986    11.365     8.510     0.002
     0.533    44.991    11.366     8.510     0.002
     0.533    44.997    11.367     8.510     0.002
     0.533    45.002    11.369     8.510     0.002
     0.533    45.008    11.370     8.510     0.002
     0.532    45.013    11.372     8.510     0.002
     0.532    45.018    11.373     8.510     0.002
     0.532    45.024    11.374     8.510     0.002
     0.532    45.029    11.376     8.510     0.002
     0.532    45.035    11.377     8.510     0.002
     0.532    45.040    11.379     8.511     0.002
     0.532    45.046    11.380     8.511     0.002
     0.532    45.051    11.381     8.511     0.002
     0.532    45.057    11.383     8.511     0.002
     0.532    45.062    11.384     8.511     0.002
     0.532    45.068    11.385     8.511     0.002
     0.532    45.073    11.387     8.511     0.002
     0.532    45.078    11.388     8.511     0.002
     0.532    45.084    11.390     8.511     0.002
     0.532    45.089    11.391     8.511     0.002
     0.531    45.095    11.392     8.511     0.002
     0.531    45.100    11.394     8.511     0.002
     0.531    45.106    11.395     8.512     0.002
     0.531    45.111    11.397     8.512     0.002
     0.531    45.117    11.398     8.512     0.002
     0.531    45.122    11.399     8.512     0.002
     0.531    45.127    11.401     8.512     0.002
     0.531    45.133    11.402     8.512     0.002
     0.531    45.138    11.404     8.512     0.002
     0.531    45.144    11.405     8.512     0.002
     0.531    45.149    11.406     8.512     0.002
     0.531    45.155    11.408     8.512     0.002
     0.531    45.160    11.409     8.512     0.002
     0.531    45.166    11.410     8.512     0.002
     0.531    45.171    11.412     8.512     0.002
     0.531    45.176    11.413     8.513     0.002
     0.530    45.182    11.415     8.513     0.002
     0.530    45.187    11.416     8.513     0.002
     0.530    45.193    11.417     8.513     0.002
     0.530    45.198    11.419     8.513     0.002
     0.530    45.204    11.420     8.513     0.002
     0.530    45.209    11.422     8.513     0.002
     0.530    45.215    11.423     8.513     0.002
     0.530    45.220    11.424     8.513     0.002
     0.530    45.225    11.426     8.513     0.002
     0.530    45.231    11.427     8.513     0.002
     0.530    45.236    11.428     8.513     0.002
     0.530    45.242    11.430     8.514     0.002
     0.530    45.247    11.431     8.514     0.002
     0.530    45.253    11.433     8.514     0.002
     0.530    45.258    11.434     8.514     0.002
     0.530    45.263    11.435     8.514     0.002
     0.529    45.269    11.437     8.514     0.002
     0.529    45.274    11.438     8.514     0.002
     0.529    45.280    11.440     8.514     0.002
     0.529    45.285    11.441     8.514     0.002
     0.529    45.291    11.442     8.514     0.002
     0.529    45.296    11.444     8.514     0.002
     0.529    45.301    11.445     8.514     0.002
     0.529    45.307    11.446     8.514     0.002
     0.529    45.312    11.448     8.515     0.002
     0.529    45.318    11.449     8.515     0.002
     0.529    45.323    11.451     8.515     0.002
     0.529    45.329    11.452     8.515     0.002
     0.529    45.334    11.453     8.515     0.002
     0.529    45.339    11.455     8.515     0.002
     0.529    45.345    11.456     8.515     0.002
     0.528    45.350    11.457     8.515     0.002
     0.528    45.356    11.459     8.515     0.002
     0.528    45.361    11.460     8.515     0.002
     0.528    45.366    11.462     8.515     0.002
     0.528    45.372    11.463     8.515     0.002
     0.528    45.377    11.464     8.516     0.002
     0.528    45.383    11.466     8.516     0.002
     0.528    45.388    11.467     8.516     0.002
     0.528    45.394    11.469     8.516     0.002
     0.528    45.399    11.470     8.516     0.002
     0.528    45.404    11.471     8.516     0.002
     0.528    45.410    11.473     8.516     0.002
     0.528    45.415    11.474     8.516     0.002
     0.528    45.421    11.475     8.516     0.002
     0.528    45.426    11.477     8.516     0.002
     0.528    45.431    11.478     8.516     0.002
     0.527    45.437    11.480     8.516     0.002
     0.527    45.442    11.481     8.516     0.002
     0.527    45.448    11.482     8.517     0.002
     0.527    45.453    11.484     8.517     0.002
     0.527    45.458    11.485     8.517     0.002
     0.527    45.464    11.486     8.517     0.002
     0.527    45.469    11.488     8.517     0.002
     0.527    45.475    11.489     8.517     0.002
     0.527    45.480    11.491     8.517     0.002
     0.527    45.485    11.492     8.517     0.002
     0.527    45.491    11.493     8.517     0.002
     0.527    45.496    11.495     8.517     0.002
     0.527    45.502    11.496     8.517     0.002
     0.527    45.507    11.497     8.517     0.002
     0.527    45.512    11.499     8.518     0.002
     0.527    45.518    11.500     8.518     0.002
     0.526    45.523    11.502     8.518     0.002
     0.526    45.529    11.503     8.518     0.002
     0.526    45.534    11.504     8.518     0.002
     0.526    45.539    11.506     8.518     0.002
     0.526    45.545    11.507     8.518     0.002
     0.526    45.550    11.508     8.518     0.002
     0.526    45.556    11.510     8.518     0.002
     0.526    45.561    11.511     8.518     0.002
     0.526    45.566    11.513     8.518     0.002
     0.526    45.572    11.514     8.518     0.002
     0.526    45.577    11.515     8.518     0.002
     0.526    45.583    11.517     8.519     0.002
     0.526    45.588    11.518     8.519     0.002
     0.526    45.593    11.519     8.519     0.002
     0.526    45.599    11.521     8.519     0.002
     0.526    45.604    11.522     8.519     0.002
     0.525    45.610    11.524     8.519     0.002
     0.525    45.615    11.525     8.519     0.002
     0.525    45.620    11.526     8.519     0.002
     0.525    45.626    11.528     8.519     0.002
     0.525    45.631    11.529     8.519     0.002
     0.525    45.637    11.530     8.519     0.002
     0.525    45.642    11.532     8.519     0.002
     0.525    45.647    11.533     8.520     0.002
     0.525    45.653    11.534     8.520     0.002
     0.525    45.658    11.536     8.520     0.002
     0.525    45.663    11.537     8.520     0.002
     0.525    45.669    11.539     8.520     0.002
     0.525    45.674    11.540     8.520     0.002
     0.525    45.680    11.541     8.520     0.002
     0.525    45.685    11.543     8.520     0.002
     0.525    45.690    11.544     8.520     0.002
     0.524    45.696    11.545     8.520     0.002
     0.524    45.701    11.547     8.520     0.002
     0.524    45.706    11.548     8.520     0.002
     0.524    45.712    11.550     8.520     0.002
     0.524    45.717    11.551     8.521     0.002
     0.524    45.723    11.552     8.521     0.002
     0.524    45.728    11.554     8.521     0.002
     0.524    45.733    11.555     8.521     0.002
     0.524    45.739    11.556     8.521     0.002
     0.524    45.744    11.558     8.521     0.002
     0.524    45.749    11.559     8.521     0.002
     0.524    45.755    11.561     8.521     0.002
     0.524    45.760    11.562     8.521     0.002
     0.524    45.766    11.563     8.521     0.002
     0.524    45.771    11.565     8.521     0.002
     0.524    45.776    11.566     8.521     0.002
     0.524    45.782    11.567     8.522     0.002
     0.523    45.787    11.569     8.522     0.002
     0.523    45.792    11.570     8.522     0.002
     0.523    45.798    11.571     8.522     0.002
     0.523    45.803    11.573     8.522     0.002
     0.523    45.809    11.574     8.522     0.002
     0.523    45.814    11.576     8.522     0.002
     0.523    45.819    11.577     8.522     0.002
     0.523    45.825    11.578     8.522     0.002
     0.523    45.830    11.580     8.522     0.002
     0.523    45.835    11.581     8.522     0.002
     0.523    45.841    11.582     8.522     0.002
     0.523    45.846    11.584     8.522     0.002
     0.523    45.851    11.585     8.523     0.002
     0.523    45.857    11.586     8.523     0.002
     0.523    45.862    11.588     8.523     0.002
     0.523    45.868    11.589     8.523     0.002
     0.522    45.873    11.591     8.523     0.002
     0.522    45.878    11.592     8.523     0.002
     0.522    45.884    11.593     8.523     0.002
     0.522    45.889    11.595     8.523     0.002
     0.522    45.894    11.596     8.523     0.002
     0.522    45.900    11.597     8.523     0.002
     0.522    45.905    11.599     8.523     0.002
     0.522    45.910    11.600     8.523     0.002
     0.522    45.916    11.601     8.524     0.002
     0.522    45.921    11.603     8.524     0.002
     0.522    45.926    11.604     8.524     0.002
     0.522    45.932    11.606     8.524     0.002
     0.522    45.937    11.607     8.524     0.002
     0.522    45.943    11.608     8.524     0.002
     0.522    45.948    11.610     8.524     0.002
     0.522    45.953    11.611     8.524     0.002
     0.521    45.959    11.612     8.524     0.002
     0.521    45.964    11.614     8.524     0.002
     0.521    45.969    11.615     8.524     0.002
     0.521    45.975    11.616     8.524     0.002
     0.521    45.980    11.618     8.524     0.002
     0.521    45.985    11.619     8.525     0.002
     0.521    45.991    11.621     8.525     0.002
     0.521    45.996    11.622     8.525     0.002
     0.521    46.001    11.623     8.525     0.002
     0.521    46.007    11.625     8.525     0.002
     0.521    46.012    11.626     8.525     0.002
     0.521    46.017    11.627     8.525     0.002
     0.521    46.023    11.629     8.525     0.002
     0.521    46.028    11.630     8.525     0.002
     0.521    46.033    11.631     8.525     0.002
     0.521    46.039    11.633     8.525     0.002
     0.521    46.044    11.634     8.525     0.002
     0.520    46.049    11.635     8.526     0.002
     0.520    46.055    11.637     8.526     0.002
     0.520    46.060    11.638     8.526     0.002
     0.520    46.065    11.640     8.526     0.002
     0.520    46.071    11.641     8.526     0.002
     0.520    46.076    11.642     8.526     0.002
     0.520    46.081    11.644     8.526     0.002
     0.520    46.087    11.645     8.526     0.002
     0.520    46.092    11.646     8.526     0.002
     0.520    46.097    11.648     8.526     0.002
     0.520    46.103    11.649     8.526     0.002
     0.520    46.108    11.650     8.526     0.002
     0.520    46.113    11.652     8.526     0.002
     0.520    46.119    11.653     8.527     0.002
     0.520    46.124    11.654     8.527     0.002
     0.520    46.129    11.656     8.527     0.002
     0.519    46.135    11.657     8.527     0.002
     0.519    46.140    11.659     8.527     0.002
     0.519    46.145    11.660     8.527     0.002
     0.519    46.151    11.661     8.527     0.002
     0.519    46.156    11.663     8.527     0.002
     0.519    46.161    11.664     8.527     0.002
     0.519    46.167    11.665     8.527     0.002
     0.519    46.172    11.667     8.527     0.002
     0.519    46.177    11.668     8.527     0.002
     0.519    46.183    11.669     8.528     0.002
     0.519    46.188    11.671     8.528     0.002
     0.519    46.193    11.672     8.528     0.002
     0.519    46.199    11.673     8.528     0.002
     0.519    46.204    11.675     8.528     0.002
     0.519    46.209    11.676     8.528     0.002
     0.519    46.215    11.678     8.528     0.002
     0.519    46.220    11.679     8.528     0.002
     0.518    46.225    11.680     8.528     0.002
     0.518    46.231    11.682     8.528     0.002
     0.518    46.236    11.683     8.528     0.002
     0.518    46.241    11.684     8.528     0.002
     0.518    46.247    11.686     8.528     0.002
     0.518    46.252    11.687     8.529     0.002
     0.518    46.257    11.688     8.529     0.002
     0.518    46.262    11.690     8.529     0.002
     0.518    46.268    11.691     8.529     0.002
     0.518    46.273    11.692     8.529     0.002
     0.518    46.278    11.694     8.529     0.002
     0.518    46.284    11.695     8.529     0.002
     0.518    46.289    11.696     8.529     0.002
     0.518    46.294    11.698     8.529     0.002
     0.518    46.300    11.699     8.529     0.002
     0.518    46.305    11.701     8.529     0.002
     0.518    46.310    11.702     8.529     0.002
     0.517    46.316    11.703     8.530     0.002
     0.517    46.321    11.705     8.530     0.002
     0.517    46.326    11.706     8.530     0.002
     0.517    46.331    11.707     8.530     0.002
     0.517    46.337    11.709     8.530     0.002
     0.517    46.342    11.710     8.530     0.002
     0.517    46.347    11.711     8.530     0.002
     0.517    46.353    11.713     8.530     0.002
     0.517    46.358    11.714     8.530     0.002
     0.517    46.363    11.715     8.530     0.002
     0.517    46.369    11.717     8.530     0.002
     0.517    46.374    11.718     8.530     0.002
     0.517    46.379    11.719     8.530     0.002
     0.517    46.385    11.721     8.531     0.002
     0.517    46.390    11.722     8.531     0.002
     0.517    46.395    11.723     8.531     0.002
     0.517    46.400    11.725     8.531     0.002
     0.516    46.406    11.726     8.531     0.002
     0.516    46.411    11.728     8.531     0.002
     0.516    46.416    11.729     8.531     0.002
     0.516    46.422    11.730     8.531     0.002
     0.516    46.427    11.732     8.531     0.002
     0.516    46.432    11.733     8.531     0.002
     0.516    46.437    11.734     8.531     0.002
     0.516    46.443    11.736     8.531     0.002
     0.516    46.448    11.737     8.532     0.002
     0.516    46.453    11.738     8.532     0.002
     0.516    46.459    11.740     8.532     0.002
     0.516    46.464    11.741     8.532     0.002
     0.516    46.469    11.742     8.532     0.002
     0.516    46.475    11.744     8.532     0.002
     0.516    46.480    11.745     8.532     0.002
     0.516    46.485    11.746     8.532     0.002
     0.516    46.490    11.748     8.532     0.002
     0.515    46.496    11.749     8.532     0.002
     0.515    46.501    11.750     8.532     0.002
     0.515    46.506    11.752     8.532     0.002
     0.515    46.512    11.753     8.532     0.002
     0.515    46.517    11.754     8.533     0.002
     0.515    46.522    11.756     8.533     0.002
     0.515    46.527    11.757     8.533     0.002
     0.515    46.533    11.758     8.533     0.002
     0.515    46.538    11.760     8.533     0.002
     0.515    46.543    11.761     8.533     0.002
     0.515    46.549    11.763     8.533     0.003
     0.515    46.554    11.764     8.533     0.003
     0.515    46.559    11.765     8.533     0.003
     0.515    46.564    11.767     8.533     0.003
     0.515    46.570    11.768     8.533     0.003
     0.515    46.575    11.769     8.533     0.003
     0.515    46.580    11.771     8.534     0.003
     0.514    46.586    11.772     8.534     0.003
     0.514    46.591    11.773     8.534     0.003
     0.514    46.596    11.775     8.534     0.003
     0.514    46.601    11.776     8.534     0.003
     0.514    46.607    11.777     8.534     0.003
     0.514    46.612    11.779     8.534     0.003
     0.514    46.617    11.780     8.534     0.003
     0.514    46.622    11.781     8.534     0.003
     0.514    46.628    11.783     8.534     0.003
     0.514    46.633    11.784     8.534     0.003
     0.514    46.638    11.785     8.534     0.003
     0.514    46.644    11.787     8.534     0.003
     0.514    46.649    11.788     8.535     0.003
     0.514    46.654    11.789     8.535     0.003
     0.514    46.659    11.791     8.535     0.003
     0.514    46.665    11.792     8.535     0.003
     0.514    46.670    11.793     8.535     0.003
     0.513    46.675    11.795     8.535     0.003
     0.513    46.680    11.796     8.535     0.003
     0.513    46.686    11.797     8.535     0.003
     0.513    46.691    11.799     8.535     0.003
     0.513    46.696    11.800     8.535     0.003
     0.513    46.701    11.801     8.535     0.003
     0.513    46.707    11.803     8.535     0.003
     0.513    46.712    11.804     8.536     0.003
     0.513    46.717    11.805     8.536     0.003
     0.513    46.723    11.807     8.536     0.003
     0.513    46.728    11.808     8.536     0.003
     0.513    46.733    11.809     8.536     0.003
     0.513    46.738    11.811     8.536     0.003
     0.513    46.744    11.812     8.536     0.003
     0.513    46.749    11.813     8.536     0.003
     0.513    46.754    11.815     8.536     0.003
     0.513    46.759    11.816     8.536     0.003
     0.513    46.765    11.817     8.536     0.003
     0.512    46.770    11.819     8.536     0.003
     0.512    46.775    11.820     8.536     0.003
     0.512    46.780    11.821     8.537     0.003
     0.512    46.786    11.823     8.537     0.003
     0.512    46.791    11.824     8.537     0.003
     0.512    46.796    11.826     8.537     0.003
     0.512    46.801    11.827     8.537     0.003
     0.512    46.807    11.828     8.537     0.003
     0.512    46.812    11.830     8.537     0.003
     0.512    46.817    11.831     8.537     0.003
     0.512    46.822    11.832     8.537     0.003
     0.512    46.828    11.834     8.537     0.003
     0.512    46.833    11.835     8.537     0.003
     0.512    46.838    11.836     8.537     0.003
     0.512    46.843    11.838     8.538     0.003
     0.512    46.849    11.839     8.538     0.003
     0.512    46.854    11.840     8.538     0.003
     0.511    46.859    11.842     8.538     0.003
     0.511    46.864    11.843     8.538     0.003
     0.511    46.870    11.844     8.538     0.003
     0.511    46.875    11.846     8.538     0.003
     0.511    46.880    11.847     8.538     0.003
     0.511    46.885    11.848     8.538     0.003
     0.511    46.891    11.850     8.538     0.003
     0.511    46.896    11.851     8.538     0.003
     0.511    46.901    11.852     8.538     0.003
     0.511    46.906    11.854     8.538     0.003
     0.511    46.912    11.855     8.539     0.003
     0.511    46.917    11.856     8.539     0.003
     0.511    46.922    11.858     8.539     0.003
     0.511    46.927    11.859     8.539     0.003
     0.511    46.933    11.860     8.539     0.003
     0.511    46.938    11.862     8.539     0.003
     0.511    46.943    11.863     8.539     0.003
     0.510    46.948    11.864     8.539     0.003
     0.510    46.954    11.866     8.539     0.003
     0.510    46.959    11.867     8.539     0.003
     0.510    46.964    11.868     8.539     0.003
     0.510    46.969    11.870     8.539     0.003
     0.510    46.974    11.871     8.540     0.003
     0.510    46.980    11.872     8.540     0.003
     0.510    46.985    11.874     8.540     0.003
     0.510    46.990    11.875     8.540     0.003
     0.510    46.995    11.876     8.540     0.003
     0.510    47.001    11.878     8.540     0.003
     0.510    47.006    11.879     8.540     0.003
     0.510    47.011    11.880     8.540     0.003
     0.510    47.016    11.882     8.540     0.003
     0.510    47.022    11.883     8.540     0.003
     0.510    47.027    11.884     8.540     0.003
     0.510    47.032    11.886     8.540     0.003
     0.510    47.037    11.887     8.540     0.003
     0.509    47.042    11.888     8.541     0.003
     0.509    47.048    11.890     8.541     0.003
     0.509    47.053    11.891     8.541     0.003
     0.509    47.058    11.892     8.541     0.003
     0.509    47.063    11.893     8.541     0.003
     0.509    47.069    11.895     8.541     0.003
     0.509    47.074    11.896     8.541     0.003
     0.509    47.079    11.897     8.541     0.003
     0.509    47.084    11.899     8.541     0.003
     0.509    47.090    11.900     8.541     0.003
     0.509    47.095    11.901     8.541     0.003
     0.509    47.100    11.903     8.541     0.003
     0.509    47.105    11.904     8.542     0.003
     0.509    47.110    11.905     8.542     0.003
     0.509    47.116    11.907     8.542     0.003
     0.509    47.121    11.908     8.542     0.003
     0.509    47.126    11.909     8.542     0.003
     0.509    47.131    11.911     8.542     0.003
     0.508    47.136    11.912     8.542     0.003
     0.508    47.142    11.913     8.542     0.003
     0.508    47.147    11.915     8.542     0.003
     0.508    47.152    11.916     8.542     0.003
     0.508    47.157    11.917     8.542     0.003
     0.508    47.163    11.919     8.542     0.003
     0.508    47.168    11.920     8.542     0.003
     0.508    47.173    11.921     8.543     0.003
     0.508    47.178    11.923     8.543     0.003
     0.508    47.183    11.924     8.543     0.003
     0.508    47.189    11.925     8.543     0.003
     0.508    47.194    11.927     8.543     0.003
     0.508    47.199    11.928     8.543     0.003
     0.508    47.204    11.929     8.543     0.003
     0.508    47.209    11.931     8.543     0.003
     0.508    47.215    11.932     8.543     0.003
     0.508    47.220    11.933     8.543     0.003
     0.508    47.225    11.935     8.543     0.003
     0.507    47.230    11.936     8.543     0.003
     0.507    47.236    11.937     8.544     0.003
     0.507    47.241    11.939     8.544     0.003
     0.507    47.246    11.940     8.544     0.003
     0.507    47.251    11.941     8.544     0.003
     0.507    47.256    11.943     8.544     0.003
     0.507    47.262    11.944     8.544     0.003
     0.507    47.267    11.945     8.544     0.003
     0.507    47.272    11.947     8.544     0.003
     0.507    47.277    11.948     8.544     0.003
     0.507    47.282    11.949     8.544     0.003
     0.507    47.288    11.951     8.544     0.003
     0.507    47.293    11.952     8.544     0.003
     0.507    47.298    11.953     8.544     0.003
     0.507    47.303    11.954     8.545     0.003
     0.507    47.308    11.956     8.545     0.003
     0.507    47.314    11.957     8.545     0.003
     0.507    47.319    11.958     8.545     0.003
     0.506    47.324    11.960     8.545     0.003
     0.506    47.329    11.961     8.545     0.003
     0.506    47.334    11.962     8.545     0.003
     0.506    47.340    11.964     8.545     0.003
     0.506    47.345    11.965     8.545     0.003
     0.506    47.350    11.966     8.545     0.003
     0.506    47.355    11.968     8.545     0.003
     0.506    47.360    11.969     8.545     0.003
     0.506    47.366    11.970     8.546     0.003
     0.506    47.371    11.972     8.546     0.003
     0.506    47.376    11.973     8.546     0.003
     0.506    47.381    11.974     8.546     0.003
     0.506    47.386    11.976     8.546     0.003
     0.506    47.391    11.977     8.546     0.003
     0.506    47.397    11.978     8.546     0.003
     0.506    47.402    11.980     8.546     0.003
     0.506    47.407    11.981     8.546     0.003
     0.506    47.412    11.982     8.546     0.003
     0.505    47.417    11.984     8.546     0.003
     0.505    47.423    11.985     8.546     0.003
     0.505    47.428    11.986     8.546     0.003
     0.505    47.433    11.988     8.547     0.003
     0.505    47.438    11.989     8.547     0.003
     0.505    47.443    11.990     8.547     0.003
     0.505    47.449    11.991     8.547     0.003
     0.505    47.454    11.993     8.547     0.003
     0.505    47.459    11.994     8.547     0.003
     0.505    47.464    11.995     8.547     0.003
     0.505    47.469    11.997     8.547     0.003
     0.505    47.474    11.998     8.547     0.003
     0.505    47.480    11.999     8.547     0.003
     0.505    47.485    12.001     8.547     0.003
     0.505    47.490    12.002     8.547     0.003
     0.505    47.495    12.003     8.548     0.003
     0.505    47.500    12.005     8.548     0.003
     0.505    47.505    12.006     8.548     0.003
     0.504    47.511    12.007     8.548     0.003
     0.504    47.516    12.009     8.548     0.003
     0.504    47.521    12.010     8.548     0.003
     0.504    47.526    12.011     8.548     0.003
     0.504    47.531    12.013     8.548     0.003
     0.504    47.537    12.014     8.548     0.003
     0.504    47.542    12.015     8.548     0.003
     0.504    47.547    12.016     8.548     0.003
     0.504    47.552    12.018     8.548     0.003
     0.504    47.557    12.019     8.548     0.003
     0.504    47.562    12.020     8.549     0.003
     0.504    47.568    12.022     8.549     0.003
     0.504    47.573    12.023     8.549     0.003
     0.504    47.578    12.024     8.549     0.003
     0.504    47.583    12.026     8.549     0.003
     0.504    47.588    12.027     8.549     0.003
     0.504    47.593    12.028     8.549     0.003
     0.504    47.599    12.030     8.549     0.003
     0.503    47.604    12.031     8.549     0.003
     0.503    47.609    12.032     8.549     0.003
     0.503    47.614    12.034     8.549     0.003
     0.503    47.619    12.035     8.549     0.003
     0.503    47.624    12.036     8.550     0.003
     0.503    47.630    12.038     8.550     0.003
     0.503    47.635    12.039     8.550     0.003
     0.503    47.640    12.040     8.550     0.003
     0.503    47.645    12.041     8.550     0.003
     0.503    47.650    12.043     8.550     0.003
     0.503    47.655    12.044     8.550     0.003
     0.503    47.661    12.045     8.550     0.003
     0.503    47.666    12.047     8.550     0.003
     0.503    47.671    12.048     8.550     0.003
     0.503    47.676    12.049     8.550     0.003
     0.503    47.681    12.051     8.550     0.003
     0.503    47.686    12.052     8.550     0.003
     0.503    47.692    12.053     8.551     0.003
     0.502    47.697    12.055     8.551     0.003
     0.502    47.702    12.056     8.551     0.003
     0.502    47.707    12.057     8.551     0.003
     0.502    47.712    12.059     8.551     0.003
     0.502    47.717    12.060     8.551     0.003
     0.502    47.722    12.061     8.551     0.003
     0.502    47.728    12.062     8.551     0.003
     0.502    47.733    12.064     8.551     0.003
     0.502    47.738    12.065     8.551     0.003
     0.502    47.743    12.066     8.551     0.003
     0.502    47.748    12.068     8.551     0.003
     0.502    47.753    12.069     8.552     0.003
     0.502    47.759    12.070     8.552     0.003
     0.502    47.764    12.072     8.552     0.003
     0.502    47.769    12.073     8.552     0.003
     0.502    47.774    12.074     8.552     0.003
     0.502    47.779    12.076     8.552     0.003
     0.502    47.784    12.077     8.552     0.003
     0.502    47.789    12.078     8.552     0.003
     0.501    47.795    12.079     8.552     0.003
     0.501    47.800    12.081     8.552     0.003
     0.501    47.805    12.082     8.552     0.003
     0.501    47.810    12.083     8.552     0.003
     0.501    47.815    12.085     8.552     0.003
     0.501    47.820    12.086     8.553     0.003
     0.501    47.825    12.087     8.553     0.003
     0.501    47.831    12.089     8.553     0.003
     0.501    47.836    12.090     8.553     0.003
     0.501    47.841    12.091     8.553     0.003
     0.501    47.846    12.093     8.553     0.003
     0.501    47.851    12.094     8.553     0.003
     0.501    47.856    12.095     8.553     0.003
     0.501    47.861    12.096     8.553     0.003
     0.501    47.867    12.098     8.553     0.003
     0.501    47.872    12.099     8.553     0.003
     0.501    47.877    12.100     8.553     0.003
     0.501    47.882    12.102     8.554     0.003
     0.500    47.887    12.103     8.554     0.003
     0.500    47.892    12.104     8.554     0.003
     0.500    47.897    12.106     8.554     0.003
     0.500    47.903    12.107     8.554     0.003
     0.500    47.908    12.108     8.554     0.003
     0.500    47.913    12.110     8.554     0.003
     0.500    47.918    12.111     8.554     0.003
     0.500    47.923    12.112     8.554     0.003
     0.500    47.928    12.113     8.554     0.003
     0.500    47.933    12.115     8.554     0.003
     0.500    47.938    12.116     8.554     0.003
     0.500    47.944    12.117     8.554     0.003
     0.500    47.949    12.119     8.555     0.003
     0.500    47.954    12.120     8.555     0.003
     0.500    47.959    12.121     8.555     0.003
     0.500    47.964    12.123     8.555     0.003
     0.500    47.969    12.124     8.555     0.003
     0.500    47.974    12.125     8.555     0.003
     0.500    47.979    12.126     8.555     0.003
     0.499    47.985    12.128     8.555     0.003
     0.499    47.990    12.129     8.555     0.003
     0.499    47.995    12.130     8.555     0.003
     0.499    48.000    12.132     8.555     0.003
     0.499    48.005    12.133     8.555     0.003
     0.499    48.010    12.134     8.556     0.003
     0.499    48.015    12.136     8.556     0.003
     0.499    48.020    12.137     8.556     0.003
     0.499    48.026    12.138     8.556     0.003
     0.499    48.031    12.140     8.556     0.003
     0.499    48.036    12.141     8.556     0.003
     0.499    48.041    12.142     8.556     0.003
     0.499    48.046    12.143     8.556     0.003
     0.499    48.051    12.145     8.556     0.003
     0.499    48.056    12.146     8.556     0.003
     0.499    48.061    12.147     8.556     0.003
     0.499    48.067    12.149     8.556     0.003
     0.499    48.072    12.150     8.556     0.003
     0.499    48.077    12.151     8.557     0.003
     0.498    48.082    12.153     8.557     0.003
     0.498    48.087    12.154     8.557     0.003
     0.498    48.092    12.155     8.557     0.003
     0.498    48.097    12.156     8.557     0.003
     0.498    48.102    12.158     8.557     0.003
     0.498    48.107    12.159     8.557     0.003
     0.498    48.113    12.160     8.557     0.003
     0.498    48.118    12.162     8.557     0.003
     0.498    48.123    12.163     8.557     0.003
     0.498    48.128    12.164     8.557     0.003
     0.498    48.133    12.166     8.557     0.003
     0.498    48.138    12.167     8.558     0.003
     0.498    48.143    12.168     8.558     0.003
     0.498    48.148    12.169     8.558     0.003
     0.498    48.153    12.171     8.558     0.003
     0.498    48.159    12.172     8.558     0.003
     0.498    48.164    12.173     8.558     0.003
     0.498    48.169    12.175     8.558     0.003
     0.498    48.174    12.176     8.558     0.003
     0.497    48.179    12.177     8.558     0.003
     0.497    48.184    12.179     8.558     0.003
     0.497    48.189    12.180     8.558     0.003
     0.497    48.194    12.181     8.558     0.003
     0.497    48.199    12.182     8.558     0.003
     0.497    48.205    12.184     8.559     0.003
     0.497    48.210    12.185     8.559     0.003
     0.497    48.215    12.186     8.559     0.003
     0.497    48.220    12.188     8.559     0.003
     0.497    48.225    12.189     8.559     0.003
     0.497    48.230    12.190     8.559     0.003
     0.497    48.235    12.192     8.559     0.003
     0.497    48.240    12.193     8.559     0.003
     0.497    48.245    12.194     8.559     0.003
     0.497    48.250    12.195     8.559     0.003
     0.497    48.256    12.197     8.559     0.003
     0.497    48.261    12.198     8.559     0.003
     0.497    48.266    12.199     8.560     0.003
     0.497    48.271    12.201     8.560     0.003
     0.496    48.276    12.202     8.560     0.003
     0.496    48.281    12.203     8.560     0.003
     0.496    48.286    12.204     8.560     0.003
     0.496    48.291    12.206     8.560     0.003
     0.496    48.296    12.207     8.560     0.003
     0.496    48.301    12.208     8.560     0.003
     0.496    48.306    12.210     8.560     0.003
     0.496    48.312    12.211     8.560     0.003
     0.496    48.317    12.212     8.560     0.003
     0.496    48.322    12.214     8.560     0.003
     0.496    48.327    12.215     8.560     0.003
     0.496    48.332    12.216     8.561     0.003
     0.496    48.337    12.217     8.561     0.003
     0.496    48.342    12.219     8.561     0.003
     0.496    48.347    12.220     8.561     0.003
     0.496    48.352    12.221     8.561     0.003
     0.496    48.357    12.223     8.561     0.003
     0.496    48.362    12.224     8.561     0.003
     0.496    48.368    12.225     8.561     0.003
     0.495    48.373    12.226     8.561     0.003
     0.495    48.378    12.228     8.561     0.003
     0.495    48.383    12.229     8.561     0.003
     0.495    48.388    12.230     8.561     0.003
     0.495    48.393    12.232     8.562     0.003
     0.495    48.398    12.233     8.562     0.003
     0.495    48.403    12.234     8.562     0.003
     0.495    48.408    12.236     8.562     0.003
     0.495    48.413    12.237     8.562     0.003
     0.495    48.418    12.238     8.562     0.003
     0.495    48.423    12.239     8.562     0.003
     0.495    48.429    12.241     8.562     0.003
     0.495    48.434    12.242     8.562     0.003
     0.495    48.439    12.243     8.562     0.003
     0.495    48.444    12.245     8.562     0.003
     0.495    48.449    12.246     8.562     0.003
     0.495    48.454    12.247     8.562     0.003
     0.495    48.459    12.248     8.563     0.003
     0.495    48.464    12.250     8.563     0.003
     0.494    48.469    12.251     8.563     0.003
     0.494    48.474    12.252     8.563     0.003
     0.494    48.479    12.254     8.563     0.003
     0.494    48.484    12.255     8.563     0.003
     0.494    48.489    12.256     8.563     0.003
     0.494    48.495    12.257     8.563     0.003
     0.494    48.500    12.259     8.563     0.003
     0.494    48.505    12.260     8.563     0.003
     0.494    48.510    12.261     8.563     0.003
     0.494    48.515    12.263     8.563     0.003
     0.494    48.520    12.264     8.564     0.003
     0.494    48.525    12.265     8.564     0.003
     0.494    48.530    12.266     8.564     0.003
     0.494    48.535    12.268     8.564     0.003
     0.494    48.540    12.269     8.564     0.003
     0.494    48.545    12.270     8.564     0.003
     0.494    48.550    12.272     8.564     0.003
     0.494    48.555    12.273     8.564     0.003
     0.494    48.560    12.274     8.564     0.003
     0.493    48.566    12.276     8.564     0.003
     0.493    48.571    12.277     8.564     0.003
     0.493    48.576    12.278     8.564     0.003
     0.493    48.581    12.279     8.564     0.003
     0.493    48.586    12.281     8.565     0.003
     0.493    48.591    12.282     8.565     0.003
     0.493    48.596    12.283     8.565     0.003
     0.493    48.601    12.285     8.565     0.003
     0.493    48.606    12.286     8.565     0.003
     0.493    48.611    12.287     8.565     0.003
     0.493    48.616    12.288     8.565     0.003
     0.493    48.621    12.290     8.565     0.003
     0.493    48.626    12.291     8.565     0.003
     0.493    48.631    12.292     8.565     0.003
     0.493    48.636    12.294     8.565     0.003
     0.493    48.641    12.295     8.565     0.003
     0.493    48.647    12.296     8.566     0.003
     0.493    48.652    12.297     8.566     0.003
     0.493    48.657    12.299     8.566     0.003
     0.493    48.662    12.300     8.566     0.003
     0.492    48.667    12.301     8.566     0.003
     0.492    48.672    12.303     8.566     0.003
     0.492    48.677    12.304     8.566     0.003
     0.492    48.682    12.305     8.566     0.003
     0.492    48.687    12.306     8.566     0.003
     0.492    48.692    12.308     8.566     0.003
     0.492    48.697    12.309     8.566     0.003
     0.492    48.702    12.310     8.566     0.003
     0.492    48.707    12.312     8.566     0.003
     0.492    48.712    12.313     8.567     0.003
     0.492    48.717    12.314     8.567     0.003
     0.492    48.722    12.315     8.567     0.003
     0.492    48.727    12.317     8.567     0.003
     0.492    48.732    12.318     8.567     0.003
     0.492    48.737    12.319     8.567     0.003
     0.492    48.743    12.321     8.567     0.003
     0.492    48.748    12.322     8.567     0.003
     0.492    48.753    12.323     8.567     0.003
     0.492    48.758    12.324     8.567     0.003
     0.492    48.763    12.326     8.567     0.003
     0.491    48.768    12.327     8.567     0.003
     0.491    48.773    12.328     8.568     0.003
     0.491    48.778    12.329     8.568     0.003
     0.491    48.783    12.331     8.568     0.003
     0.491    48.788    12.332     8.568     0.003
     0.491    48.793    12.333     8.568     0.003
     0.491    48.798    12.335     8.568     0.003
     0.491    48.803    12.336     8.568     0.003
     0.491    48.808    12.337     8.568     0.003
     0.491    48.813    12.338     8.568     0.003
     0.491    48.818    12.340     8.568     0.003
     0.491    48.823    12.341     8.568     0.003
     0.491    48.828    12.342     8.568     0.003
     0.491    48.833    12.344     8.568     0.003
     0.491    48.838    12.345     8.569     0.003
     0.491    48.843    12.346     8.569     0.003
     0.491    48.848    12.347     8.569     0.003
     0.491    48.853    12.349     8.569     0.003
     0.491    48.858    12.350     8.569     0.003
     0.490    48.864    12.351     8.569     0.003
     0.490    48.869    12.353     8.569     0.003
     0.490    48.874    12.354     8.569     0.003
     0.490    48.879    12.355     8.569     0.003
     0.490    48.884    12.356     8.569     0.003
     0.490    48.889    12.358     8.569     0.003
     0.490    48.894    12.359     8.569     0.003
     0.490    48.899    12.360     8.570     0.003
     0.490    48.904    12.362     8.570     0.003
     0.490    48.909    12.363     8.570     0.003
     0.490    48.914    12.364     8.570     0.003
     0.490    48.919    12.365     8.570     0.003
     0.490    48.924    12.367     8.570     0.003
     0.490    48.929    12.368     8.570     0.003
     0.490    48.934    12.369     8.570     0.003
     0.490    48.939    12.370     8.570     0.003
     0.490    48.944    12.372     8.570     0.003
     0.490    48.949    12.373     8.570     0.003
     0.490    48.954    12.374     8.570     0.003
     0.490    48.959    12.376     8.570     0.003
     0.489    48.964    12.377     8.571     0.003
     0.489    48.969    12.378     8.571     0.003
     0.489    48.974    12.379     8.571     0.003
     0.489    48.979    12.381     8.571     0.003
     0.489    48.984    12.382     8.571     0.003
     0.489    48.989    12.383     8.571     0.003
     0.489    48.994    12.385     8.571     0.003
     0.489    48.999    12.386     8.571     0.003
     0.489    49.004    12.387     8.571     0.003
     0.489    49.009    12.388     8.571     0.003
     0.489    49.014    12.390     8.571     0.003
     0.489    49.019    12.391     8.571     0.003
     0.489    49.024    12.392     8.572     0.003
     0.489    49.029    12.393     8.572     0.003
     0.489    49.034    12.395     8.572     0.003
     0.489    49.039    12.396     8.572     0.003
     0.489    49.044    12.397     8.572     0.003
     0.489    49.049    12.399     8.572     0.003
     0.489    49.055    12.400     8.572     0.003
     0.489    49.060    12.401     8.572     0.003
     0.488    49.065    12.402     8.572     0.003
     0.488    49.070    12.404     8.572     0.003
     0.488    49.075    12.405     8.572     0.003
     0.488    49.080    12.406     8.572     0.003
     0.488    49.085    12.407     8.572     0.003
     0.488    49.090    12.409     8.573     0.003
     0.488    49.095    12.410     8.573     0.003
     0.488    49.100    12.411     8.573     0.003
     0.488    49.105    12.413     8.573     0.003
     0.488    49.110    12.414     8.573     0.003
     0.488    49.115    12.415     8.573     0.003
     0.488    49.120    12.416     8.573     0.003
     0.488    49.125    12.418     8.573     0.003
     0.488    49.130    12.419     8.573     0.003
     0.488    49.135    12.420     8.573     0.003
     0.488    49.140    12.421     8.573     0.003
     0.488    49.145    12.423     8.573     0.003
     0.488    49.150    12.424     8.574     0.003
     0.488    49.155    12.425     8.574     0.003
     0.488    49.160    12.427     8.574     0.003
     0.487    49.165    12.428     8.574     0.003
     0.487    49.170    12.429     8.574     0.003
     0.487    49.175    12.430     8.574     0.003
     0.487    49.180    12.432     8.574     0.003
     0.487    49.185    12.433     8.574     0.003
     0.487    49.190    12.434     8.574     0.003
     0.487    49.195    12.435     8.574     0.003
     0.487    49.200    12.437     8.574     0.003
     0.487    49.205    12.438     8.574     0.003
     0.487    49.210    12.439     8.574     0.003
     0.487    49.215    12.441     8.575     0.003
     0.487    49.220    12.442     8.575     0.003
     0.487    49.225    12.443     8.575     0.003
     0.487    49.230    12.444     8.575     0.003
     0.487    49.235    12.446     8.575     0.003
     0.487    49.240    12.447     8.575     0.003
     0.487    49.245    12.448     8.575     0.003
     0.487    49.250    12.449     8.575     0.003
     0.487    49.255    12.451     8.575     0.003
     0.487    49.260    12.452     8.575     0.003
     0.486    49.265    12.453     8.575     0.003
     0.486    49.270    12.455     8.575     0.003
     0.486    49.275    12.456     8.576     0.003
     0.486    49.280    12.457     8.576     0.003
     0.486    49.285    12.458     8.576     0.003
     0.486    49.290    12.460     8.576     0.003
     0.486    49.295    12.461     8.576     0.003
     0.486    49.300    12.462     8.576     0.003
     0.486    49.305    12.463     8.576     0.003
     0.486    49.310    12.465     8.576     0.003
     0.486    49.315    12.466     8.576     0.003
     0.486    49.320    12.467     8.576     0.003
     0.486    49.325    12.468     8.576     0.003
     0.486    49.330    12.470     8.576     0.003
     0.486    49.335    12.471     8.576     0.003
     0.486    49.340    12.472     8.577     0.003
     0.486    49.345    12.474     8.577     0.003
     0.486    49.350    12.475     8.577     0.003
     0.486    49.355    12.476     8.577     0.003
     0.486    49.360    12.477     8.577     0.003
     0.486    49.365    12.479     8.577     0.003
     0.485    49.370    12.480     8.577     0.003
     0.485    49.374    12.481     8.577     0.003
     0.485    49.379    12.482     8.577     0.003
     0.485    49.384    12.484     8.577     0.003
     0.485    49.389    12.485     8.577     0.003
     0.485    49.394    12.486     8.577     0.003
     0.485    49.399    12.487     8.578     0.003
     0.485    49.404    12.489     8.578     0.003
     0.485    49.409    12.490     8.578     0.003
     0.485    49.414    12.491     8.578     0.003
     0.485    49.419    12.493     8.578     0.003
     0.485    49.424    12.494     8.578     0.003
     0.485    49.429    12.495     8.578     0.003
     0.485    49.434    12.496     8.578     0.003
     0.485    49.439    12.498     8.578     0.003
     0.485    49.444    12.499     8.578     0.003
     0.485    49.449    12.500     8.578     0.003
     0.485    49.454    12.501     8.578     0.003
     0.485    49.459    12.503     8.578     0.003
     0.485    49.464    12.504     8.579     0.003
     0.484    49.469    12.505     8.579     0.003
     0.484    49.474    12.506     8.579     0.003
     0.484    49.479    12.508     8.579     0.003
     0.484    49.484    12.509     8.579     0.003
     0.484    49.489    12.510     8.579     0.003
     0.484    49.494    12.512     8.579     0.003
     0.484    49.499    12.513     8.579     0.003
     0.484    49.504    12.514     8.579     0.003
     0.484    49.509    12.515     8.579     0.003
     0.484    49.514    12.517     8.579     0.003
     0.484    49.519    12.518     8.579     0.003
     0.484    49.524    12.519     8.580     0.003
     0.484    49.529    12.520     8.580     0.003
     0.484    49.534    12.522     8.580     0.003
     0.484    49.539    12.523     8.580     0.003
     0.484    49.544    12.524     8.580     0.003
     0.484    49.549    12.525     8.580     0.003
     0.484    49.554    12.527     8.580     0.003
     0.484    49.559    12.528     8.580     0.003
     0.484    49.564    12.529     8.580     0.003
     0.484    49.568    12.530     8.580     0.003
     0.483    49.573    12.532     8.580     0.003
     0.483    49.578    12.533     8.580     0.003
     0.483    49.583    12.534     8.580     0.003
     0.483    49.588    12.535     8.581     0.003
     0.483    49.593    12.537     8.581     0.003
     0.483    49.598    12.538     8.581     0.003
     0.483    49.603    12.539     8.581     0.003
     0.483    49.608    12.541     8.581     0.003
     0.483    49.613    12.542     8.581     0.003
     0.483    49.618    12.543     8.581     0.003
     0.483    49.623    12.544     8.581     0.003
     0.483    49.628    12.546     8.581     0.003
     0.483    49.633    12.547     8.581     0.003
     0.483    49.638    12.548     8.581     0.003
     0.483    49.643    12.549     8.581     0.003
     0.483    49.648    12.551     8.582     0.003
     0.483    49.653    12.552     8.582     0.003
     0.483    49.658    12.553     8.582     0.003
     0.483    49.663    12.554     8.582     0.003
     0.483    49.668    12.556     8.582     0.003
     0.482    49.673    12.557     8.582     0.003
     0.482    49.678    12.558     8.582     0.003
     0.482    49.683    12.559     8.582     0.003
     0.482    49.688    12.561     8.582     0.003
     0.482    49.692    12.562     8.582     0.003
     0.482    49.697    12.563     8.582     0.003
     0.482    49.702    12.564     8.582     0.003
     0.482    49.707    12.566     8.582     0.003
     0.482    49.712    12.567     8.583     0.003
     0.482    49.717    12.568     8.583     0.003
     0.482    49.722    12.570     8.583     0.003
     0.482    49.727    12.571     8.583     0.003
     0.482    49.732    12.572     8.583     0.003
     0.482    49.737    12.573     8.583     0.003
     0.482    49.742    12.575     8.583     0.003
     0.482    49.747    12.576     8.583     0.003
     0.482    49.752    12.577     8.583     0.003
     0.482    49.757    12.578     8.583     0.003
     0.482    49.762    12.580     8.583     0.003
     0.482    49.767    12.581     8.583     0.003
     0.482    49.772    12.582     8.584     0.003
     0.481    49.777    12.583     8.584     0.003
     0.481    49.782    12.585     8.584     0.003
     0.481    49.786    12.586     8.584     0.003
     0.481    49.791    12.587     8.584     0.003
     0.481    49.796    12.588     8.584     0.003
     0.481    49.801    12.590     8.584     0.003
     0.481    49.806    12.591     8.584     0.003
     0.481    49.811    12.592     8.584     0.003
     0.481    49.816    12.593     8.584     0.003
     0.481    49.821    12.595     8.584     0.003
     0.481    49.826    12.596     8.584     0.003
     0.481    49.831    12.597     8.584     0.003
     0.481    49.836    12.598     8.585     0.003
     0.481    49.841    12.600     8.585     0.003
     0.481    49.846    12.601     8.585     0.003
     0.481    49.851    12.602     8.585     0.003
     0.481    49.856    12.603     8.585     0.003
     0.481    49.861    12.605     8.585     0.003
     0.481    49.865    12.606     8.585     0.003
     0.481    49.870    12.607     8.585     0.003
     0.481    49.875    12.608     8.585     0.003
     0.480    49.880    12.610     8.585     0.003
     0.480    49.885    12.611     8.585     0.003
     0.480    49.890    12.612     8.585     0.003
     0.480    49.895    12.613     8.586     0.003
     0.480    49.900    12.615     8.586     0.003
     0.480    49.905    12.616     8.586     0.003
     0.480    49.910    12.617     8.586     0.003
     0.480    49.915    12.618     8.586     0.003
     0.480    49.920    12.620     8.586     0.003
     0.480    49.925    12.621     8.586     0.003
     0.480    49.930    12.622     8.586     0.003
     0.480    49.935    12.623     8.586     0.003
     0.480    49.939    12.625     8.586     0.003
     0.480    49.944    12.626     8.586     0.003
     0.480    49.949    12.627     8.586     0.003
     0.480    49.954    12.628     8.586     0.003
     0.480    49.959    12.630     8.587     0.003
     0.480    49.964    12.631     8.587     0.003
     0.480    49.969    12.632     8.587     0.003
     0.480    49.974    12.633     8.587     0.003
     0.480    49.979    12.635     8.587     0.003
     0.479    49.984    12.636     8.587     0.003
     0.479    49.989    12.637     8.587     0.003
     0.479    49.994    12.638     8.587     0.003
     0.479    49.999    12.640     8.587     0.003
     0.479    50.003    12.641     8.587     0.003
     0.479    50.008    12.642     8.587     0.003
     0.479    50.013    12.643     8.587     0.003
     0.479    50.018    12.645     8.588     0.003
     0.479    50.023    12.646     8.588     0.003
     0.479    50.028    12.647     8.588     0.003
     0.479    50.033    12.648     8.588     0.003
     0.479    50.038    12.650     8.588     0.003
     0.479    50.043    12.651     8.588     0.003
     0.479    50.048    12.652     8.588     0.003
     0.479    50.053    12.653     8.588     0.003
     0.479    50.058    12.655     8.588     0.003
     0.479    50.063    12.656     8.588     0.003
     0.479    50.067    12.657     8.588     0.003
     0.479    50.072    12.658     8.588     0.003
     0.479    50.077    12.660     8.588     0.003
     0.479    50.082    12.661     8.589     0.003
     0.479    50.087    12.662     8.589     0.003
     0.478    50.092    12.663     8.589     0.003
     0.478    50.097    12.665     8.589     0.003
     0.478    50.102    12.666     8.589     0.003
     0.478    50.107    12.667     8.589     0.003
     0.478    50.112    12.668     8.589     0.003
     0.478    50.117    12.670     8.589     0.003
     0.478    50.121    12.671     8.589     0.003
     0.478    50.126    12.672     8.589     0.003
     0.478    50.131    12.673     8.589     0.003
     0.478    50.136    12.675     8.589     0.003
     0.478    50.141    12.676     8.590     0.003
     0.478    50.146    12.677     8.590     0.003
     0.478    50.151    12.678     8.590     0.003
     0.478    50.156    12.680     8.590     0.003
     0.478    50.161    12.681     8.590     0.003
     0.478    50.166    12.682     8.590     0.003
     0.478    50.171    12.683     8.590     0.003
     0.478    50.175    12.685     8.590     0.003
     0.478    50.180    12.686     8.590     0.003
     0.478    50.185    12.687     8.590     0.003
     0.478    50.190    12.688     8.590     0.003
     0.477    50.195    12.690     8.590     0.003
     0.477    50.200    12.691     8.590     0.003
     0.477    50.205    12.692     8.591     0.003
     0.477    50.210    12.693     8.591     0.003
     0.477    50.215    12.695     8.591     0.003
     0.477    50.220    12.696     8.591     0.003
     0.477    50.225    12.697     8.591     0.003
     0.477    50.229    12.698     8.591     0.003
     0.477    50.234    12.700     8.591     0.003
     0.477    50.239    12.701     8.591     0.003
     0.477    50.244    12.702     8.591     0.003
     0.477    50.249    12.703     8.591     0.003
     0.477    50.254    12.705     8.591     0.003
     0.477    50.259    12.706     8.591     0.003
     0.477    50.264    12.707     8.592     0.003
     0.477    50.269    12.708     8.592     0.003
     0.477    50.273    12.710     8.592     0.003
     0.477    50.278    12.711     8.592     0.003
     0.477    50.283    12.712     8.592     0.003
     0.477    50.288    12.713     8.592     0.003
     0.477    50.293    12.715     8.592     0.003
     0.477    50.298    12.716     8.592     0.003
     0.476    50.303    12.717     8.592     0.003
     0.476    50.308    12.718     8.592     0.003
     0.476    50.313    12.720     8.592     0.003
     0.476    50.318    12.721     8.592     0.003
     0.476    50.322    12.722     8.592     0.003
     0.476    50.327    12.723     8.593     0.003
     0.476    50.332    12.725     8.593     0.003
     0.476    50.337    12.726     8.593     0.003
     0.476    50.342    12.727     8.593     0.003
     0.476    50.347    12.728     8.593     0.003
     0.476    50.352    12.729     8.593     0.003
     0.476    50.357    12.731     8.593     0.003
     0.476    50.362    12.732     8.593     0.003
     0.476    50.366    12.733     8.593     0.003
     0.476    50.371    12.734     8.593     0.003
     0.476    50.376    12.736     8.593     0.003
     0.476    50.381    12.737     8.593     0.003
     0.476    50.386    12.738     8.594     0.003
     0.476    50.391    12.739     8.594     0.003
     0.476    50.396    12.741     8.594     0.003
     0.476    50.401    12.742     8.594     0.003
     0.475    50.406    12.743     8.594     0.003
     0.475    50.410    12.744     8.594     0.003
     0.475    50.415    12.746     8.594     0.003
     0.475    50.420    12.747     8.594     0.003
     0.475    50.425    12.748     8.594     0.003
     0.475    50.430    12.749     8.594     0.003
     0.475    50.435    12.751     8.594     0.003
     0.475    50.440    12.752     8.594     0.003
     0.475    50.445    12.753     8.594     0.003
     0.475    50.449    12.754     8.595     0.003
     0.475    50.454    12.756     8.595     0.003
     0.475    50.459    12.757     8.595     0.003
     0.475    50.464    12.758     8.595     0.003
     0.475    50.469    12.759     8.595     0.003
     0.475    50.474    12.760     8.595     0.003
     0.475    50.479    12.762     8.595     0.003
     0.475    50.484    12.763     8.595     0.003
     0.475    50.488    12.764     8.595     0.003
     0.475    50.493    12.765     8.595     0.003
     0.475    50.498    12.767     8.595     0.003
     0.475    50.503    12.768     8.595     0.003
     0.475    50.508    12.769     8.596     0.003
     0.474    50.513    12.770     8.596     0.003
     0.474    50.518    12.772     8.596     0.003
     0.474    50.523    12.773     8.596     0.003
     0.474    50.527    12.774     8.596     0.003
     0.474    50.532    12.775     8.596     0.003
     0.474    50.537    12.777     8.596     0.003
     0.474    50.542    12.778     8.596     0.003
     0.474    50.547    12.779     8.596     0.003
     0.474    50.552    12.780     8.596     0.003
     0.474    50.557    12.782     8.596     0.003
     0.474    50.562    12.783     8.596     0.003
     0.474    50.566    12.784     8.596     0.003
     0.474    50.571    12.785     8.597     0.003
     0.474    50.576    12.786     8.597     0.003
     0.474    50.581    12.788     8.597     0.003
     0.474    50.586    12.789     8.597     0.003
     0.474    50.591    12.790     8.597     0.003
     0.474    50.596    12.791     8.597     0.003
     0.474    50.600    12.793     8.597     0.003
     0.474    50.605    12.794     8.597     0.003
     0.474    50.610    12.795     8.597     0.003
     0.474    50.615    12.796     8.597     0.003
     0.473    50.620    12.798     8.597     0.003
     0.473    50.625    12.799     8.597     0.003
     0.473    50.630    12.800     8.598     0.003
     0.473    50.635    12.801     8.598     0.003
     0.473    50.639    12.803     8.598     0.003
     0.473    50.644    12.804     8.598     0.003
     0.473    50.649    12.805     8.598     0.003
     0.473    50.654    12.806     8.598     0.003
     0.473    50.659    12.807     8.598     0.003
     0.473    50.664    12.809     8.598     0.003
     0.473    50.669    12.810     8.598     0.003
     0.473    50.673    12.811     8.598     0.003
     0.473    50.678    12.812     8.598     0.003
     0.473    50.683    12.814     8.598     0.003
     0.473    50.688    12.815     8.598     0.003
     0.473    50.693    12.816     8.599     0.003
     0.473    50.698    12.817     8.599     0.003
     0.473    50.703    12.819     8.599     0.003
     0.473    50.707    12.820     8.599     0.003
     0.473    50.712    12.821     8.599     0.003
     0.473    50.717    12.822     8.599     0.003
     0.473    50.722    12.824     8.599     0.003
     0.472    50.727    12.825     8.599     0.003
     0.472    50.732    12.826     8.599     0.003
     0.472    50.736    12.827     8.599     0.003
     0.472    50.741    12.828     8.599     0.003
     0.472    50.746    12.830     8.599     0.003
     0.472    50.751    12.831     8.600     0.003
     0.472    50.756    12.832     8.600     0.003
     0.472    50.761    12.833     8.600     0.003
     0.472    50.766    12.835     8.600     0.003
     0.472    50.770    12.836     8.600     0.003
     0.472    50.775    12.837     8.600     0.003
     0.472    50.780    12.838     8.600     0.003
     0.472    50.785    12.840     8.600     0.003
     0.472    50.790    12.841     8.600     0.003
     0.472    50.795    12.842     8.600     0.003
     0.472    50.800    12.843     8.600     0.003
     0.472    50.804    12.844     8.600     0.003
     0.472    50.809    12.846     8.600     0.003
     0.472    50.814    12.847     8.601     0.003
     0.472    50.819    12.848     8.601     0.003
     0.472    50.824    12.849     8.601     0.003
     0.472    50.829    12.851     8.601     0.003
     0.471    50.833    12.852     8.601     0.003
     0.471    50.838    12.853     8.601     0.003
     0.471    50.843    12.854     8.601     0.003
     0.471    50.848    12.856     8.601     0.003
     0.471    50.853    12.857     8.601     0.003
     0.471    50.858    12.858     8.601     0.003
     0.471    50.862    12.859     8.601     0.003
     0.471    50.867    12.860     8.601     0.003
     0.471    50.872    12.862     8.602     0.003
     0.471    50.877    12.863     8.602     0.003
     0.471    50.882    12.864     8.602     0.003
     0.471    50.887    12.865     8.602     0.003
     0.471    50.892    12.867     8.602     0.003
     0.471    50.896    12.868     8.602     0.003
     0.471    50.901    12.869     8.602     0.003
     0.471    50.906    12.870     8.602     0.003
     0.471    50.911    12.872     8.602     0.003
     0.471    50.916    12.873     8.602     0.003
     0.471    50.921    12.874     8.602     0.003
     0.471    50.925    12.875     8.602     0.003
     0.471    50.930    12.876     8.602     0.003
     0.471    50.935    12.878     8.603     0.003
     0.470    50.940    12.879     8.603     0.003
     0.470    50.945    12.880     8.603     0.003
     0.470    50.950    12.881     8.603     0.003
     0.470    50.954    12.883     8.603     0.003
     0.470    50.959    12.884     8.603     0.003
     0.470    50.964    12.885     8.603     0.003
     0.470    50.969    12.886     8.603     0.003
     0.470    50.974    12.887     8.603     0.003
     0.470    50.979    12.889     8.603     0.003
     0.470    50.983    12.890     8.603     0.003
     0.470    50.988    12.891     8.603     0.003
     0.470    50.993    12.892     8.604     0.003
     0.470    50.998    12.894     8.604     0.003
     0.470    51.003    12.895     8.604     0.003
     0.470    51.007    12.896     8.604     0.003
     0.470    51.012    12.897     8.604     0.003
     0.470    51.017    12.899     8.604     0.003
     0.470    51.022    12.900     8.604     0.003
     0.470    51.027    12.901     8.604     0.003
     0.470    51.032    12.902     8.604     0.003
     0.470    51.036    12.903     8.604     0.003
     0.470    51.041    12.905     8.604     0.003
     0.470    51.046    12.906     8.604     0.003
     0.469    51.051    12.907     8.604     0.003
     0.469    51.056    12.908     8.605     0.003
     0.469    51.061    12.910     8.605     0.003
     0.469    51.065    12.911     8.605     0.003
     0.469    51.070    12.912     8.605     0.003
     0.469    51.075    12.913     8.605     0.003
     0.469    51.080    12.914     8.605     0.003
     0.469    51.085    12.916     8.605     0.003
     0.469    51.089    12.917     8.605     0.003
     0.469    51.094    12.918     8.605     0.003
     0.469    51.099    12.919     8.605     0.003
     0.469    51.104    12.921     8.605     0.003
     0.469    51.109    12.922     8.605     0.003
     0.469    51.114    12.923     8.606     0.003
     0.469    51.118    12.924     8.606     0.003
     0.469    51.123    12.925     8.606     0.003
     0.469    51.128    12.927     8.606     0.003
     0.469    51.133    12.928     8.606     0.003
     0.469    51.138    12.929     8.606     0.003
     0.469    51.142    12.930     8.606     0.003
     0.469    51.147    12.932     8.606     0.003
     0.469    51.152    12.933     8.606     0.003
     0.468    51.157    12.934     8.606     0.003
     0.468    51.162    12.935     8.606     0.003
     0.468    51.166    12.936     8.606     0.003
     0.468    51.171    12.938     8.606     0.003
     0.468    51.176    12.939     8.607     0.003
     0.468    51.181    12.940     8.607     0.003
     0.468    51.186    12.941     8.607     0.003
     0.468    51.191    12.943     8.607     0.003
     0.468    51.195    12.944     8.607     0.003
     0.468    51.200    12.945     8.607     0.003
     0.468    51.205    12.946     8.607     0.003
     0.468    51.210    12.947     8.607     0.003
     0.468    51.215    12.949     8.607     0.003
     0.468    51.219    12.950     8.607     0.003
     0.468    51.224    12.951     8.607     0.003
     0.468    51.229    12.952     8.607     0.003
     0.468    51.234    12.954     8.608     0.003
     0.468    51.239    12.955     8.608     0.003
     0.468    51.243    12.956     8.608     0.003
     0.468    51.248    12.957     8.608     0.003
     0.468    51.253    12.958     8.608     0.003
     0.468    51.258    12.960     8.608     0.003
     0.468    51.263    12.961     8.608     0.003
     0.467    51.267    12.962     8.608     0.003
     0.467    51.272    12.963     8.608     0.003
     0.467    51.277    12.965     8.608     0.003
     0.467    51.282    12.966     8.608     0.003
     0.467    51.287    12.967     8.608     0.003
     0.467    51.291    12.968     8.608     0.003
     0.467    51.296    12.969     8.609     0.003
     0.467    51.301    12.971     8.609     0.003
     0.467    51.306    12.972     8.609     0.003
     0.467    51.311    12.973     8.609     0.003
     0.467    51.315    12.974     8.609     0.003
     0.467    51.320    12.976     8.609     0.003
     0.467    51.325    12.977     8.609     0.003
     0.467    51.330    12.978     8.609     0.003
     0.467    51.335    12.979     8.609     0.003
     0.467    51.339    12.980     8.609     0.003
     0.467    51.344    12.982     8.609     0.003
     0.467    51.349    12.983     8.609     0.003
     0.467    51.354    12.984     8.610     0.003
     0.467    51.359    12.985     8.610     0.003
     0.467    51.363    12.986     8.610     0.003
     0.467    51.368    12.988     8.610     0.003
     0.467    51.373    12.989     8.610     0.003
     0.466    51.378    12.990     8.610     0.003
     0.466    51.383    12.991     8.610     0.003
     0.466    51.387    12.993     8.610     0.003
     0.466    51.392    12.994     8.610     0.003
     0.466    51.397    12.995     8.610     0.003
     0.466    51.402    12.996     8.610     0.003
     0.466    51.406    12.997     8.610     0.003
     0.466    51.411    12.999     8.610     0.003
     0.466    51.416    13.000     8.611     0.003
     0.466    51.421    13.001     8.611     0.003
     0.466    51.426    13.002     8.611     0.003
     0.466    51.430    13.003     8.611     0.003
     0.466    51.435    13.005     8.611     0.003
     0.466    51.440    13.006     8.611     0.003
     0.466    51.445    13.007     8.611     0.003
     0.466    51.450    13.008     8.611     0.003
     0.466    51.454    13.010     8.611     0.003
     0.466    51.459    13.011     8.611     0.003
     0.466    51.464    13.012     8.611     0.003
     0.466    51.469    13.013     8.611     0.003
     0.466    51.474    13.014     8.612     0.003
     0.466    51.478    13.016     8.612     0.003
     0.466    51.483    13.017     8.612     0.003
     0.465    51.488    13.018     8.612     0.003
     0.465    51.493    13.019     8.612     0.003
     0.465    51.497    13.021     8.612     0.003
     0.465    51.502    13.022     8.612     0.003
     0.465    51.507    13.023     8.612     0.003
     0.465    51.512    13.024     8.612     0.003
     0.465    51.517    13.025     8.612     0.003
     0.465    51.521    13.027     8.612     0.003
     0.465    51.526    13.028     8.612     0.003
     0.465    51.531    13.029     8.612     0.003
     0.465    51.536    13.030     8.613     0.003
     0.465    51.540    13.031     8.613     0.003
     0.465    51.545    13.033     8.613     0.003
     0.465    51.550    13.034     8.613     0.003
     0.465    51.555    13.035     8.613     0.003
     0.465    51.560    13.036     8.613     0.003
     0.465    51.564    13.037     8.613     0.003
     0.465    51.569    13.039     8.613     0.003
     0.465    51.574    13.040     8.613     0.003
     0.465    51.579    13.041     8.613     0.003
     0.465    51.583    13.042     8.613     0.003
     0.465    51.588    13.044     8.613     0.003
     0.465    51.593    13.045     8.614     0.003
     0.464    51.598    13.046     8.614     0.003
     0.464    51.602    13.047     8.614     0.003
     0.464    51.607    13.048     8.614     0.003
     0.464    51.612    13.050     8.614     0.003
     0.464    51.617    13.051     8.614     0.003
     0.464    51.622    13.052     8.614     0.003
     0.464    51.626    13.053     8.614     0.003
     0.464    51.631    13.054     8.614     0.003
     0.464    51.636    13.056     8.614     0.003
     0.464    51.641    13.057     8.614     0.003
     0.464    51.645    13.058     8.614     0.003
     0.464    51.650    13.059     8.614     0.003
     0.464    51.655    13.061     8.615     0.003
     0.464    51.660    13.062     8.615     0.003
     0.464    51.664    13.063     8.615     0.003
     0.464    51.669    13.064     8.615     0.003
     0.464    51.674    13.065     8.615     0.003
     0.464    51.679    13.067     8.615     0.003
     0.464    51.684    13.068     8.615     0.003
     0.464    51.688    13.069     8.615     0.003
     0.464    51.693    13.070     8.615     0.003
     0.464    51.698    13.071     8.615     0.003
     0.464    51.703    13.073     8.615     0.003
     0.464    51.707    13.074     8.615     0.003
     0.463    51.712    13.075     8.616     0.003
     0.463    51.717    13.076     8.616     0.003
     0.463    51.722    13.077     8.616     0.003
     0.463    51.726    13.079     8.616     0.003
     0.463    51.731    13.080     8.616     0.003
     0.463    51.736    13.081     8.616     0.003
     0.463    51.741    13.082     8.616     0.003
     0.463    51.745    13.083     8.616     0.003
     0.463    51.750    13.085     8.616     0.003
     0.463    51.755    13.086     8.616     0.003
     0.463    51.760    13.087     8.616     0.003
     0.463    51.764    13.088     8.616     0.003
     0.463    51.769    13.090     8.616     0.003
     0.463    51.774    13.091     8.617     0.003
     0.463    51.779    13.092     8.617     0.003
     0.463    51.783    13.093     8.617     0.003
     0.463    51.788    13.094     8.617     0.003
     0.463    51.793    13.096     8.617     0.003
     0.463    51.798    13.097     8.617     0.003
     0.463    51.802    13.098     8.617     0.003
     0.463    51.807    13.099     8.617     0.003
     0.463    51.812    13.100     8.617     0.003
     0.463    51.817    13.102     8.617     0.003
     0.462    51.821    13.103     8.617     0.003
     0.462    51.826    13.104     8.617     0.003
     0.462    51.831    13.105     8.618     0.003
     0.462    51.836    13.106     8.618     0.003
     0.462    51.840    13.108     8.618     0.003
     0.462    51.845    13.109     8.618     0.003
     0.462    51.850    13.110     8.618     0.003
     0.462    51.855    13.111     8.618     0.003
     0.462    51.859    13.112     8.618     0.003
     0.462    51.864    13.114     8.618     0.003
     0.462    51.869    13.115     8.618     0.003
     0.462    51.874    13.116     8.618     0.003
     0.462    51.878    13.117     8.618     0.003
     0.462    51.883    13.118     8.618     0.003
     0.462    51.888    13.120     8.618     0.003
     0.462    51.893    13.121     8.619     0.003
     0.462    51.897    13.122     8.619     0.003
     0.462    51.902    13.123     8.619     0.003
     0.462    51.907    13.125     8.619     0.003
     0.462    51.912    13.126     8.619     0.003
     0.462    51.916    13.127     8.619     0.003
     0.462    51.921    13.128     8.619     0.003
     0.462    51.926    13.129     8.619     0.003
     0.462    51.931    13.131     8.619     0.003
     0.461    51.935    13.132     8.619     0.003
     0.461    51.940    13.133     8.619     0.003
     0.461    51.945    13.134     8.619     0.003
     0.461    51.950    13.135     8.620     0.003
     0.461    51.954    13.137     8.620     0.003
     0.461    51.959    13.138     8.620     0.003
     0.461    51.964    13.139     8.620     0.003
     0.461    51.969    13.140     8.620     0.003
     0.461    51.973    13.141     8.620     0.003
     0.461    51.978    13.143     8.620     0.003
     0.461    51.983    13.144     8.620     0.003
     0.461    51.988    13.145     8.620     0.003
     0.461    51.992    13.146     8.620     0.003
     0.461    51.997    13.147     8.620     0.003
     0.461    52.002    13.149     8.620     0.003
     0.461    52.006    13.150     8.620     0.003
     0.461    52.011    13.151     8.621     0.003
     0.461    52.016    13.152     8.621     0.003
     0.461    52.021    13.153     8.621     0.003
     0.461    52.025    13.155     8.621     0.003
     0.461    52.030    13.156     8.621     0.003
     0.461    52.035    13.157     8.621     0.003
     0.461    52.040    13.158     8.621     0.003
     0.461    52.044    13.159     8.621     0.003
     0.460    52.049    13.161     8.621     0.003
     0.460    52.054    13.162     8.621     0.003
     0.460    52.059    13.163     8.621     0.003
     0.460    52.063    13.164     8.621     0.003
     0.460    52.068    13.165     8.622     0.003
     0.460    52.073    13.167     8.622     0.003
     0.460    52.077    13.168     8.622     0.003
     0.460    52.082    13.169     8.622     0.003
     0.460    52.087    13.170     8.622     0.003
     0.460    52.092    13.171     8.622     0.003
     0.460    52.096    13.173     8.622     0.003
     0.460    52.101    13.174     8.622     0.003
     0.460    52.106    13.175     8.622     0.003
     0.460    52.111    13.176     8.622     0.003
     0.460    52.115    13.177     8.622     0.003
     0.460    52.120    13.179     8.622     0.003
     0.460    52.125    13.180     8.622     0.003
     0.460    52.129    13.181     8.623     0.003
     0.460    52.134    13.182     8.623     0.003
     0.460    52.139    13.183     8.623     0.003
     0.460    52.144    13.185     8.623     0.003
     0.460    52.148    13.186     8.623     0.003
     0.460    52.153    13.187     8.623     0.003
     0.460    52.158    13.188     8.623     0.003
     0.459    52.162    13.189     8.623     0.003
     0.459    52.167    13.191     8.623     0.003
     0.459    52.172    13.192     8.623     0.003
     0.459    52.177    13.193     8.623     0.003
     0.459    52.181    13.194     8.623     0.003
     0.459    52.186    13.195     8.624     0.003
     0.459    52.191    13.197     8.624     0.003
     0.459    52.195    13.198     8.624     0.003
     0.459    52.200    13.199     8.624     0.003
     0.459    52.205    13.200     8.624     0.003
     0.459    52.210    13.201     8.624     0.003
     0.459    52.214    13.203     8.624     0.003
     0.459    52.219    13.204     8.624     0.003
     0.459    52.224    13.205     8.624     0.003
     0.459    52.229    13.206     8.624     0.003
     0.459    52.233    13.207     8.624     0.003
     0.459    52.238    13.209     8.624     0.003
     0.459    52.243    13.210     8.624     0.003
     0.459    52.247    13.211     8.625     0.003
     0.459    52.252    13.212     8.625     0.003
     0.459    52.257    13.213     8.625     0.003
     0.459    52.262    13.215     8.625     0.003
     0.459    52.266    13.216     8.625     0.003
     0.459    52.271    13.217     8.625     0.003
     0.458    52.276    13.218     8.625     0.003
     0.458    52.280    13.219     8.625     0.003
     0.458    52.285    13.221     8.625     0.003
     0.458    52.290    13.222     8.625     0.003
     0.458    52.294    13.223     8.625     0.003
     0.458    52.299    13.224     8.625     0.003
     0.458    52.304    13.225     8.626     0.003
     0.458    52.309    13.227     8.626     0.003
     0.458    52.313    13.228     8.626     0.003
     0.458    52.318    13.229     8.626     0.003
     0.458    52.323    13.230     8.626     0.003
     0.458    52.327    13.231     8.626     0.003
     0.458    52.332    13.232     8.626     0.003
     0.458    52.337    13.234     8.626     0.003
     0.458    52.342    13.235     8.626     0.003
     0.458    52.346    13.236     8.626     0.003
     0.458    52.351    13.237     8.626     0.003
     0.458    52.356    13.238     8.626     0.003
     0.458    52.360    13.240     8.626     0.003
     0.458    52.365    13.241     8.627     0.003
     0.458    52.370    13.242     8.627     0.003
     0.458    52.374    13.243     8.627     0.003
     0.458    52.379    13.244     8.627     0.003
     0.458    52.384    13.246     8.627     0.003
     0.457    52.389    13.247     8.627     0.003
     0.457    52.393    13.248     8.627     0.003
     0.457    52.398    13.249     8.627     0.003
     0.457    52.403    13.250     8.627     0.003
     0.457    52.407    13.252     8.627     0.003
     0.457    52.412    13.253     8.627     0.003
     0.457    52.417    13.254     8.627     0.003
     0.457    52.421    13.255     8.628     0.003
     0.457    52.426    13.256     8.628     0.003
     0.457    52.431    13.258     8.628     0.003
     0.457    52.436    13.259     8.628     0.003
     0.457    52.440    13.260     8.628     0.003
     0.457    52.445    13.261     8.628     0.003
     0.457    52.450    13.262     8.628     0.003
     0.457    52.454    13.264     8.628     0.003
     0.457    52.459    13.265     8.628     0.003
     0.457    52.464    13.266     8.628     0.003
     0.457    52.468    13.267     8.628     0.003
     0.457    52.473    13.268     8.628     0.003
     0.457    52.478    13.269     8.628     0.003
     0.457    52.482    13.271     8.629     0.003
     0.457    52.487    13.272     8.629     0.003
     0.457    52.492    13.273     8.629     0.003
     0.457    52.497    13.274     8.629     0.003
     0.457    52.501    13.275     8.629     0.003
     0.456    52.506    13.277     8.629     0.003
     0.456    52.511    13.278     8.629     0.003
     0.456    52.515    13.279     8.629     0.003
     0.456    52.520    13.280     8.629     0.003
     0.456    52.525    13.281     8.629     0.003
     0.456    52.529    13.283     8.629     0.003
     0.456    52.534    13.284     8.629     0.003
     0.456    52.539    13.285     8.630     0.003
     0.456    52.543    13.286     8.630     0.003
     0.456    52.548    13.287     8.630     0.003
     0.456    52.553    13.289     8.630     0.003
     0.456    52.557    13.290     8.630     0.003
     0.456    52.562    13.291     8.630     0.003
     0.456    52.567    13.292     8.630     0.003
     0.456    52.572    13.293     8.630     0.003
     0.456    52.576    13.294     8.630     0.003
     0.456    52.581    13.296     8.630     0.003
     0.456    52.586    13.297     8.630     0.003
     0.456    52.590    13.298     8.630     0.003
     0.456    52.595    13.299     8.630     0.003
     0.456    52.600    13.300     8.631     0.003
     0.456    52.604    13.302     8.631     0.003
     0.456    52.609    13.303     8.631     0.003
     0.456    52.614    13.304     8.631     0.003
     0.455    52.618    13.305     8.631     0.003
     0.455    52.623    13.306     8.631     0.003
     0.455    52.628    13.308     8.631     0.003
     0.455    52.632    13.309     8.631     0.003
     0.455    52.637    13.310     8.631     0.003
     0.455    52.642    13.311     8.631     0.003
     0.455    52.646    13.312     8.631     0.003
     0.455    52.651    13.313     8.631     0.003
     0.455    52.656    13.315     8.632     0.003
     0.455    52.660    13.316     8.632     0.003
     0.455    52.665    13.317     8.632     0.003
     0.455    52.670    13.318     8.632     0.003
     0.455    52.675    13.319     8.632     0.003
     0.455    52.679    13.321     8.632     0.003
     0.455    52.684    13.322     8.632     0.003
     0.455    52.689    13.323     8.632     0.003
     0.455    52.693    13.324     8.632     0.003
     0.455    52.698    13.325     8.632     0.003
     0.455    52.703    13.327     8.632     0.003
     0.455    52.707    13.328     8.632     0.003
     0.455    52.712    13.329     8.632     0.003
     0.455    52.717    13.330     8.633     0.003
     0.455    52.721    13.331     8.633     0.003
     0.455    52.726    13.332     8.633     0.003
     0.455    52.731    13.334     8.633     0.003
     0.454    52.735    13.335     8.633     0.003
     0.454    52.740    13.336     8.633     0.003
     0.454    52.745    13.337     8.633     0.003
     0.454    52.749    13.338     8.633     0.003
     0.454    52.754    13.340     8.633     0.003
     0.454    52.759    13.341     8.633     0.003
     0.454    52.763    13.342     8.633     0.003
     0.454    52.768    13.343     8.633     0.003
     0.454    52.773    13.344     8.634     0.003
     0.454    52.777    13.346     8.634     0.003
     0.454    52.782    13.347     8.634     0.003
     0.454    52.787    13.348     8.634     0.003
     0.454    52.791    13.349     8.634     0.003
     0.454    52.796    13.350     8.634     0.003
     0.454    52.801    13.351     8.634     0.003
     0.454    52.805    13.353     8.634     0.003
     0.454    52.810    13.354     8.634     0.003
     0.454    52.815    13.355     8.634     0.003
     0.454    52.819    13.356     8.634     0.003
     0.454    52.824    13.357     8.634     0.003
     0.454    52.829    13.359     8.634     0.003
     0.454    52.833    13.360     8.635     0.003
     0.454    52.838    13.361     8.635     0.003
     0.454    52.843    13.362     8.635     0.003
     0.454    52.847    13.363     8.635     0.003
     0.453    52.852    13.364     8.635     0.003
     0.453    52.857    13.366     8.635     0.003
     0.453    52.861    13.367     8.635     0.003
     0.453    52.866    13.368     8.635     0.003
     0.453    52.870    13.369     8.635     0.003
     0.453    52.875    13.370     8.635     0.003
     0.453    52.880    13.372     8.635     0.003
     0.453    52.884    13.373     8.635     0.003
     0.453    52.889    13.374     8.636     0.003
     0.453    52.894    13.375     8.636     0.003
     0.453    52.898    13.376     8.636     0.003
     0.453    52.903    13.377     8.636     0.003
     0.453    52.908    13.379     8.636     0.003
     0.453    52.912    13.380     8.636     0.003
     0.453    52.917    13.381     8.636     0.003
     0.453    52.922    13.382     8.636     0.003
     0.453    52.926    13.383     8.636     0.003
     0.453    52.931    13.385     8.636     0.003
     0.453    52.936    13.386     8.636     0.003
     0.453    52.940    13.387     8.636     0.003
     0.453    52.945    13.388     8.636     0.003
     0.453    52.950    13.389     8.637     0.003
     0.453    52.954    13.390     8.637     0.003
     0.453    52.959    13.392     8.637     0.003
     0.453    52.964    13.393     8.637     0.003
     0.452    52.968    13.394     8.637     0.003
     0.452    52.973    13.395     8.637     0.003
     0.452    52.978    13.396     8.637     0.003
     0.452    52.982    13.398     8.637     0.003
     0.452    52.987    13.399     8.637     0.003
     0.452    52.991    13.400     8.637     0.003
     0.452    52.996    13.401     8.637     0.003
     0.452    53.001    13.402     8.637     0.003
     0.452    53.005    13.403     8.638     0.003
     0.452    53.010    13.405     8.638     0.003
     0.452    53.015    13.406     8.638     0.003
     0.452    53.019    13.407     8.638     0.003
     0.452    53.024    13.408     8.638     0.003
     0.452    53.029    13.409     8.638     0.003
     0.452    53.033    13.411     8.638     0.003
     0.452    53.038    13.412     8.638     0.003
     0.452    53.043    13.413     8.638     0.003
     0.452    53.047    13.414     8.638     0.003
     0.452    53.052    13.415     8.638     0.003
     0.452    53.056    13.416     8.638     0.003
     0.452    53.061    13.418     8.638     0.003
     0.452    53.066    13.419     8.639     0.003
     0.452    53.070    13.420     8.639     0.003
     0.452    53.075    13.421     8.639     0.003
     0.452    53.080    13.422     8.639     0.003
     0.451    53.084    13.423     8.639     0.003
     0.451    53.089    13.425     8.639     0.003
     0.451    53.094    13.426     8.639     0.003
     0.451    53.098    13.427     8.639     0.003
     0.451    53.103    13.428     8.639     0.003
     0.451    53.108    13.429     8.639     0.003
     0.451    53.112    13.431     8.639     0.003
     0.451    53.117    13.432     8.639     0.003
     0.451    53.121    13.433     8.640     0.003
     0.451    53.126    13.434     8.640     0.003
     0.451    53.131    13.435     8.640     0.003
     0.451    53.135    13.436     8.640     0.003
     0.451    53.140    13.438     8.640     0.003
     0.451    53.145    13.439     8.640     0.003
     0.451    53.149    13.440     8.640     0.003
     0.451    53.154    13.441     8.640     0.003
     0.451    53.158    13.442     8.640     0.003
     0.451    53.163    13.443     8.640     0.003
     0.451    53.168    13.445     8.640     0.003
     0.451    53.172    13.446     8.640     0.003
     0.451    53.177    13.447     8.640     0.003
     0.451    53.182    13.448     8.641     0.003
     0.451    53.186    13.449     8.641     0.003
     0.451    53.191    13.451     8.641     0.003
     0.451    53.196    13.452     8.641     0.003
     0.451    53.200    13.453     8.641     0.003
     0.450    53.205    13.454     8.641     0.003
     0.450    53.209    13.455     8.641     0.003
     0.450    53.214    13.456     8.641     0.003
     0.450    53.219    13.458     8.641     0.003
     0.450    53.223    13.459     8.641     0.003
     0.450    53.228    13.460     8.641     0.003
     0.450    53.233    13.461     8.641     0.003
     0.450    53.237    13.462     8.642     0.003
     0.450    53.242    13.463     8.642     0.003
     0.450    53.246    13.465     8.642     0.003
     0.450    53.251    13.466     8.642     0.003
     0.450    53.256    13.467     8.642     0.003
     0.450    53.260    13.468     8.642     0.003
     0.450    53.265    13.469     8.642     0.003
     0.450    53.270    13.470     8.642     0.003
     0.450    53.274    13.472     8.642     0.003
     0.450    53.279    13.473     8.642     0.003
     0.450    53.283    13.474     8.642     0.003
     0.450    53.288    13.475     8.642     0.003
     0.450    53.293    13.476     8.642     0.003
     0.450    53.297    13.478     8.643     0.003
     0.450    53.302    13.479     8.643     0.003
     0.450    53.307    13.480     8.643     0.003
     0.450    53.311    13.481     8.643     0.003
     0.450    53.316    13.482     8.643     0.003
     0.449    53.320    13.483     8.643     0.003
     0.449    53.325    13.485     8.643     0.003
     0.449    53.330    13.486     8.643     0.003
     0.449    53.334    13.487     8.643     0.003
     0.449    53.339    13.488     8.643     0.003
     0.449    53.343    13.489     8.643     0.003
     0.449    53.348    13.490     8.643     0.003
     0.449    53.353    13.492     8.644     0.003
     0.449    53.357    13.493     8.644     0.003
     0.449    53.362    13.494     8.644     0.003
     0.449    53.367    13.495     8.644     0.003
     0.449    53.371    13.496     8.644     0.003
     0.449    53.376    13.497     8.644     0.003
     0.449    53.380    13.499     8.644     0.003
     0.449    53.385    13.500     8.644     0.003
     0.449    53.390    13.501     8.644     0.003
     0.449    53.394    13.502     8.644     0.003
     0.449    53.399    13.503     8.644     0.003
     0.449    53.403    13.504     8.644     0.003
     0.449    53.408    13.506     8.644     0.003
     0.449    53.413    13.507     8.645     0.003
     0.449    53.417    13.508     8.645     0.003
     0.449    53.422    13.509     8.645     0.003
     0.449    53.427    13.510     8.645     0.003
     0.449    53.431    13.512     8.645     0.003
     0.449    53.436    13.513     8.645     0.003
     0.448    53.440    13.514     8.645     0.003
     0.448    53.445    13.515     8.645     0.003
     0.448    53.450    13.516     8.645     0.003
     0.448    53.454    13.517     8.645     0.003
     0.448    53.459    13.519     8.645     0.003
     0.448    53.463    13.520     8.645     0.003
     0.448    53.468    13.521     8.646     0.003
     0.448    53.473    13.522     8.646     0.003
     0.448    53.477    13.523     8.646     0.003
     0.448    53.482    13.524     8.646     0.003
     0.448    53.486    13.526     8.646     0.003
     0.448    53.491    13.527     8.646     0.003
     0.448    53.496    13.528     8.646     0.003
     0.448    53.500    13.529     8.646     0.003
     0.448    53.505    13.530     8.646     0.003
     0.448    53.509    13.531     8.646     0.003
     0.448    53.514    13.533     8.646     0.003
     0.448    53.519    13.534     8.646     0.003
     0.448    53.523    13.535     8.646     0.003
     0.448    53.528    13.536     8.647     0.003
     0.448    53.532    13.537     8.647     0.003
     0.448    53.537    13.538     8.647     0.003
     0.448    53.542    13.540     8.647     0.003
     0.448    53.546    13.541     8.647     0.003
     0.448    53.551    13.542     8.647     0.003
     0.448    53.555    13.543     8.647     0.003
     0.447    53.560    13.544     8.647     0.003
     0.447    53.565    13.545     8.647     0.003
     0.447    53.569    13.547     8.647     0.003
     0.447    53.574    13.548     8.647     0.003
     0.447    53.578    13.549     8.647     0.003
     0.447    53.583    13.550     8.648     0.003
     0.447    53.588    13.551     8.648     0.003
     0.447    53.592    13.552     8.648     0.003
     0.447    53.597    13.554     8.648     0.003
     0.447    53.601    13.555     8.648     0.003
     0.447    53.606    13.556     8.648     0.003
     0.447    53.611    13.557     8.648     0.003
     0.447    53.615    13.558     8.648     0.003
     0.447    53.620    13.559     8.648     0.003
     0.447    53.624    13.561     8.648     0.003
     0.447    53.629    13.562     8.648     0.003
     0.447    53.634    13.563     8.648     0.003
     0.447    53.638    13.564     8.648     0.003
     0.447    53.643    13.565     8.649     0.003
     0.447    53.647    13.566     8.649     0.003
     0.447    53.652    13.568     8.649     0.003
     0.447    53.657    13.569     8.649     0.003
     0.447    53.661    13.570     8.649     0.003
     0.447    53.666    13.571     8.649     0.003
     0.447    53.670    13.572     8.649     0.003
     0.447    53.675    13.573     8.649     0.003
     0.446    53.679    13.575     8.649     0.003
     0.446    53.684    13.576     8.649     0.003
     0.446    53.689    13.577     8.649     0.003
     0.446    53.693    13.578     8.649     0.003
     0.446    53.698    13.579     8.650     0.003
     0.446    53.702    13.580     8.650     0.003
     0.446    53.707    13.582     8.650     0.003
     0.446    53.712    13.583     8.650     0.003
     0.446    53.716    13.584     8.650     0.003
     0.446    53.721    13.585     8.650     0.003
     0.446    53.725    13.586     8.650     0.003
     0.446    53.730    13.587     8.650     0.003
     0.446    53.734    13.589     8.650     0.003
     0.446    53.739    13.590     8.650     0.003
     0.446    53.744    13.591     8.650     0.003
     0.446    53.748    13.592     8.650     0.003
     0.446    53.753    13.593     8.650     0.003
     0.446    53.757    13.594     8.651     0.003
     0.446    53.762    13.595     8.651     0.003
     0.446    53.767    13.597     8.651     0.003
     0.446    53.771    13.598     8.651     0.003
     0.446    53.776    13.599     8.651     0.003
     0.446    53.780    13.600     8.651     0.003
     0.446    53.785    13.601     8.651     0.003
     0.446    53.789    13.602     8.651     0.003
     0.446    53.794    13.604     8.651     0.003
     0.445    53.799    13.605     8.651     0.003
     0.445    53.803    13.606     8.651     0.003
     0.445    53.808    13.607     8.651     0.003
     0.445    53.812    13.608     8.652     0.003
     0.445    53.817    13.609     8.652     0.003
     0.445    53.822    13.611     8.652     0.003
     0.445    53.826    13.612     8.652     0.003
     0.445    53.831    13.613     8.652     0.003
     0.445    53.835    13.614     8.652     0.003
     0.445    53.840    13.615     8.652     0.003
     0.445    53.844    13.616     8.652     0.003
     0.445    53.849    13.618     8.652     0.003
     0.445    53.854    13.619     8.652     0.003
     0.445    53.858    13.620     8.652     0.003
     0.445    53.863    13.621     8.652     0.003
     0.445    53.867    13.622     8.652     0.003
     0.445    53.872    13.623     8.653     0.003
     0.445    53.876    13.625     8.653     0.003
     0.445    53.881    13.626     8.653     0.003
     0.445    53.886    13.627     8.653     0.003
     0.445    53.890    13.628     8.653     0.003
     0.445    53.895    13.629     8.653     0.003
     0.445    53.899    13.630     8.653     0.003
     0.445    53.904    13.631     8.653     0.003
     0.445    53.908    13.633     8.653     0.003
     0.445    53.913    13.634     8.653     0.003
     0.445    53.918    13.635     8.653     0.003
     0.444    53.922    13.636     8.653     0.003
     0.444    53.927    13.637     8.654     0.003
     0.444    53.931    13.638     8.654     0.003
     0.444    53.936    13.640     8.654     0.003
     0.444    53.940    13.641     8.654     0.003
     0.444    53.945    13.642     8.654     0.003
     0.444    53.949    13.643     8.654     0.003
     0.444    53.954    13.644     8.654     0.003
     0.444    53.959    13.645     8.654     0.003
     0.444    53.963    13.647     8.654     0.003
     0.444    53.968    13.648     8.654     0.003
     0.444    53.972    13.649     8.654     0.003
     0.444    53.977    13.650     8.654     0.003
     0.444    53.981    13.651     8.654     0.003
     0.444    53.986    13.652     8.655     0.003
     0.444    53.991    13.654     8.655     0.003
     0.444    53.995    13.655     8.655     0.003
     0.444    54.000    13.656     8.655     0.003
     0.444    54.004    13.657     8.655     0.003
     0.444    54.009    13.658     8.655     0.003
     0.444    54.013    13.659     8.655     0.003
     0.444    54.018    13.660     8.655     0.003
     0.444    54.022    13.662     8.655     0.003
     0.444    54.027    13.663     8.655     0.003
     0.444    54.032    13.664     8.655     0.003
     0.444    54.036    13.665     8.655     0.003
     0.443    54.041    13.666     8.656     0.003
     0.443    54.045    13.667     8.656     0.003
     0.443    54.050    13.669     8.656     0.003
     0.443    54.054    13.670     8.656     0.003
     0.443    54.059    13.671     8.656     0.003
     0.443    54.064    13.672     8.656     0.003
     0.443    54.068    13.673     8.656     0.003
     0.443    54.073    13.674     8.656     0.003
     0.443    54.077    13.675     8.656     0.003
     0.443    54.082    13.677     8.656     0.003
     0.443    54.086    13.678     8.656     0.003
     0.443    54.091    13.679     8.656     0.003
     0.443    54.095    13.680     8.656     0.003
     0.443    54.100    13.681     8.657     0.003
     0.443    54.104    13.682     8.657     0.003
     0.443    54.109    13.684     8.657     0.003
     0.443    54.114    13.685     8.657     0.003
     0.443    54.118    13.686     8.657     0.003
     0.443    54.123    13.687     8.657     0.003
     0.443    54.127    13.688     8.657     0.003
     0.443    54.132    13.689     8.657     0.003
     0.443    54.136    13.691     8.657     0.003
     0.443    54.141    13.692     8.657     0.003
     0.443    54.145    13.693     8.657     0.003
     0.443    54.150    13.694     8.657     0.003
     0.443    54.155    13.695     8.658     0.003
     0.443    54.159    13.696     8.658     0.003
     0.442    54.164    13.697     8.658     0.003
     0.442    54.168    13.699     8.658     0.003
     0.442    54.173    13.700     8.658     0.003
     0.442    54.177    13.701     8.658     0.003
     0.442    54.182    13.702     8.658     0.003
     0.442    54.186    13.703     8.658     0.003
     0.442    54.191    13.704     8.658     0.003
     0.442    54.195    13.706     8.658     0.003
     0.442    54.200    13.707     8.658     0.003
     0.442    54.205    13.708     8.658     0.003
     0.442    54.209    13.709     8.658     0.003
     0.442    54.214    13.710     8.659     0.003
     0.442    54.218    13.711     8.659     0.003
     0.442    54.223    13.712     8.659     0.003
     0.442    54.227    13.714     8.659     0.003
     0.442    54.232    13.715     8.659     0.003
     0.442    54.236    13.716     8.659     0.003
     0.442    54.241    13.717     8.659     0.004
     0.442    54.245    13.718     8.659     0.004
     0.442    54.250    13.719     8.659     0.004
     0.442    54.255    13.721     8.659     0.004
     0.442    54.259    13.722     8.659     0.004
     0.442    54.264    13.723     8.659     0.004
     0.442    54.268    13.724     8.660     0.004
     0.442    54.273    13.725     8.660     0.004
     0.442    54.277    13.726     8.660     0.004
     0.442    54.282    13.727     8.660     0.004
     0.441    54.286    13.729     8.660     0.004
     0.441    54.291    13.730     8.660     0.004
     0.441    54.295    13.731     8.660     0.004
     0.441    54.300    13.732     8.660     0.004
     0.441    54.304    13.733     8.660     0.004
     0.441    54.309    13.734     8.660     0.004
     0.441    54.314    13.735     8.660     0.004
     0.441    54.318    13.737     8.660     0.004
     0.441    54.323    13.738     8.660     0.004
     0.441    54.327    13.739     8.661     0.004
     0.441    54.332    13.740     8.661     0.004
     0.441    54.336    13.741     8.661     0.004
     0.441    54.341    13.742     8.661     0.004
     0.441    54.345    13.744     8.661     0.004
     0.441    54.350    13.745     8.661     0.004
     0.441    54.354    13.746     8.661     0.004
     0.441    54.359    13.747     8.661     0.004
     0.441    54.363    13.748     8.661     0.004
     0.441    54.368    13.749     8.661     0.004
     0.441    54.372    13.750     8.661     0.004
     0.441    54.377    13.752     8.661     0.004
     0.441    54.381    13.753     8.662     0.004
     0.441    54.386    13.754     8.662     0.004
     0.441    54.391    13.755     8.662     0.004
     0.441    54.395    13.756     8.662     0.004
     0.441    54.400    13.757     8.662     0.004
     0.441    54.404    13.758     8.662     0.004
     0.440    54.409    13.760     8.662     0.004
     0.440    54.413    13.761     8.662     0.004
     0.440    54.418    13.762     8.662     0.004
     0.440    54.422    13.763     8.662     0.004
     0.440    54.427    13.764     8.662     0.004
     0.440    54.431    13.765     8.662     0.004
     0.440    54.436    13.767     8.662     0.004
     0.440    54.440    13.768     8.663     0.004
     0.440    54.445    13.769     8.663     0.004
     0.440    54.449    13.770     8.663     0.004
     0.440    54.454    13.771     8.663     0.004
     0.440    54.458    13.772     8.663     0.004
     0.440    54.463    13.773     8.663     0.004
     0.440    54.467    13.775     8.663     0.004
     0.440    54.472    13.776     8.663     0.004
     0.440    54.477    13.777     8.663     0.004
     0.440    54.481    13.778     8.663     0.004
     0.440    54.486    13.779     8.663     0.004
     0.440    54.490    13.780     8.663     0.004
     0.440    54.495    13.781     8.664     0.004
     0.440    54.499    13.783     8.664     0.004
     0.440    54.504    13.784     8.664     0.004
     0.440    54.508    13.785     8.664     0.004
     0.440    54.513    13.786     8.664     0.004
     0.440    54.517    13.787     8.664     0.004
     0.440    54.522    13.788     8.664     0.004
     0.440    54.526    13.789     8.664     0.004
     0.440    54.531    13.791     8.664     0.004
     0.439    54.535    13.792     8.664     0.004
     0.439    54.540    13.793     8.664     0.004
     0.439    54.544    13.794     8.664     0.004
     0.439    54.549    13.795     8.664     0.004
     0.439    54.553    13.796     8.665     0.004
     0.439    54.558    13.797     8.665     0.004
     0.439    54.562    13.799     8.665     0.004
     0.439    54.567    13.800     8.665     0.004
     0.439    54.571    13.801     8.665     0.004
     0.439    54.576    13.802     8.665     0.004
     0.439    54.580    13.803     8.665     0.004
     0.439    54.585    13.804     8.665     0.004
     0.439    54.589    13.806     8.665     0.004
     0.439    54.594    13.807     8.665     0.004
     0.439    54.598    13.808     8.665     0.004
     0.439    54.603    13.809     8.665     0.004
     0.439    54.608    13.810     8.666     0.004
     0.439    54.612    13.811     8.666     0.004
     0.439    54.617    13.812     8.666     0.004
     0.439    54.621    13.814     8.666     0.004
     0.439    54.626    13.815     8.666     0.004
     0.439    54.630    13.816     8.666     0.004
     0.439    54.635    13.817     8.666     0.004
     0.439    54.639    13.818     8.666     0.004
     0.439    54.644    13.819     8.666     0.004
     0.439    54.648    13.820     8.666     0.004
     0.439    54.653    13.822     8.666     0.004
     0.438    54.657    13.823     8.666     0.004
     0.438    54.662    13.824     8.666     0.004
     0.438    54.666    13.825     8.667     0.004
     0.438    54.671    13.826     8.667     0.004
     0.438    54.675    13.827     8.667     0.004
     0.438    54.680    13.828     8.667     0.004
     0.438    54.684    13.830     8.667     0.004
     0.438    54.689    13.831     8.667     0.004
     0.438    54.693    13.832     8.667     0.004
     0.438    54.698    13.833     8.667     0.004
     0.438    54.702    13.834     8.667     0.004
     0.438    54.707    13.835     8.667     0.004
     0.438    54.711    13.836     8.667     0.004
     0.438    54.716    13.838     8.667     0.004
     0.438    54.720    13.839     8.668     0.004
     0.438    54.725    13.840     8.668     0.004
     0.438    54.729    13.841     8.668     0.004
     0.438    54.734    13.842     8.668     0.004
     0.438    54.738    13.843     8.668     0.004
     0.438    54.743    13.844     8.668     0.004
     0.438    54.747    13.846     8.668     0.004
     0.438    54.752    13.847     8.668     0.004
     0.438    54.756    13.848     8.668     0.004
     0.438    54.761    13.849     8.668     0.004
     0.438    54.765    13.850     8.668     0.004
     0.438    54.770    13.851     8.668     0.004
     0.438    54.774    13.852     8.668     0.004
     0.438    54.779    13.854     8.669     0.004
     0.437    54.783    13.855     8.669     0.004
     0.437    54.788    13.856     8.669     0.004
     0.437    54.792    13.857     8.669     0.004
     0.437    54.797    13.858     8.669     0.004
     0.437    54.801    13.859     8.669     0.004
     0.437    54.806    13.860     8.669     0.004
     0.437    54.810    13.862     8.669     0.004
     0.437    54.815    13.863     8.669     0.004
     0.437    54.819    13.864     8.669     0.004
     0.437    54.824    13.865     8.669     0.004
     0.437    54.828    13.866     8.669     0.004
     0.437    54.833    13.867     8.670     0.004
     0.437    54.837    13.868     8.670     0.004
     0.437    54.842    13.869     8.670     0.004
     0.437    54.846    13.871     8.670     0.004
     0.437    54.851    13.872     8.670     0.004
     0.437    54.855    13.873     8.670     0.004
     0.437    54.860    13.874     8.670     0.004
     0.437    54.864    13.875     8.670     0.004
     0.437    54.869    13.876     8.670     0.004
     0.437    54.873    13.877     8.670     0.004
     0.437    54.877    13.879     8.670     0.004
     0.437    54.882    13.880     8.670     0.004
     0.437    54.886    13.881     8.670     0.004
     0.437    54.891    13.882     8.671     0.004
     0.437    54.895    13.883     8.671     0.004
     0.437    54.900    13.884     8.671     0.004
     0.437    54.904    13.885     8.671     0.004
     0.436    54.909    13.887     8.671     0.004
     0.436    54.913    13.888     8.671     0.004
     0.436    54.918    13.889     8.671     0.004
     0.436    54.922    13.890     8.671     0.004
     0.436    54.927    13.891     8.671     0.004
     0.436    54.931    13.892     8.671     0.004
     0.436    54.936    13.893     8.671     0.004
     0.436    54.940    13.895     8.671     0.004
     0.436    54.945    13.896     8.672     0.004
     0.436    54.949    13.897     8.672     0.004
     0.436    54.954    13.898     8.672     0.004
     0.436    54.958    13.899     8.672     0.004
     0.436    54.963    13.900     8.672     0.004
     0.436    54.967    13.901     8.672     0.004
     0.436    54.972    13.903     8.672     0.004
     0.436    54.976    13.904     8.672     0.004
     0.436    54.981    13.905     8.672     0.004
     0.436    54.985    13.906     8.672     0.004
     0.436    54.990    13.907     8.672     0.004
     0.436    54.994    13.908     8.672     0.004
     0.436    54.999    13.909     8.672     0.004
     0.436    55.003    13.910     8.673     0.004
     0.436    55.008    13.912     8.673     0.004
     0.436    55.012    13.913     8.673     0.004
     0.436    55.016    13.914     8.673     0.004
     0.436    55.021    13.915     8.673     0.004
     0.436    55.025    13.916     8.673     0.004
     0.436    55.030    13.917     8.673     0.004
     0.435    55.034    13.918     8.673     0.004
     0.435    55.039    13.920     8.673     0.004
     0.435    55.043    13.921     8.673     0.004
     0.435    55.048    13.922     8.673     0.004
     0.435    55.052    13.923     8.673     0.004
     0.435    55.057    13.924     8.674     0.004
     0.435    55.061    13.925     8.674     0.004
     0.435    55.066    13.926     8.674     0.004
     0.435    55.070    13.928     8.674     0.004
     0.435    55.075    13.929     8.674     0.004
     0.435    55.079    13.930     8.674     0.004
     0.435    55.084    13.931     8.674     0.004
     0.435    55.088    13.932     8.674     0.004
     0.435    55.093    13.933     8.674     0.004
     0.435    55.097    13.934     8.674     0.004
     0.435    55.101    13.935     8.674     0.004
     0.435    55.106    13.937     8.674     0.004
     0.435    55.110    13.938     8.674     0.004
     0.435    55.115    13.939     8.675     0.004
     0.435    55.119    13.940     8.675     0.004
     0.435    55.124    13.941     8.675     0.004
     0.435    55.128    13.942     8.675     0.004
     0.435    55.133    13.943     8.675     0.004
     0.435    55.137    13.945     8.675     0.004
     0.435    55.142    13.946     8.675     0.004
     0.435    55.146    13.947     8.675     0.004
     0.435    55.151    13.948     8.675     0.004
     0.435    55.155    13.949     8.675     0.004
     0.435    55.160    13.950     8.675     0.004
     0.434    55.164    13.951     8.675     0.004
     0.434    55.168    13.952     8.676     0.004
     0.434    55.173    13.954     8.676     0.004
     0.434    55.177    13.955     8.676     0.004
     0.434    55.182    13.956     8.676     0.004
     0.434    55.186    13.957     8.676     0.004
     0.434    55.191    13.958     8.676     0.004
     0.434    55.195    13.959     8.676     0.004
     0.434    55.200    13.960     8.676     0.004
     0.434    55.204    13.962     8.676     0.004
     0.434    55.209    13.963     8.676     0.004
     0.434    55.213    13.964     8.676     0.004
     0.434    55.218    13.965     8.676     0.004
     0.434    55.222    13.966     8.676     0.004
     0.434    55.227    13.967     8.677     0.004
     0.434    55.231    13.968     8.677     0.004
     0.434    55.235    13.969     8.677     0.004
     0.434    55.240    13.971     8.677     0.004
     0.434    55.244    13.972     8.677     0.004
     0.434    55.249    13.973     8.677     0.004
     0.434    55.253    13.974     8.677     0.004
     0.434    55.258    13.975     8.677     0.004
     0.434    55.262    13.976     8.677     0.004
     0.434    55.267    13.977     8.677     0.004
     0.434    55.271    13.978     8.677     0.004
     0.434    55.276    13.980     8.677     0.004
     0.434    55.280    13.981     8.678     0.004
     0.434    55.284    13.982     8.678     0.004
     0.433    55.289    13.983     8.678     0.004
     0.433    55.293    13.984     8.678     0.004
     0.433    55.298    13.985     8.678     0.004
     0.433    55.302    13.986     8.678     0.004
     0.433    55.307    13.988     8.678     0.004
     0.433    55.311    13.989     8.678     0.004
     0.433    55.316    13.990     8.678     0.004
     0.433    55.320    13.991     8.678     0.004
     0.433    55.325    13.992     8.678     0.004
     0.433    55.329    13.993     8.678     0.004
     0.433    55.333    13.994     8.678     0.004
     0.433    55.338    13.995     8.679     0.004
     0.433    55.342    13.997     8.679     0.004
     0.433    55.347    13.998     8.679     0.004
     0.433    55.351    13.999     8.679     0.004
     0.433    55.356    14.000     8.679     0.004
     0.433    55.360    14.001     8.679     0.004
     0.433    55.365    14.002     8.679     0.004
     0.433    55.369    14.003     8.679     0.004
     0.433    55.374    14.004     8.679     0.004
     0.433    55.378    14.006     8.679     0.004
     0.433    55.382    14.007     8.679     0.004
     0.433    55.387    14.008     8.679     0.004
     0.433    55.391    14.009     8.680     0.004
     0.433    55.396    14.010     8.680     0.004
     0.433    55.400    14.011     8.680     0.004
     0.433    55.405    14.012     8.680     0.004
     0.433    55.409    14.014     8.680     0.004
     0.433    55.414    14.015     8.680     0.004
     0.432    55.418    14.016     8.680     0.004
     0.432    55.422    14.017     8.680     0.004
     0.432    55.427    14.018     8.680     0.004
     0.432    55.431    14.019     8.680     0.004
     0.432    55.436    14.020     8.680     0.004
     0.432    55.440    14.021     8.680     0.004
     0.432    55.445    14.023     8.680     0.004
     0.432    55.449    14.024     8.681     0.004
     0.432    55.454    14.025     8.681     0.004
     0.432    55.458    14.026     8.681     0.004
     0.432    55.462    14.027     8.681     0.004
     0.432    55.467    14.028     8.681     0.004
     0.432    55.471    14.029     8.681     0.004
     0.432    55.476    14.030     8.681     0.004
     0.432    55.480    14.032     8.681     0.004
     0.432    55.485    14.033     8.681     0.004
     0.432    55.489    14.034     8.681     0.004
     0.432    55.494    14.035     8.681     0.004
     0.432    55.498    14.036     8.681     0.004
     0.432    55.502    14.037     8.682     0.004
     0.432    55.507    14.038     8.682     0.004
     0.432    55.511    14.039     8.682     0.004
     0.432    55.516    14.041     8.682     0.004
     0.432    55.520    14.042     8.682     0.004
     0.432    55.525    14.043     8.682     0.004
     0.432    55.529    14.044     8.682     0.004
     0.432    55.533    14.045     8.682     0.004
     0.432    55.538    14.046     8.682     0.004
     0.432    55.542    14.047     8.682     0.004
     0.431    55.547    14.048     8.682     0.004
     0.431    55.551    14.050     8.682     0.004
     0.431    55.556    14.051     8.682     0.004
     0.431    55.560    14.052     8.683     0.004
     0.431    55.565    14.053     8.683     0.004
     0.431    55.569    14.054     8.683     0.004
     0.431    55.573    14.055     8.683     0.004
     0.431    55.578    14.056     8.683     0.004
     0.431    55.582    14.057     8.683     0.004
     0.431    55.587    14.059     8.683     0.004
     0.431    55.591    14.060     8.683     0.004
     0.431    55.596    14.061     8.683     0.004
     0.431    55.600    14.062     8.683     0.004
     0.431    55.604    14.063     8.683     0.004
     0.431    55.609    14.064     8.683     0.004
     0.431    55.613    14.065     8.684     0.004
     0.431    55.618    14.066     8.684     0.004
     0.431    55.622    14.068     8.684     0.004
     0.431    55.627    14.069     8.684     0.004
     0.431    55.631    14.070     8.684     0.004
     0.431    55.635    14.071     8.684     0.004
     0.431    55.640    14.072     8.684     0.004
     0.431    55.644    14.073     8.684     0.004
     0.431    55.649    14.074     8.684     0.004
     0.431    55.653    14.075     8.684     0.004
     0.431    55.658    14.077     8.684     0.004
     0.431    55.662    14.078     8.684     0.004
     0.431    55.666    14.079     8.684     0.004
     0.431    55.671    14.080     8.685     0.004
     0.430    55.675    14.081     8.685     0.004
     0.430    55.680    14.082     8.685     0.004
     0.430    55.684    14.083     8.685     0.004
     0.430    55.689    14.084     8.685     0.004
     0.430    55.693    14.086     8.685     0.004
     0.430    55.697    14.087     8.685     0.004
     0.430    55.702    14.088     8.685     0.004
     0.430    55.706    14.089     8.685     0.004
     0.430    55.711    14.090     8.685     0.004
     0.430    55.715    14.091     8.685     0.004
     0.430    55.719    14.092     8.685     0.004
     0.430    55.724    14.093     8.686     0.004
     0.430    55.728    14.095     8.686     0.004
     0.430    55.733    14.096     8.686     0.004
     0.430    55.737    14.097     8.686     0.004
     0.430    55.742    14.098     8.686     0.004
     0.430    55.746    14.099     8.686     0.004
     0.430    55.750    14.100     8.686     0.004
     0.430    55.755    14.101     8.686     0.004
     0.430    55.759    14.102     8.686     0.004
     0.430    55.764    14.103     8.686     0.004
     0.430    55.768    14.105     8.686     0.004
     0.430    55.773    14.106     8.686     0.004
     0.430    55.777    14.107     8.686     0.004
     0.430    55.781    14.108     8.687     0.004
     0.430    55.786    14.109     8.687     0.004
     0.430    55.790    14.110     8.687     0.004
     0.430    55.795    14.111     8.687     0.004
     0.430    55.799    14.112     8.687     0.004
     0.429    55.803    14.114     8.687     0.004
     0.429    55.808    14.115     8.687     0.004
     0.429    55.812    14.116     8.687     0.004
     0.429    55.817    14.117     8.687     0.004
     0.429    55.821    14.118     8.687     0.004
     0.429    55.825    14.119     8.687     0.004
     0.429    55.830    14.120     8.687     0.004
     0.429    55.834    14.121     8.688     0.004
     0.429    55.839    14.123     8.688     0.004
     0.429    55.843    14.124     8.688     0.004
     0.429    55.848    14.125     8.688     0.004
     0.429    55.852    14.126     8.688     0.004
     0.429    55.856    14.127     8.688     0.004
     0.429    55.861    14.128     8.688     0.004
     0.429    55.865    14.129     8.688     0.004
     0.429    55.870    14.130     8.688     0.004
     0.429    55.874    14.131     8.688     0.004
     0.429    55.878    14.133     8.688     0.004
     0.429    55.883    14.134     8.688     0.004
     0.429    55.887    14.135     8.688     0.004
     0.429    55.892    14.136     8.689     0.004
     0.429    55.896    14.137     8.689     0.004
     0.429    55.900    14.138     8.689     0.004
     0.429    55.905    14.139     8.689     0.004
     0.429    55.909    14.140     8.689     0.004
     0.429    55.914    14.142     8.689     0.004
     0.429    55.918    14.143     8.689     0.004
     0.429    55.922    14.144     8.689     0.004
     0.429    55.927    14.145     8.689     0.004
     0.429    55.931    14.146     8.689     0.004
     0.428    55.936    14.147     8.689     0.004
     0.428    55.940    14.148     8.689     0.004
     0.428    55.945    14.149     8.690     0.004
     0.428    55.949    14.150     8.690     0.004
     0.428    55.953    14.152     8.690     0.004
     0.428    55.958    14.153     8.690     0.004
     0.428    55.962    14.154     8.690     0.004
     0.428    55.967    14.155     8.690     0.004
     0.428    55.971    14.156     8.690     0.004
     0.428    55.975    14.157     8.690     0.004
     0.428    55.980    14.158     8.690     0.004
     0.428    55.984    14.159     8.690     0.004
     0.428    55.989    14.161     8.690     0.004
     0.428    55.993    14.162     8.690     0.004
     0.428    55.997    14.163     8.690     0.004
     0.428    56.002    14.164     8.691     0.004
     0.428    56.006    14.165     8.691     0.004
     0.428    56.011    14.166     8.691     0.004
     0.428    56.015    14.167     8.691     0.004
     0.428    56.019    14.168     8.691     0.004
     0.428    56.024    14.169     8.691     0.004
     0.428    56.028    14.171     8.691     0.004
     0.428    56.033    14.172     8.691     0.004
     0.428    56.037    14.173     8.691     0.004
     0.428    56.041    14.174     8.691     0.004
     0.428    56.046    14.175     8.691     0.004
     0.428    56.050    14.176     8.691     0.004
     0.428    56.055    14.177     8.692     0.004
     0.428    56.059    14.178     8.692     0.004
     0.427    56.063    14.180     8.692     0.004
     0.427    56.068    14.181     8.692     0.004
     0.427    56.072    14.182     8.692     0.004
     0.427    56.076    14.183     8.692     0.004
     0.427    56.081    14.184     8.692     0.004
     0.427    56.085    14.185     8.692     0.004
     0.427    56.090    14.186     8.692     0.004
     0.427    56.094    14.187     8.692     0.004
     0.427    56.098    14.188     8.692     0.004
     0.427    56.103    14.190     8.692     0.004
     0.427    56.107    14.191     8.692     0.004
     0.427    56.112    14.192     8.693     0.004
     0.427    56.116    14.193     8.693     0.004
     0.427    56.120    14.194     8.693     0.004
     0.427    56.125    14.195     8.693     0.004
     0.427    56.129    14.196     8.693     0.004
     0.427    56.134    14.197     8.693     0.004
     0.427    56.138    14.198     8.693     0.004
     0.427    56.142    14.200     8.693     0.004
     0.427    56.147    14.201     8.693     0.004
     0.427    56.151    14.202     8.693     0.004
     0.427    56.156    14.203     8.693     0.004
     0.427    56.160    14.204     8.693     0.004
     0.427    56.164    14.205     8.694     0.004
     0.427    56.169    14.206     8.694     0.004
     0.427    56.173    14.207     8.694     0.004
     0.427    56.177    14.208     8.694     0.004
     0.427    56.182    14.210     8.694     0.004
     0.427    56.186    14.211     8.694     0.004
     0.427    56.191    14.212     8.694     0.004
     0.426    56.195    14.213     8.694     0.004
     0.426    56.199    14.214     8.694     0.004
     0.426    56.204    14.215     8.694     0.004
     0.426    56.208    14.216     8.694     0.004
     0.426    56.213    14.217     8.694     0.004
     0.426    56.217    14.218     8.694     0.004
     0.426    56.221    14.220     8.695     0.004
     0.426    56.226    14.221     8.695     0.004
     0.426    56.230    14.222     8.695     0.004
     0.426    56.234    14.223     8.695     0.004
     0.426    56.239    14.224     8.695     0.004
     0.426    56.243    14.225     8.695     0.004
     0.426    56.248    14.226     8.695     0.004
     0.426    56.252    14.227     8.695     0.004
     0.426    56.256    14.228     8.695     0.004
     0.426    56.261    14.230     8.695     0.004
     0.426    56.265    14.231     8.695     0.004
     0.426    56.269    14.232     8.695     0.004
     0.426    56.274    14.233     8.696     0.004
     0.426    56.278    14.234     8.696     0.004
     0.426    56.283    14.235     8.696     0.004
     0.426    56.287    14.236     8.696     0.004
     0.426    56.291    14.237     8.696     0.004
     0.426    56.296    14.238     8.696     0.004
     0.426    56.300    14.240     8.696     0.004
     0.426    56.304    14.241     8.696     0.004
     0.426    56.309    14.242     8.696     0.004
     0.426    56.313    14.243     8.696     0.004
     0.426    56.318    14.244     8.696     0.004
     0.426    56.322    14.245     8.696     0.004
     0.426    56.326    14.246     8.696     0.004
     0.425    56.331    14.247     8.697     0.004
     0.425    56.335    14.248     8.697     0.004
     0.425    56.339    14.250     8.697     0.004
     0.425    56.344    14.251     8.697     0.004
     0.425    56.348    14.252     8.697     0.004
     0.425    56.353    14.253     8.697     0.004
     0.425    56.357    14.254     8.697     0.004
     0.425    56.361    14.255     8.697     0.004
     0.425    56.366    14.256     8.697     0.004
     0.425    56.370    14.257     8.697     0.004
     0.425    56.374    14.258     8.697     0.004
     0.425    56.379    14.260     8.697     0.004
     0.425    56.383    14.261     8.698     0.004
     0.425    56.388    14.262     8.698     0.004
     0.425    56.392    14.263     8.698     0.004
     0.425    56.396    14.264     8.698     0.004
     0.425    56.401    14.265     8.698     0.004
     0.425    56.405    14.266     8.698     0.004
     0.425    56.409    14.267     8.698     0.004
     0.425    56.414    14.268     8.698     0.004
     0.425    56.418    14.270     8.698     0.004
     0.425    56.423    14.271     8.698     0.004
     0.425    56.427    14.272     8.698     0.004
     0.425    56.431    14.273     8.698     0.004
     0.425    56.436    14.274     8.698     0.004
     0.425    56.440    14.275     8.699     0.004
     0.425    56.444    14.276     8.699     0.004
     0.425    56.449    14.277     8.699     0.004
     0.425    56.453    14.278     8.699     0.004
     0.425    56.457    14.280     8.699     0.004
     0.424    56.462    14.281     8.699     0.004
     0.424    56.466    14.282     8.699     0.004
     0.424    56.471    14.283     8.699     0.004
     0.424    56.475    14.284     8.699     0.004
     0.424    56.479    14.285     8.699     0.004
     0.424    56.484    14.286     8.699     0.004
     0.424    56.488    14.287     8.699     0.004
     0.424    56.492    14.288     8.700     0.004
     0.424    56.497    14.289     8.700     0.004
     0.424    56.501    14.291     8.700     0.004
     0.424    56.505    14.292     8.700     0.004
     0.424    56.510    14.293     8.700     0.004
     0.424    56.514    14.294     8.700     0.004
     0.424    56.518    14.295     8.700     0.004
     0.424    56.523    14.296     8.700     0.004
     0.424    56.527    14.297     8.700     0.004
     0.424    56.532    14.298     8.700     0.004
     0.424    56.536    14.299     8.700     0.004
     0.424    56.540    14.301     8.700     0.004
     0.424    56.545    14.302     8.700     0.004
     0.424    56.549    14.303     8.701     0.004
     0.424    56.553    14.304     8.701     0.004
     0.424    56.558    14.305     8.701     0.004
     0.424    56.562    14.306     8.701     0.004
     0.424    56.566    14.307     8.701     0.004
     0.424    56.571    14.308     8.701     0.004
     0.424    56.575    14.309     8.701     0.004
     0.424    56.579    14.310     8.701     0.004
     0.424    56.584    14.312     8.701     0.004
     0.424    56.588    14.313     8.701     0.004
     0.424    56.593    14.314     8.701     0.004
     0.423    56.597    14.315     8.701     0.004
     0.423    56.601    14.316     8.702     0.004
     0.423    56.606    14.317     8.702     0.004
     0.423    56.610    14.318     8.702     0.004
     0.423    56.614    14.319     8.702     0.004
     0.423    56.619    14.320     8.702     0.004
     0.423    56.623    14.322     8.702     0.004
     0.423    56.627    14.323     8.702     0.004
     0.423    56.632    14.324     8.702     0.004
     0.423    56.636    14.325     8.702     0.004
     0.423    56.640    14.326     8.702     0.004
     0.423    56.645    14.327     8.702     0.004
     0.423    56.649    14.328     8.702     0.004
     0.423    56.653    14.329     8.702     0.004
     0.423    56.658    14.330     8.703     0.004
     0.423    56.662    14.331     8.703     0.004
     0.423    56.667    14.333     8.703     0.004
     0.423    56.671    14.334     8.703     0.004
     0.423    56.675    14.335     8.703     0.004
     0.423    56.680    14.336     8.703     0.004
     0.423    56.684    14.337     8.703     0.004
     0.423    56.688    14.338     8.703     0.004
     0.423    56.693    14.339     8.703     0.004
     0.423    56.697    14.340     8.703     0.004
     0.423    56.701    14.341     8.703     0.004
     0.423    56.706    14.342     8.703     0.004
     0.423    56.710    14.344     8.704     0.004
     0.423    56.714    14.345     8.704     0.004
     0.423    56.719    14.346     8.704     0.004
     0.423    56.723    14.347     8.704     0.004
     0.422    56.727    14.348     8.704     0.004
     0.422    56.732    14.349     8.704     0.004
     0.422    56.736    14.350     8.704     0.004
     0.422    56.740    14.351     8.704     0.004
     0.422    56.745    14.352     8.704     0.004
     0.422    56.749    14.353     8.704     0.004
     0.422    56.753    14.355     8.704     0.004
     0.422    56.758    14.356     8.704     0.004
     0.422    56.762    14.357     8.704     0.004
     0.422    56.766    14.358     8.705     0.004
     0.422    56.771    14.359     8.705     0.004
     0.422    56.775    14.360     8.705     0.004
     0.422    56.779    14.361     8.705     0.004
     0.422    56.784    14.362     8.705     0.004
     0.422    56.788    14.363     8.705     0.004
     0.422    56.792    14.364     8.705     0.004
     0.422    56.797    14.366     8.705     0.004
     0.422    56.801    14.367     8.705     0.004
     0.422    56.805    14.368     8.705     0.004
     0.422    56.810    14.369     8.705     0.004
     0.422    56.814    14.370     8.705     0.004
     0.422    56.819    14.371     8.706     0.004
     0.422    56.823    14.372     8.706     0.004
     0.422    56.827    14.373     8.706     0.004
     0.422    56.832    14.374     8.706     0.004
     0.422    56.836    14.376     8.706     0.004
     0.422    56.840    14.377     8.706     0.004
     0.422    56.845    14.378     8.706     0.004
     0.422    56.849    14.379     8.706     0.004
     0.422    56.853    14.380     8.706     0.004
     0.422    56.858    14.381     8.706     0.004
     0.421    56.862    14.382     8.706     0.004
     0.421    56.866    14.383     8.706     0.004
     0.421    56.871    14.384     8.706     0.004
     0.421    56.875    14.385     8.707     0.004
     0.421    56.879    14.386     8.707     0.004
     0.421    56.884    14.388     8.707     0.004
     0.421    56.888    14.389     8.707     0.004
     0.421    56.892    14.390     8.707     0.004
     0.421    56.897    14.391     8.707     0.004
     0.421    56.901    14.392     8.707     0.004
     0.421    56.905    14.393     8.707     0.004
     0.421    56.909    14.394     8.707     0.004
     0.421    56.914    14.395     8.707     0.004
     0.421    56.918    14.396     8.707     0.004
     0.421    56.922    14.397     8.707     0.004
     0.421    56.927    14.399     8.708     0.004
     0.421    56.931    14.400     8.708     0.004
     0.421    56.935    14.401     8.708     0.004
     0.421    56.940    14.402     8.708     0.004
     0.421    56.944    14.403     8.708     0.004
     0.421    56.948    14.404     8.708     0.004
     0.421    56.953    14.405     8.708     0.004
     0.421    56.957    14.406     8.708     0.004
     0.421    56.961    14.407     8.708     0.004
     0.421    56.966    14.408     8.708     0.004
     0.421    56.970    14.410     8.708     0.004
     0.421    56.974    14.411     8.708     0.004
     0.421    56.979    14.412     8.708     0.004
     0.421    56.983    14.413     8.709     0.004
     0.421    56.987    14.414     8.709     0.004
     0.421    56.992    14.415     8.709     0.004
     0.421    56.996    14.416     8.709     0.004
     0.420    57.000    14.417     8.709     0.004
     0.420    57.005    14.418     8.709     0.004
     0.420    57.009    14.419     8.709     0.004
     0.420    57.013    14.421     8.709     0.004
     0.420    57.018    14.422     8.709     0.004
     0.420    57.022    14.423     8.709     0.004
     0.420    57.026    14.424     8.709     0.004
     0.420    57.031    14.425     8.709     0.004
     0.420    57.035    14.426     8.710     0.004
     0.420    57.039    14.427     8.710     0.004
     0.420    57.044    14.428     8.710     0.004
     0.420    57.048    14.429     8.710     0.004
     0.420    57.052    14.430     8.710     0.004
     0.420    57.057    14.431     8.710     0.004
     0.420    57.061    14.433     8.710     0.004
     0.420    57.065    14.434     8.710     0.004
     0.420    57.069    14.435     8.710     0.004
     0.420    57.074    14.436     8.710     0.004
     0.420    57.078    14.437     8.710     0.004
     0.420    57.082    14.438     8.710     0.004
     0.420    57.087    14.439     8.710     0.004
     0.420    57.091    14.440     8.711     0.004
     0.420    57.095    14.441     8.711     0.004
     0.420    57.100    14.442     8.711     0.004
     0.420    57.104    14.444     8.711     0.004
     0.420    57.108    14.445     8.711     0.004
     0.420    57.113    14.446     8.711     0.004
     0.420    57.117    14.447     8.711     0.004
     0.420    57.121    14.448     8.711     0.004
     0.420    57.126    14.449     8.711     0.004
     0.420    57.130    14.450     8.711     0.004
     0.419    57.134    14.451     8.711     0.004
     0.419    57.139    14.452     8.711     0.004
     0.419    57.143    14.453     8.712     0.004
     0.419    57.147    14.454     8.712     0.004
     0.419    57.151    14.456     8.712     0.004
     0.419    57.156    14.457     8.712     0.004
     0.419    57.160    14.458     8.712     0.004
     0.419    57.164    14.459     8.712     0.004
     0.419    57.169    14.460     8.712     0.004
     0.419    57.173    14.461     8.712     0.004
     0.419    57.177    14.462     8.712     0.004
     0.419    57.182    14.463     8.712     0.004
     0.419    57.186    14.464     8.712     0.004
     0.419    57.190    14.465     8.712     0.004
     0.419    57.195    14.466     8.712     0.004
     0.419    57.199    14.468     8.713     0.004
     0.419    57.203    14.469     8.713     0.004
     0.419    57.207    14.470     8.713     0.004
     0.419    57.212    14.471     8.713     0.004
     0.419    57.216    14.472     8.713     0.004
     0.419    57.220    14.473     8.713     0.004
     0.419    57.225    14.474     8.713     0.004
     0.419    57.229    14.475     8.713     0.004
     0.419    57.233    14.476     8.713     0.004
     0.419    57.238    14.477     8.713     0.004
     0.419    57.242    14.479     8.713     0.004
     0.419    57.246    14.480     8.713     0.004
     0.419    57.251    14.481     8.714     0.004
     0.419    57.255    14.482     8.714     0.004
     0.419    57.259    14.483     8.714     0.004
     0.419    57.263    14.484     8.714     0.004
     0.419    57.268    14.485     8.714     0.004
     0.418    57.272    14.486     8.714     0.004
     0.418    57.276    14.487     8.714     0.004
     0.418    57.281    14.488     8.714     0.004
     0.418    57.285    14.489     8.714     0.004
     0.418    57.289    14.491     8.714     0.004
     0.418    57.294    14.492     8.714     0.004
     0.418    57.298    14.493     8.714     0.004
     0.418    57.302    14.494     8.714     0.004
     0.418    57.306    14.495     8.715     0.004
     0.418    57.311    14.496     8.715     0.004
     0.418    57.315    14.497     8.715     0.004
     0.418    57.319    14.498     8.715     0.004
     0.418    57.324    14.499     8.715     0.004
     0.418    57.328    14.500     8.715     0.004
     0.418    57.332    14.501     8.715     0.004
     0.418    57.337    14.503     8.715     0.004
     0.418    57.341    14.504     8.715     0.004
     0.418    57.345    14.505     8.715     0.004
     0.418    57.349    14.506     8.715     0.004
     0.418    57.354    14.507     8.715     0.004
     0.418    57.358    14.508     8.716     0.004
     0.418    57.362    14.509     8.716     0.004
     0.418    57.367    14.510     8.716     0.004
     0.418    57.371    14.511     8.716     0.004
     0.418    57.375    14.512     8.716     0.004
     0.418    57.380    14.513     8.716     0.004
     0.418    57.384    14.515     8.716     0.004
     0.418    57.388    14.516     8.716     0.004
     0.418    57.392    14.517     8.716     0.004
     0.418    57.397    14.518     8.716     0.004
     0.418    57.401    14.519     8.716     0.004
     0.418    57.405    14.520     8.716     0.004
     0.417    57.410    14.521     8.716     0.004
     0.417    57.414    14.522     8.717     0.004
     0.417    57.418    14.523     8.717     0.004
     0.417    57.422    14.524     8.717     0.004
     0.417    57.427    14.525     8.717     0.004
     0.417    57.431    14.526     8.717     0.004
     0.417    57.435    14.528     8.717     0.004
     0.417    57.440    14.529     8.717     0.004
     0.417    57.444    14.530     8.717     0.004
     0.417    57.448    14.531     8.717     0.004
     0.417    57.452    14.532     8.717     0.004
     0.417    57.457    14.533     8.717     0.004
     0.417    57.461    14.534     8.717     0.004
     0.417    57.465    14.535     8.718     0.004
     0.417    57.470    14.536     8.718     0.004
     0.417    57.474    14.537     8.718     0.004
     0.417    57.478    14.538     8.718     0.004
     0.417    57.482    14.540     8.718     0.004
     0.417    57.487    14.541     8.718     0.004
     0.417    57.491    14.542     8.718     0.004
     0.417    57.495    14.543     8.718     0.004
     0.417    57.500    14.544     8.718     0.004
     0.417    57.504    14.545     8.718     0.004
     0.417    57.508    14.546     8.718     0.004
     0.417    57.512    14.547     8.718     0.004
     0.417    57.517    14.548     8.718     0.004
     0.417    57.521    14.549     8.719     0.004
     0.417    57.525    14.550     8.719     0.004
     0.417    57.530    14.551     8.719     0.004
     0.417    57.534    14.553     8.719     0.004
     0.417    57.538    14.554     8.719     0.004
     0.417    57.542    14.555     8.719     0.004
     0.416    57.547    14.556     8.719     0.004
     0.416    57.551    14.557     8.719     0.004
     0.416    57.555    14.558     8.719     0.004
     0.416    57.560    14.559     8.719     0.004
     0.416    57.564    14.560     8.719     0.004
     0.416    57.568    14.561     8.719     0.004
     0.416    57.572    14.562     8.720     0.004
     0.416    57.577    14.563     8.720     0.004
     0.416    57.581    14.565     8.720     0.004
     0.416    57.585    14.566     8.720     0.004
     0.416    57.590    14.567     8.720     0.004
     0.416    57.594    14.568     8.720     0.004
     0.416    57.598    14.569     8.720     0.004
     0.416    57.602    14.570     8.720     0.004
     0.416    57.607    14.571     8.720     0.004
     0.416    57.611    14.572     8.720     0.004
     0.416    57.615    14.573     8.720     0.004
     0.416    57.619    14.574     8.720     0.004
     0.416    57.624    14.575     8.720     0.004
     0.416    57.628    14.576     8.721     0.004
     0.416    57.632    14.578     8.721     0.004
     0.416    57.637    14.579     8.721     0.004
     0.416    57.641    14.580     8.721     0.004
     0.416    57.645    14.581     8.721     0.004
     0.416    57.649    14.582     8.721     0.004
     0.416    57.654    14.583     8.721     0.004
     0.416    57.658    14.584     8.721     0.004
     0.416    57.662    14.585     8.721     0.004
     0.416    57.667    14.586     8.721     0.004
     0.416    57.671    14.587     8.721     0.004
     0.416    57.675    14.588     8.721     0.004
     0.416    57.679    14.589     8.722     0.004
     0.415    57.684    14.591     8.722     0.004
     0.415    57.688    14.592     8.722     0.004
     0.415    57.692    14.593     8.722     0.004
     0.415    57.696    14.594     8.722     0.004
     0.415    57.701    14.595     8.722     0.004
     0.415    57.705    14.596     8.722     0.004
     0.415    57.709    14.597     8.722     0.004
     0.415    57.714    14.598     8.722     0.004
     0.415    57.718    14.599     8.722     0.004
     0.415    57.722    14.600     8.722     0.004
     0.415    57.726    14.601     8.722     0.004
     0.415    57.731    14.602     8.722     0.004
     0.415    57.735    14.604     8.723     0.004
     0.415    57.739    14.605     8.723     0.004
     0.415    57.743    14.606     8.723     0.004
     0.415    57.748    14.607     8.723     0.004
     0.415    57.752    14.608     8.723     0.004
     0.415    57.756    14.609     8.723     0.004
     0.415    57.760    14.610     8.723     0.004
     0.415    57.765    14.611     8.723     0.004
     0.415    57.769    14.612     8.723     0.004
     0.415    57.773    14.613     8.723     0.004
     0.415    57.778    14.614     8.723     0.004
     0.415    57.782    14.615     8.723     0.004
     0.415    57.786    14.617     8.724     0.004
     0.415    57.790    14.618     8.724     0.004
     0.415    57.795    14.619     8.724     0.004
     0.415    57.799    14.620     8.724     0.004
     0.415    57.803    14.621     8.724     0.004
     0.415    57.807    14.622     8.724     0.004
     0.415    57.812    14.623     8.724     0.004
     0.415    57.816    14.624     8.724     0.004
     0.415    57.820    14.625     8.724     0.004
     0.414    57.824    14.626     8.724     0.004
     0.414    57.829    14.627     8.724     0.004
     0.414    57.833    14.628     8.724     0.004
     0.414    57.837    14.630     8.724     0.004
     0.414    57.841    14.631     8.725     0.004
     0.414    57.846    14.632     8.725     0.004
     0.414    57.850    14.633     8.725     0.004
     0.414    57.854    14.634     8.725     0.004
     0.414    57.858    14.635     8.725     0.004
     0.414    57.863    14.636     8.725     0.004
     0.414    57.867    14.637     8.725     0.004
     0.414    57.871    14.638     8.725     0.004
     0.414    57.876    14.639     8.725     0.004
     0.414    57.880    14.640     8.725     0.004
     0.414    57.884    14.641     8.725     0.004
     0.414    57.888    14.642     8.725     0.004
     0.414    57.893    14.644     8.726     0.004
     0.414    57.897    14.645     8.726     0.004
     0.414    57.901    14.646     8.726     0.004
     0.414    57.905    14.647     8.726     0.004
     0.414    57.910    14.648     8.726     0.004
     0.414    57.914    14.649     8.726     0.004
     0.414    57.918    14.650     8.726     0.004
     0.414    57.922    14.651     8.726     0.004
     0.414    57.927    14.652     8.726     0.004
     0.414    57.931    14.653     8.726     0.004
     0.414    57.935    14.654     8.726     0.004
     0.414    57.939    14.655     8.726     0.004
     0.414    57.944    14.656     8.726     0.004
     0.414    57.948    14.658     8.727     0.004
     0.414    57.952    14.659     8.727     0.004
     0.414    57.956    14.660     8.727     0.004
     0.414    57.961    14.661     8.727     0.004
     0.413    57.965    14.662     8.727     0.004
     0.413    57.969    14.663     8.727     0.004
     0.413    57.973    14.664     8.727     0.004
     0.413    57.978    14.665     8.727     0.004
     0.413    57.982    14.666     8.727     0.004
     0.413    57.986    14.667     8.727     0.004
     0.413    57.990    14.668     8.727     0.004
     0.413    57.995    14.669     8.727     0.004
     0.413    57.999    14.671     8.728     0.004
     0.413    58.003    14.672     8.728     0.004
     0.413    58.007    14.673     8.728     0.004
     0.413    58.012    14.674     8.728     0.004
     0.413    58.016    14.675     8.728     0.004
     0.413    58.020    14.676     8.728     0.004
     0.413    58.024    14.677     8.728     0.004
     0.413    58.029    14.678     8.728     0.004
     0.413    58.033    14.679     8.728     0.004
     0.413    58.037    14.680     8.728     0.004
     0.413    58.041    14.681     8.728     0.004
     0.413    58.046    14.682     8.728     0.004
     0.413    58.050    14.683     8.728     0.004
     0.413    58.054    14.685     8.729     0.004
     0.413    58.058    14.686     8.729     0.004
     0.413    58.063    14.687     8.729     0.004
     0.413    58.067    14.688     8.729     0.004
     0.413    58.071    14.689     8.729     0.004
     0.413    58.075    14.690     8.729     0.004
     0.413    58.080    14.691     8.729     0.004
     0.413    58.084    14.692     8.729     0.004
     0.413    58.088    14.693     8.729     0.004
     0.413    58.092    14.694     8.729     0.004
     0.413    58.097    14.695     8.729     0.004
     0.413    58.101    14.696     8.729     0.004
     0.412    58.105    14.697     8.730     0.004
     0.412    58.109    14.699     8.730     0.004
     0.412    58.113    14.700     8.730     0.004
     0.412    58.118    14.701     8.730     0.004
     0.412    58.122    14.702     8.730     0.004
     0.412    58.126    14.703     8.730     0.004
     0.412    58.130    14.704     8.730     0.004
     0.412    58.135    14.705     8.730     0.004
     0.412    58.139    14.706     8.730     0.004
     0.412    58.143    14.707     8.730     0.004
     0.412    58.147    14.708     8.730     0.004
     0.412    58.152    14.709     8.730     0.004
     0.412    58.156    14.710     8.730     0.004
     0.412    58.160    14.711     8.731     0.004
     0.412    58.164    14.712     8.731     0.004
     0.412    58.169    14.714     8.731     0.004
     0.412    58.173    14.715     8.731     0.004
     0.412    58.177    14.716     8.731     0.004
     0.412    58.181    14.717     8.731     0.004
     0.412    58.186    14.718     8.731     0.004
     0.412    58.190    14.719     8.731     0.004
     0.412    58.194    14.720     8.731     0.004
     0.412    58.198    14.721     8.731     0.004
     0.412    58.202    14.722     8.731     0.004
     0.412    58.207    14.723     8.731     0.004
     0.412    58.211    14.724     8.732     0.004
     0.412    58.215    14.725     8.732     0.004
     0.412    58.219    14.726     8.732     0.004
     0.412    58.224    14.728     8.732     0.004
     0.412    58.228    14.729     8.732     0.004
     0.412    58.232    14.730     8.732     0.004
     0.412    58.236    14.731     8.732     0.004
     0.412    58.241    14.732     8.732     0.004
     0.411    58.245    14.733     8.732     0.004
     0.411    58.249    14.734     8.732     0.004
     0.411    58.253    14.735     8.732     0.004
     0.411    58.257    14.736     8.732     0.004
     0.411    58.262    14.737     8.732     0.004
     0.411    58.266    14.738     8.733     0.004
     0.411    58.270    14.739     8.733     0.004
     0.411    58.274    14.740     8.733     0.004
     0.411    58.279    14.741     8.733     0.004
     0.411    58.283    14.743     8.733     0.004
     0.411    58.287    14.744     8.733     0.004
     0.411    58.291    14.745     8.733     0.004
     0.411    58.296    14.746     8.733     0.004
     0.411    58.300    14.747     8.733     0.004
     0.411    58.304    14.748     8.733     0.004
     0.411    58.308    14.749     8.733     0.004
     0.411    58.312    14.750     8.733     0.004
     0.411    58.317    14.751     8.734     0.004
     0.411    58.321    14.752     8.734     0.004
     0.411    58.325    14.753     8.734     0.004
     0.411    58.329    14.754     8.734     0.004
     0.411    58.334    14.755     8.734     0.004
     0.411    58.338    14.756     8.734     0.004
     0.411    58.342    14.758     8.734     0.004
     0.411    58.346    14.759     8.734     0.004
     0.411    58.350    14.760     8.734     0.004
     0.411    58.355    14.761     8.734     0.004
     0.411    58.359    14.762     8.734     0.004
     0.411    58.363    14.763     8.734     0.004
     0.411    58.367    14.764     8.734     0.004
     0.411    58.372    14.765     8.735     0.004
     0.411    58.376    14.766     8.735     0.004
     0.411    58.380    14.767     8.735     0.004
     0.411    58.384    14.768     8.735     0.004
     0.410    58.388    14.769     8.735     0.004
     0.410    58.393    14.770     8.735     0.004
     0.410    58.397    14.771     8.735     0.004
     0.410    58.401    14.773     8.735     0.004
     0.410    58.405    14.774     8.735     0.004
     0.410    58.410    14.775     8.735     0.004
     0.410    58.414    14.776     8.735     0.004
     0.410    58.418    14.777     8.735     0.004
     0.410    58.422    14.778     8.736     0.004
     0.410    58.426    14.779     8.736     0.004
     0.410    58.431    14.780     8.736     0.004
     0.410    58.435    14.781     8.736     0.004
     0.410    58.439    14.782     8.736     0.004
     0.410    58.443    14.783     8.736     0.004
     0.410    58.448    14.784     8.736     0.004
     0.410    58.452    14.785     8.736     0.004
     0.410    58.456    14.786     8.736     0.004
     0.410    58.460    14.788     8.736     0.004
     0.410    58.464    14.789     8.736     0.004
     0.410    58.469    14.790     8.736     0.004
     0.410    58.473    14.791     8.736     0.004
     0.410    58.477    14.792     8.737     0.004
     0.410    58.481    14.793     8.737     0.004
     0.410    58.485    14.794     8.737     0.004
     0.410    58.490    14.795     8.737     0.004
     0.410    58.494    14.796     8.737     0.004
     0.410    58.498    14.797     8.737     0.004
     0.410    58.502    14.798     8.737     0.004
     0.410    58.507    14.799     8.737     0.004
     0.410    58.511    14.800     8.737     0.004
     0.410    58.515    14.801     8.737     0.004
     0.410    58.519    14.802     8.737     0.004
     0.410    58.523    14.804     8.737     0.004
     0.409    58.528    14.805     8.738     0.004
     0.409    58.532    14.806     8.738     0.004
     0.409    58.536    14.807     8.738     0.004
     0.409    58.540    14.808     8.738     0.004
     0.409    58.544    14.809     8.738     0.004
     0.409    58.549    14.810     8.738     0.004
     0.409    58.553    14.811     8.738     0.004
     0.409    58.557    14.812     8.738     0.004
     0.409    58.561    14.813     8.738     0.004
     0.409    58.565    14.814     8.738     0.004
     0.409    58.570    14.815     8.738     0.004
     0.409    58.574    14.816     8.738     0.004
     0.409    58.578    14.817     8.738     0.004
     0.409    58.582    14.818     8.739     0.004
     0.409    58.587    14.820     8.739     0.004
     0.409    58.591    14.821     8.739     0.004
     0.409    58.595    14.822     8.739     0.004
     0.409    58.599    14.823     8.739     0.004
     0.409    58.603    14.824     8.739     0.004
     0.409    58.608    14.825     8.739     0.004
     0.409    58.612    14.826     8.739     0.004
     0.409    58.616    14.827     8.739     0.004
     0.409    58.620    14.828     8.739     0.004
     0.409    58.624    14.829     8.739     0.004
     0.409    58.629    14.830     8.739     0.004
     0.409    58.633    14.831     8.740     0.004
     0.409    58.637    14.832     8.740     0.004
     0.409    58.641    14.833     8.740     0.004
     0.409    58.645    14.834     8.740     0.004
     0.409    58.650    14.836     8.740     0.004
     0.409    58.654    14.837     8.740     0.004
     0.409    58.658    14.838     8.740     0.004
     0.409    58.662    14.839     8.740     0.004
     0.409    58.666    14.840     8.740     0.004
     0.409    58.671    14.841     8.740     0.004
     0.408    58.675    14.842     8.740     0.004
     0.408    58.679    14.843     8.740     0.004
     0.408    58.683    14.844     8.740     0.004
     0.408    58.687    14.845     8.741     0.004
     0.408    58.692    14.846     8.741     0.004
     0.408    58.696    14.847     8.741     0.004
     0.408    58.700    14.848     8.741     0.004
     0.408    58.704    14.849     8.741     0.004
     0.408    58.708    14.850     8.741     0.004
     0.408    58.713    14.852     8.741     0.004
     0.408    58.717    14.853     8.741     0.004
     0.408    58.721    14.854     8.741     0.004
     0.408    58.725    14.855     8.741     0.004
     0.408    58.729    14.856     8.741     0.004
     0.408    58.734    14.857     8.741     0.004
     0.408    58.738    14.858     8.742     0.004
     0.408    58.742    14.859     8.742     0.004
     0.408    58.746    14.860     8.742     0.004
     0.408    58.750    14.861     8.742     0.004
     0.408    58.755    14.862     8.742     0.004
     0.408    58.759    14.863     8.742     0.004
     0.408    58.763    14.864     8.742     0.004
     0.408    58.767    14.865     8.742     0.004
     0.408    58.771    14.866     8.742     0.004
     0.408    58.775    14.867     8.742     0.004
     0.408    58.780    14.869     8.742     0.004
     0.408    58.784    14.870     8.742     0.004
     0.408    58.788    14.871     8.742     0.004
     0.408    58.792    14.872     8.743     0.004
     0.408    58.796    14.873     8.743     0.004
     0.408    58.801    14.874     8.743     0.004
     0.408    58.805    14.875     8.743     0.004
     0.408    58.809    14.876     8.743     0.004
     0.408    58.813    14.877     8.743     0.004
     0.407    58.817    14.878     8.743     0.004
     0.407    58.822    14.879     8.743     0.004
     0.407    58.826    14.880     8.743     0.004
     0.407    58.830    14.881     8.743     0.004
     0.407    58.834    14.882     8.743     0.004
     0.407    58.838    14.883     8.743     0.004
     0.407    58.843    14.884     8.744     0.004
     0.407    58.847    14.886     8.744     0.004
     0.407    58.851    14.887     8.744     0.004
     0.407    58.855    14.888     8.744     0.004
     0.407    58.859    14.889     8.744     0.004
     0.407    58.863    14.890     8.744     0.004
     0.407    58.868    14.891     8.744     0.004
     0.407    58.872    14.892     8.744     0.004
     0.407    58.876    14.893     8.744     0.004
     0.407    58.880    14.894     8.744     0.004
     0.407    58.884    14.895     8.744     0.004
     0.407    58.889    14.896     8.744     0.004
     0.407    58.893    14.897     8.744     0.004
     0.407    58.897    14.898     8.745     0.004
     0.407    58.901    14.899     8.745     0.004
     0.407    58.905    14.900     8.745     0.004
     0.407    58.910    14.901     8.745     0.004
     0.407    58.914    14.903     8.745     0.004
     0.407    58.918    14.904     8.745     0.004
     0.407    58.922    14.905     8.745     0.004
     0.407    58.926    14.906     8.745     0.004
     0.407    58.930    14.907     8.745     0.004
     0.407    58.935    14.908     8.745     0.004
     0.407    58.939    14.909     8.745     0.004
     0.407    58.943    14.910     8.745     0.004
     0.407    58.947    14.911     8.746     0.004
     0.407    58.951    14.912     8.746     0.004
     0.407    58.956    14.913     8.746     0.004
     0.406    58.960    14.914     8.746     0.004
     0.406    58.964    14.915     8.746     0.004
     0.406    58.968    14.916     8.746     0.004
     0.406    58.972    14.917     8.746     0.004
     0.406    58.976    14.918     8.746     0.004
     0.406    58.981    14.919     8.746     0.004
     0.406    58.985    14.921     8.746     0.004
     0.406    58.989    14.922     8.746     0.004
     0.406    58.993    14.923     8.746     0.004
     0.406    58.997    14.924     8.746     0.004
     0.406    59.001    14.925     8.747     0.004
     0.406    59.006    14.926     8.747     0.004
     0.406    59.010    14.927     8.747     0.004
     0.406    59.014    14.928     8.747     0.004
     0.406    59.018    14.929     8.747     0.004
     0.406    59.022    14.930     8.747     0.004
     0.406    59.027    14.931     8.747     0.004
     0.406    59.031    14.932     8.747     0.004
     0.406    59.035    14.933     8.747     0.004
     0.406    59.039    14.934     8.747     0.004
     0.406    59.043    14.935     8.747     0.004
     0.406    59.047    14.936     8.747     0.004
     0.406    59.052    14.937     8.748     0.004
     0.406    59.056    14.939     8.748     0.004
     0.406    59.060    14.940     8.748     0.004
     0.406    59.064    14.941     8.748     0.004
     0.406    59.068    14.942     8.748     0.004
     0.406    59.072    14.943     8.748     0.004
     0.406    59.077    14.944     8.748     0.004
     0.406    59.081    14.945     8.748     0.004
     0.406    59.085    14.946     8.748     0.004
     0.406    59.089    14.947     8.748     0.004
     0.406    59.093    14.948     8.748     0.004
     0.406    59.097    14.949     8.748     0.004
     0.406    59.102    14.950     8.748     0.004
     0.405    59.106    14.951     8.749     0.004
     0.405    59.110    14.952     8.749     0.004
     0.405    59.114    14.953     8.749     0.004
     0.405    59.118    14.954     8.749     0.004
     0.405    59.122    14.955     8.749     0.004
     0.405    59.127    14.957     8.749     0.004
     0.405    59.131    14.958     8.749     0.004
     0.405    59.135    14.959     8.749     0.004
     0.405    59.139    14.960     8.749     0.004
     0.405    59.143    14.961     8.749     0.004
     0.405    59.148    14.962     8.749     0.004
     0.405    59.152    14.963     8.749     0.004
     0.405    59.156    14.964     8.750     0.004
     0.405    59.160    14.965     8.750     0.004
     0.405    59.164    14.966     8.750     0.004
     0.405    59.168    14.967     8.750     0.004
     0.405    59.173    14.968     8.750     0.004
     0.405    59.177    14.969     8.750     0.004
     0.405    59.181    14.970     8.750     0.004
     0.405    59.185    14.971     8.750     0.004
     0.405    59.189    14.972     8.750     0.004
     0.405    59.193    14.973     8.750     0.004
     0.405    59.197    14.974     8.750     0.004
     0.405    59.202    14.976     8.750     0.004
     0.405    59.206    14.977     8.750     0.004
     0.405    59.210    14.978     8.751     0.004
     0.405    59.214    14.979     8.751     0.004
     0.405    59.218    14.980     8.751     0.004
     0.405    59.222    14.981     8.751     0.004
     0.405    59.227    14.982     8.751     0.004
     0.405    59.231    14.983     8.751     0.004
     0.405    59.235    14.984     8.751     0.004
     0.405    59.239    14.985     8.751     0.004
     0.405    59.243    14.986     8.751     0.004
     0.405    59.247    14.987     8.751     0.004
     0.404    59.252    14.988     8.751     0.004
     0.404    59.256    14.989     8.751     0.004
     0.404    59.260    14.990     8.752     0.004
     0.404    59.264    14.991     8.752     0.004
     0.404    59.268    14.992     8.752     0.004
     0.404    59.272    14.993     8.752     0.004
     0.404    59.277    14.995     8.752     0.004
     0.404    59.281    14.996     8.752     0.004
     0.404    59.285    14.997     8.752     0.004
     0.404    59.289    14.998     8.752     0.004
     0.404    59.293    14.999     8.752     0.004
     0.404    59.297    15.000     8.752     0.004
     0.404    59.301    15.001     8.752     0.004
     0.404    59.306    15.002     8.752     0.004
     0.404    59.310    15.003     8.752     0.004
     0.404    59.314    15.004     8.753     0.004
     0.404    59.318    15.005     8.753     0.004
     0.404    59.322    15.006     8.753     0.004
     0.404    59.326    15.007     8.753     0.004
     0.404    59.331    15.008     8.753     0.004
     0.404    59.335    15.009     8.753     0.004
     0.404    59.339    15.010     8.753     0.004
     0.404    59.343    15.011     8.753     0.004
     0.404    59.347    15.012     8.753     0.004
     0.404    59.351    15.014     8.753     0.004
     0.404    59.355    15.015     8.753     0.004
     0.404    59.360    15.016     8.753     0.004
     0.404    59.364    15.017     8.754     0.004
     0.404    59.368    15.018     8.754     0.004
     0.404    59.372    15.019     8.754     0.004
     0.404    59.376    15.020     8.754     0.004
     0.404    59.380    15.021     8.754     0.004
     0.404    59.385    15.022     8.754     0.004
     0.404    59.389    15.023     8.754     0.004
     0.404    59.393    15.024     8.754     0.004
     0.404    59.397    15.025     8.754     0.004
     0.403    59.401    15.026     8.754     0.004
     0.403    59.405    15.027     8.754     0.004
     0.403    59.409    15.028     8.754     0.004
     0.403    59.414    15.029     8.754     0.004
     0.403    59.418    15.030     8.755     0.004
     0.403    59.422    15.031     8.755     0.004
     0.403    59.426    15.032     8.755     0.004
     0.403    59.430    15.034     8.755     0.004
     0.403    59.434    15.035     8.755     0.004
     0.403    59.438    15.036     8.755     0.004
     0.403    59.443    15.037     8.755     0.004
     0.403    59.447    15.038     8.755     0.004
     0.403    59.451    15.039     8.755     0.004
     0.403    59.455    15.040     8.755     0.004
     0.403    59.459    15.041     8.755     0.004
     0.403    59.463    15.042     8.755     0.004
     0.403    59.467    15.043     8.756     0.004
     0.403    59.472    15.044     8.756     0.004
     0.403    59.476    15.045     8.756     0.004
     0.403    59.480    15.046     8.756     0.004
     0.403    59.484    15.047     8.756     0.004
     0.403    59.488    15.048     8.756     0.004
     0.403    59.492    15.049     8.756     0.004
     0.403    59.496    15.050     8.756     0.004
     0.403    59.501    15.051     8.756     0.004
     0.403    59.505    15.052     8.756     0.004
     0.403    59.509    15.053     8.756     0.004
     0.403    59.513    15.055     8.756     0.004
     0.403    59.517    15.056     8.756     0.004
     0.403    59.521    15.057     8.757     0.004
     0.403    59.525    15.058     8.757     0.004
     0.403    59.530    15.059     8.757     0.004
     0.403    59.534    15.060     8.757     0.004
     0.403    59.538    15.061     8.757     0.004
     0.403    59.542    15.062     8.757     0.004
     0.402    59.546    15.063     8.757     0.004
     0.402    59.550    15.064     8.757     0.004
     0.402    59.554    15.065     8.757     0.004
     0.402    59.559    15.066     8.757     0.004
     0.402    59.563    15.067     8.757     0.004
     0.402    59.567    15.068     8.757     0.004
     0.402    59.571    15.069     8.758     0.004
     0.402    59.575    15.070     8.758     0.004
     0.402    59.579    15.071     8.758     0.004
     0.402    59.583    15.072     8.758     0.004
     0.402    59.588    15.073     8.758     0.004
     0.402    59.592    15.074     8.758     0.004
     0.402    59.596    15.076     8.758     0.004
     0.402    59.600    15.077     8.758     0.004
     0.402    59.604    15.078     8.758     0.004
     0.402    59.608    15.079     8.758     0.004
     0.402    59.612    15.080     8.758     0.004
     0.402    59.617    15.081     8.758     0.004
     0.402    59.621    15.082     8.758     0.004
     0.402    59.625    15.083     8.759     0.004
     0.402    59.629    15.084     8.759     0.004
     0.402    59.633    15.085     8.759     0.004
     0.402    59.637    15.086     8.759     0.004
     0.402    59.641    15.087     8.759     0.004
     0.402    59.645    15.088     8.759     0.004
     0.402    59.650    15.089     8.759     0.004
     0.402    59.654    15.090     8.759     0.004
     0.402    59.658    15.091     8.759     0.004
     0.402    59.662    15.092     8.759     0.004
     0.402    59.666    15.093     8.759     0.004
     0.402    59.670    15.094     8.759     0.004
     0.402    59.674    15.095     8.760     0.004
     0.402    59.678    15.096     8.760     0.004
     0.402    59.683    15.098     8.760     0.004
     0.402    59.687    15.099     8.760     0.004
     0.402    59.691    15.100     8.760     0.004
     0.401    59.695    15.101     8.760     0.004
     0.401    59.699    15.102     8.760     0.004
     0.401    59.703    15.103     8.760     0.004
     0.401    59.707    15.104     8.760     0.004
     0.401    59.712    15.105     8.760     0.004
     0.401    59.716    15.106     8.760     0.004
     0.401    59.720    15.107     8.760     0.004
     0.401    59.724    15.108     8.760     0.004
     0.401    59.728    15.109     8.761     0.004
     0.401    59.732    15.110     8.761     0.004
     0.401    59.736    15.111     8.761     0.004
     0.401    59.740    15.112     8.761     0.004
     0.401    59.745    15.113     8.761     0.004
     0.401    59.749    15.114     8.761     0.004
     0.401    59.753    15.115     8.761     0.004
     0.401    59.757    15.116     8.761     0.004
     0.401    59.761    15.117     8.761     0.004
     0.401    59.765    15.118     8.761     0.004
     0.401    59.769    15.119     8.761     0.004
     0.401    59.773    15.121     8.761     0.004
     0.401    59.778    15.122     8.762     0.004
     0.401    59.782    15.123     8.762     0.004
     0.401    59.786    15.124     8.762     0.004
     0.401    59.790    15.125     8.762     0.004
     0.401    59.794    15.126     8.762     0.004
     0.401    59.798    15.127     8.762     0.004
     0.401    59.802    15.128     8.762     0.004
     0.401    59.806    15.129     8.762     0.004
     0.401    59.811    15.130     8.762     0.004
     0.401    59.815    15.131     8.762     0.004
     0.401    59.819    15.132     8.762     0.004
     0.401    59.823    15.133     8.762     0.004
     0.401    59.827    15.134     8.762     0.004
     0.401    59.831    15.135     8.763     0.004
     0.401    59.835    15.136     8.763     0.004
     0.401    59.839    15.137     8.763     0.004
     0.400    59.843    15.138     8.763     0.004
     0.400    59.848    15.139     8.763     0.004
     0.400    59.852    15.140     8.763     0.004
     0.400    59.856    15.141     8.763     0.004
     0.400    59.860    15.142     8.763     0.004
     0.400    59.864    15.144     8.763     0.004
     0.400    59.868    15.145     8.763     0.004
     0.400    59.872    15.146     8.763     0.004
     0.400    59.876    15.147     8.763     0.004
     0.400    59.881    15.148     8.764     0.004
     0.400    59.885    15.149     8.764     0.004
     0.400    59.889    15.150     8.764     0.004
     0.400    59.893    15.151     8.764     0.004
     0.400    59.897    15.152     8.764     0.004
     0.400    59.901    15.153     8.764     0.004
     0.400    59.905    15.154     8.764     0.004
     0.400    59.909    15.155     8.764     0.004
     0.400    59.913    15.156     8.764     0.004
     0.400    59.918    15.157     8.764     0.004
     0.400    59.922    15.158     8.764     0.004
     0.400    59.926    15.159     8.764     0.004
     0.400    59.930    15.160     8.764     0.004
     0.400    59.934    15.161     8.765     0.004
     0.400    59.938    15.162     8.765     0.004
     0.400    59.942    15.163     8.765     0.004
     0.400    59.946    15.164     8.765     0.004
     0.400    59.950    15.165     8.765     0.004
     0.400    59.955    15.166     8.765     0.004
     0.400    59.959    15.168     8.765     0.004
     0.400    59.963    15.169     8.765     0.004
     0.400    59.967    15.170     8.765     0.004
     0.400    59.971    15.171     8.765     0.004
     0.400    59.975    15.172     8.765     0.004
     0.400    59.979    15.173     8.765     0.004
     0.400    59.983    15.174     8.766     0.004
     0.400    59.987    15.175     8.766     0.004
     0.400    59.992    15.176     8.766     0.004
     0.399    59.996    15.177     8.766     0.004
     0.399    60.000    15.178     8.766     0.004
     0.399    60.004    15.179     8.766     0.004
     0.399    60.008    15.180     8.766     0.004
     0.399    60.012    15.181     8.766     0.004
     0.399    60.016    15.182     8.766     0.004
     0.399    60.020    15.183     8.766     0.004
     0.399    60.024    15.184     8.766     0.004
     0.399    60.029    15.185     8.766     0.004
     0.399    60.033    15.186     8.766     0.004
     0.399    60.037    15.187     8.767     0.004
     0.399    60.041    15.188     8.767     0.004
     0.399    60.045    15.189     8.767     0.004
     0.399    60.049    15.190     8.767     0.004
     0.399    60.053    15.191     8.767     0.004
     0.399    60.057    15.193     8.767     0.004
     0.399    60.061    15.194     8.767     0.004
     0.399    60.065    15.195     8.767     0.004
     0.399    60.070    15.196     8.767     0.004
     0.399    60.074    15.197     8.767     0.004
     0.399    60.078    15.198     8.767     0.004
     0.399    60.082    15.199     8.767     0.004
     0.399    60.086    15.200     8.768     0.004
     0.399    60.090    15.201     8.768     0.004
     0.399    60.094    15.202     8.768     0.004
     0.399    60.098    15.203     8.768     0.004
     0.399    60.102    15.204     8.768     0.004
     0.399    60.106    15.205     8.768     0.004
     0.399    60.111    15.206     8.768     0.004
     0.399    60.115    15.207     8.768     0.004
     0.399    60.119    15.208     8.768     0.004
     0.399    60.123    15.209     8.768     0.004
     0.399    60.127    15.210     8.768     0.004
     0.399    60.131    15.211     8.768     0.004
     0.399    60.135    15.212     8.768     0.004
     0.399    60.139    15.213     8.769     0.004
     0.398    60.143    15.214     8.769     0.004
     0.398    60.147    15.215     8.769     0.004
     0.398    60.152    15.216     8.769     0.004
     0.398    60.156    15.217     8.769     0.004
     0.398    60.160    15.219     8.769     0.004
     0.398    60.164    15.220     8.769     0.004
     0.398    60.168    15.221     8.769     0.004
     0.398    60.172    15.222     8.769     0.004
     0.398    60.176    15.223     8.769     0.004
     0.398    60.180    15.224     8.769     0.004
     0.398    60.184    15.225     8.769     0.004
     0.398    60.188    15.226     8.770     0.004
     0.398    60.193    15.227     8.770     0.004
     0.398    60.197    15.228     8.770     0.004
     0.398    60.201    15.229     8.770     0.004
     0.398    60.205    15.230     8.770     0.004
     0.398    60.209    15.231     8.770     0.004
     0.398    60.213    15.232     8.770     0.004
     0.398    60.217    15.233     8.770     0.004
     0.398    60.221    15.234     8.770     0.004
     0.398    60.225    15.235     8.770     0.004
     0.398    60.229    15.236     8.770     0.004
     0.398    60.233    15.237     8.770     0.004
     0.398    60.238    15.238     8.770     0.004
     0.398    60.242    15.239     8.771     0.004
     0.398    60.246    15.240     8.771     0.004
     0.398    60.250    15.241     8.771     0.004
     0.398    60.254    15.242     8.771     0.004
     0.398    60.258    15.243     8.771     0.004
     0.398    60.262    15.244     8.771     0.004
     0.398    60.266    15.245     8.771     0.004
     0.398    60.270    15.247     8.771     0.004
     0.398    60.274    15.248     8.771     0.004
     0.398    60.278    15.249     8.771     0.004
     0.398    60.283    15.250     8.771     0.004
     0.398    60.287    15.251     8.771     0.004
     0.398    60.291    15.252     8.772     0.004
     0.397    60.295    15.253     8.772     0.004
     0.397    60.299    15.254     8.772     0.004
     0.397    60.303    15.255     8.772     0.004
     0.397    60.307    15.256     8.772     0.004
     0.397    60.311    15.257     8.772     0.004
     0.397    60.315    15.258     8.772     0.004
     0.397    60.319    15.259     8.772     0.004
     0.397    60.323    15.260     8.772     0.004
     0.397    60.328    15.261     8.772     0.004
     0.397    60.332    15.262     8.772     0.004
     0.397    60.336    15.263     8.772     0.004
     0.397    60.340    15.264     8.772     0.004
     0.397    60.344    15.265     8.773     0.004
     0.397    60.348    15.266     8.773     0.004
     0.397    60.352    15.267     8.773     0.004
     0.397    60.356    15.268     8.773     0.004
     0.397    60.360    15.269     8.773     0.004
     0.397    60.364    15.270     8.773     0.004
     0.397    60.368    15.271     8.773     0.004
     0.397    60.372    15.272     8.773     0.004
     0.397    60.377    15.273     8.773     0.004
     0.397    60.381    15.275     8.773     0.004
     0.397    60.385    15.276     8.773     0.004
     0.397    60.389    15.277     8.773     0.004
     0.397    60.393    15.278     8.774     0.004
     0.397    60.397    15.279     8.774     0.004
     0.397    60.401    15.280     8.774     0.004
     0.397    60.405    15.281     8.774     0.004
     0.397    60.409    15.282     8.774     0.004
     0.397    60.413    15.283     8.774     0.004
     0.397    60.417    15.284     8.774     0.004
     0.397    60.421    15.285     8.774     0.004
     0.397    60.425    15.286     8.774     0.004
     0.397    60.430    15.287     8.774     0.004
     0.397    60.434    15.288     8.774     0.004
     0.397    60.438    15.289     8.774     0.004
     0.397    60.442    15.290     8.774     0.004
     0.397    60.446    15.291     8.775     0.004
     0.396    60.450    15.292     8.775     0.004
     0.396    60.454    15.293     8.775     0.004
     0.396    60.458    15.294     8.775     0.004
     0.396    60.462    15.295     8.775     0.004
     0.396    60.466    15.296     8.775     0.004
     0.396    60.470    15.297     8.775     0.004
     0.396    60.474    15.298     8.775     0.004
     0.396    60.478    15.299     8.775     0.004
     0.396    60.483    15.300     8.775     0.004
     0.396    60.487    15.301     8.775     0.004
     0.396    60.491    15.302     8.775     0.004
     0.396    60.495    15.303     8.776     0.004
     0.396    60.499    15.304     8.776     0.004
     0.396    60.503    15.306     8.776     0.004
     0.396    60.507    15.307     8.776     0.004
     0.396    60.511    15.308     8.776     0.004
     0.396    60.515    15.309     8.776     0.004
     0.396    60.519    15.310     8.776     0.004
     0.396    60.523    15.311     8.776     0.004
     0.396    60.527    15.312     8.776     0.004
     0.396    60.531    15.313     8.776     0.004
     0.396    60.536    15.314     8.776     0.004
     0.396    60.540    15.315     8.776     0.004
     0.396    60.544    15.316     8.776     0.004
     0.396    60.548    15.317     8.777     0.004
     0.396    60.552    15.318     8.777     0.004
     0.396    60.556    15.319     8.777     0.004
     0.396    60.560    15.320     8.777     0.004
     0.396    60.564    15.321     8.777     0.004
     0.396    60.568    15.322     8.777     0.004
     0.396    60.572    15.323     8.777     0.004
     0.396    60.576    15.324     8.777     0.004
     0.396    60.580    15.325     8.777     0.004
     0.396    60.584    15.326     8.777     0.004
     0.396    60.588    15.327     8.777     0.004
     0.396    60.593    15.328     8.777     0.004
     0.396    60.597    15.329     8.778     0.004
     0.395    60.601    15.330     8.778     0.004
     0.395    60.605    15.331     8.778     0.004
     0.395    60.609    15.332     8.778     0.004
     0.395    60.613    15.333     8.778     0.004
     0.395    60.617    15.334     8.778     0.004
     0.395    60.621    15.335     8.778     0.004
     0.395    60.625    15.336     8.778     0.004
     0.395    60.629    15.338     8.778     0.004
     0.395    60.633    15.339     8.778     0.004
     0.395    60.637    15.340     8.778     0.004
     0.395    60.641    15.341     8.778     0.004
     0.395    60.645    15.342     8.778     0.004
     0.395    60.649    15.343     8.779     0.004
     0.395    60.653    15.344     8.779     0.004
     0.395    60.658    15.345     8.779     0.004
     0.395    60.662    15.346     8.779     0.004
     0.395    60.666    15.347     8.779     0.004
     0.395    60.670    15.348     8.779     0.004
     0.395    60.674    15.349     8.779     0.004
     0.395    60.678    15.350     8.779     0.004
     0.395    60.682    15.351     8.779     0.004
     0.395    60.686    15.352     8.779     0.004
     0.395    60.690    15.353     8.779     0.004
     0.395    60.694    15.354     8.779     0.004
     0.395    60.698    15.355     8.780     0.004
     0.395    60.702    15.356     8.780     0.004
     0.395    60.706    15.357     8.780     0.004
     0.395    60.710    15.358     8.780     0.004
     0.395    60.714    15.359     8.780     0.004
     0.395    60.718    15.360     8.780     0.004
     0.395    60.723    15.361     8.780     0.004
     0.395    60.727    15.362     8.780     0.004
     0.395    60.731    15.363     8.780     0.004
     0.395    60.735    15.364     8.780     0.004
     0.395    60.739    15.365     8.780     0.004
     0.395    60.743    15.366     8.780     0.004
     0.395    60.747    15.367     8.780     0.004
     0.395    60.751    15.368     8.781     0.004
     0.394    60.755    15.369     8.781     0.004
     0.394    60.759    15.370     8.781     0.004
     0.394    60.763    15.371     8.781     0.004
     0.394    60.767    15.373     8.781     0.004
     0.394    60.771    15.374     8.781     0.004
     0.394    60.775    15.375     8.781     0.004
     0.394    60.779    15.376     8.781     0.004
     0.394    60.783    15.377     8.781     0.004
     0.394    60.787    15.378     8.781     0.004
     0.394    60.792    15.379     8.781     0.004
     0.394    60.796    15.380     8.781     0.004
     0.394    60.800    15.381     8.782     0.004
     0.394    60.804    15.382     8.782     0.004
     0.394    60.808    15.383     8.782     0.004
     0.394    60.812    15.384     8.782     0.004
     0.394    60.816    15.385     8.782     0.004
     0.394    60.820    15.386     8.782     0.004
     0.394    60.824    15.387     8.782     0.004
     0.394    60.828    15.388     8.782     0.004
     0.394    60.832    15.389     8.782     0.004
     0.394    60.836    15.390     8.782     0.004
     0.394    60.840    15.391     8.782     0.004
     0.394    60.844    15.392     8.782     0.004
     0.394    60.848    15.393     8.782     0.004
     0.394    60.852    15.394     8.783     0.004
     0.394    60.856    15.395     8.783     0.004
     0.394    60.860    15.396     8.783     0.004
     0.394    60.864    15.397     8.783     0.004
     0.394    60.868    15.398     8.783     0.004
     0.394    60.873    15.399     8.783     0.004
     0.394    60.877    15.400     8.783     0.004
     0.394    60.881    15.401     8.783     0.004
     0.394    60.885    15.402     8.783     0.004
     0.394    60.889    15.403     8.783     0.004
     0.394    60.893    15.404     8.783     0.004
     0.394    60.897    15.405     8.783     0.004
     0.394    60.901    15.406     8.784     0.004
     0.394    60.905    15.407     8.784     0.004
     0.393    60.909    15.408     8.784     0.004
     0.393    60.913    15.409     8.784     0.004
     0.393    60.917    15.411     8.784     0.004
     0.393    60.921    15.412     8.784     0.004
     0.393    60.925    15.413     8.784     0.004
     0.393    60.929    15.414     8.784     0.004
     0.393    60.933    15.415     8.784     0.004
     0.393    60.937    15.416     8.784     0.004
     0.393    60.941    15.417     8.784     0.004
     0.393    60.945    15.418     8.784     0.004
     0.393    60.949    15.419     8.784     0.004
     0.393    60.953    15.420     8.785     0.004
     0.393    60.958    15.421     8.785     0.004
     0.393    60.962    15.422     8.785     0.004
     0.393    60.966    15.423     8.785     0.004
     0.393    60.970    15.424     8.785     0.004
     0.393    60.974    15.425     8.785     0.004
     0.393    60.978    15.426     8.785     0.005
     0.393    60.982    15.427     8.785     0.005
     0.393    60.986    15.428     8.785     0.005
     0.393    60.990    15.429     8.785     0.005
     0.393    60.994    15.430     8.785     0.005
     0.393    60.998    15.431     8.785     0.005
     0.393    61.002    15.432     8.786     0.005
     0.393    61.006    15.433     8.786     0.005
     0.393    61.010    15.434     8.786     0.005
     0.393    61.014    15.435     8.786     0.005
     0.393    61.018    15.436     8.786     0.005
     0.393    61.022    15.437     8.786     0.005
     0.393    61.026    15.438     8.786     0.005
     0.393    61.030    15.439     8.786     0.005
     0.393    61.034    15.440     8.786     0.005
     0.393    61.038    15.441     8.786     0.005
     0.393    61.042    15.442     8.786     0.005
     0.393    61.046    15.443     8.786     0.005
     0.393    61.050    15.444     8.786     0.005
     0.393    61.054    15.445     8.787     0.005
     0.393    61.059    15.446     8.787     0.005
     0.392    61.063    15.447     8.787     0.005
     0.392    61.067    15.448     8.787     0.005
     0.392    61.071    15.449     8.787     0.005
     0.392    61.075    15.450     8.787     0.005
     0.392    61.079    15.452     8.787     0.005
     0.392    61.083    15.453     8.787     0.005
     0.392    61.087    15.454     8.787     0.005
     0.392    61.091    15.455     8.787     0.005
     0.392    61.095    15.456     8.787     0.005
     0.392    61.099    15.457     8.787     0.005
     0.392    61.103    15.458     8.788     0.005
     0.392    61.107    15.459     8.788     0.005
     0.392    61.111    15.460     8.788     0.005
     0.392    61.115    15.461     8.788     0.005
     0.392    61.119    15.462     8.788     0.005
     0.392    61.123    15.463     8.788     0.005
     0.392    61.127    15.464     8.788     0.005
     0.392    61.131    15.465     8.788     0.005
     0.392    61.135    15.466     8.788     0.005
     0.392    61.139    15.467     8.788     0.005
     0.392    61.143    15.468     8.788     0.005
     0.392    61.147    15.469     8.788     0.005
     0.392    61.151    15.470     8.788     0.005
     0.392    61.155    15.471     8.789     0.005
     0.392    61.159    15.472     8.789     0.005
     0.392    61.163    15.473     8.789     0.005
     0.392    61.167    15.474     8.789     0.005
     0.392    61.171    15.475     8.789     0.005
     0.392    61.175    15.476     8.789     0.005
     0.392    61.180    15.477     8.789     0.005
     0.392    61.184    15.478     8.789     0.005
     0.392    61.188    15.479     8.789     0.005
     0.392    61.192    15.480     8.789     0.005
     0.392    61.196    15.481     8.789     0.005
     0.392    61.200    15.482     8.789     0.005
     0.392    61.204    15.483     8.790     0.005
     0.392    61.208    15.484     8.790     0.005
     0.392    61.212    15.485     8.790     0.005
     0.392    61.216    15.486     8.790     0.005
     0.391    61.220    15.487     8.790     0.005
     0.391    61.224    15.488     8.790     0.005
     0.391    61.228    15.489     8.790     0.005
     0.391    61.232    15.490     8.790     0.005
     0.391    61.236    15.491     8.790     0.005
     0.391    61.240    15.492     8.790     0.005
     0.391    61.244    15.493     8.790     0.005
     0.391    61.248    15.494     8.790     0.005
     0.391    61.252    15.495     8.790     0.005
     0.391    61.256    15.496     8.791     0.005
     0.391    61.260    15.497     8.791     0.005
     0.391    61.264    15.498     8.791     0.005
     0.391    61.268    15.500     8.791     0.005
     0.391    61.272    15.501     8.791     0.005
     0.391    61.276    15.502     8.791     0.005
     0.391    61.280    15.503     8.791     0.005
     0.391    61.284    15.504     8.791     0.005
     0.391    61.288    15.505     8.791     0.005
     0.391    61.292    15.506     8.791     0.005
     0.391    61.296    15.507     8.791     0.005
     0.391    61.300    15.508     8.791     0.005
     0.391    61.304    15.509     8.792     0.005
     0.391    61.308    15.510     8.792     0.005
     0.391    61.312    15.511     8.792     0.005
     0.391    61.316    15.512     8.792     0.005
     0.391    61.320    15.513     8.792     0.005
     0.391    61.324    15.514     8.792     0.005
     0.391    61.328    15.515     8.792     0.005
     0.391    61.332    15.516     8.792     0.005
     0.391    61.336    15.517     8.792     0.005
     0.391    61.340    15.518     8.792     0.005
     0.391    61.344    15.519     8.792     0.005
     0.391    61.349    15.520     8.792     0.005
     0.391    61.353    15.521     8.792     0.005
     0.391    61.357    15.522     8.793     0.005
     0.391    61.361    15.523     8.793     0.005
     0.391    61.365    15.524     8.793     0.005
     0.391    61.369    15.525     8.793     0.005
     0.391    61.373    15.526     8.793     0.005
     0.390    61.377    15.527     8.793     0.005
     0.390    61.381    15.528     8.793     0.005
     0.390    61.385    15.529     8.793     0.005
     0.390    61.389    15.530     8.793     0.005
     0.390    61.393    15.531     8.793     0.005
     0.390    61.397    15.532     8.793     0.005
     0.390    61.401    15.533     8.793     0.005
     0.390    61.405    15.534     8.794     0.005
     0.390    61.409    15.535     8.794     0.005
     0.390    61.413    15.536     8.794     0.005
     0.390    61.417    15.537     8.794     0.005
     0.390    61.421    15.538     8.794     0.005
     0.390    61.425    15.539     8.794     0.005
     0.390    61.429    15.540     8.794     0.005
     0.390    61.433    15.541     8.794     0.005
     0.390    61.437    15.542     8.794     0.005
     0.390    61.441    15.543     8.794     0.005
     0.390    61.445    15.544     8.794     0.005
     0.390    61.449    15.545     8.794     0.005
     0.390    61.453    15.546     8.794     0.005
     0.390    61.457    15.547     8.795     0.005
     0.390    61.461    15.548     8.795     0.005
     0.390    61.465    15.549     8.795     0.005
     0.390    61.469    15.550     8.795     0.005
     0.390    61.473    15.551     8.795     0.005
     0.390    61.477    15.552     8.795     0.005
     0.390    61.481    15.553     8.795     0.005
     0.390    61.485    15.555     8.795     0.005
     0.390    61.489    15.556     8.795     0.005
     0.390    61.493    15.557     8.795     0.005
     0.390    61.497    15.558     8.795     0.005
     0.390    61.501    15.559     8.795     0.005
     0.390    61.505    15.560     8.796     0.005
     0.390    61.509    15.561     8.796     0.005
     0.390    61.513    15.562     8.796     0.005
     0.390    61.517    15.563     8.796     0.005
     0.390    61.521    15.564     8.796     0.005
     0.390    61.525    15.565     8.796     0.005
     0.390    61.529    15.566     8.796     0.005
     0.389    61.533    15.567     8.796     0.005
     0.389    61.537    15.568     8.796     0.005
     0.389    61.541    15.569     8.796     0.005
     0.389    61.545    15.570     8.796     0.005
     0.389    61.549    15.571     8.796     0.005
     0.389    61.553    15.572     8.796     0.005
     0.389    61.557    15.573     8.797     0.005
     0.389    61.561    15.574     8.797     0.005
     0.389    61.565    15.575     8.797     0.005
     0.389    61.569    15.576     8.797     0.005
     0.389    61.573    15.577     8.797     0.005
     0.389    61.577    15.578     8.797     0.005
     0.389    61.581    15.579     8.797     0.005
     0.389    61.585    15.580     8.797     0.005
     0.389    61.589    15.581     8.797     0.005
     0.389    61.593    15.582     8.797     0.005
     0.389    61.597    15.583     8.797     0.005
     0.389    61.601    15.584     8.797     0.005
     0.389    61.605    15.585     8.798     0.005
     0.389    61.609    15.586     8.798     0.005
     0.389    61.613    15.587     8.798     0.005
     0.389    61.617    15.588     8.798     0.005
     0.389    61.621    15.589     8.798     0.005
     0.389    61.625    15.590     8.798     0.005
     0.389    61.629    15.591     8.798     0.005
     0.389    61.633    15.592     8.798     0.005
     0.389    61.637    15.593     8.798     0.005
     0.389    61.641    15.594     8.798     0.005
     0.389    61.645    15.595     8.798     0.005
     0.389    61.649    15.596     8.798     0.005
     0.389    61.653    15.597     8.798     0.005
     0.389    61.657    15.598     8.799     0.005
     0.389    61.661    15.599     8.799     0.005
     0.389    61.665    15.600     8.799     0.005
     0.389    61.669    15.601     8.799     0.005
     0.389    61.673    15.602     8.799     0.005
     0.389    61.677    15.603     8.799     0.005
     0.389    61.681    15.604     8.799     0.005
     0.389    61.685    15.605     8.799     0.005
     0.389    61.689    15.606     8.799     0.005
     0.388    61.693    15.607     8.799     0.005
     0.388    61.697    15.608     8.799     0.005
     0.388    61.701    15.609     8.799     0.005
     0.388    61.705    15.610     8.800     0.005
     0.388    61.709    15.611     8.800     0.005
     0.388    61.713    15.612     8.800     0.005
     0.388    61.717    15.613     8.800     0.005
     0.388    61.721    15.614     8.800     0.005
     0.388    61.725    15.615     8.800     0.005
     0.388    61.729    15.616     8.800     0.005
     0.388    61.733    15.617     8.800     0.005
     0.388    61.737    15.618     8.800     0.005
     0.388    61.741    15.619     8.800     0.005
     0.388    61.745    15.620     8.800     0.005
     0.388    61.749    15.621     8.800     0.005
     0.388    61.753    15.622     8.800     0.005
     0.388    61.757    15.623     8.801     0.005
     0.388    61.761    15.624     8.801     0.005
     0.388    61.765    15.625     8.801     0.005
     0.388    61.769    15.627     8.801     0.005
     0.388    61.773    15.628     8.801     0.005
     0.388    61.777    15.629     8.801     0.005
     0.388    61.781    15.630     8.801     0.005
     0.388    61.785    15.631     8.801     0.005
     0.388    61.789    15.632     8.801     0.005
     0.388    61.793    15.633     8.801     0.005
     0.388    61.797    15.634     8.801     0.005
     0.388    61.801    15.635     8.801     0.005
     0.388    61.805    15.636     8.802     0.005
     0.388    61.809    15.637     8.802     0.005
     0.388    61.813    15.638     8.802     0.005
     0.388    61.817    15.639     8.802     0.005
     0.388    61.821    15.640     8.802     0.005
     0.388    61.825    15.641     8.802     0.005
     0.388    61.829    15.642     8.802     0.005
     0.388    61.833    15.643     8.802     0.005
     0.388    61.837    15.644     8.802     0.005
     0.388    61.841    15.645     8.802     0.005
     0.388    61.845    15.646     8.802     0.005
     0.388    61.849    15.647     8.802     0.005
     0.387    61.853    15.648     8.802     0.005
     0.387    61.857    15.649     8.803     0.005
     0.387    61.861    15.650     8.803     0.005
     0.387    61.865    15.651     8.803     0.005
     0.387    61.869    15.652     8.803     0.005
     0.387    61.873    15.653     8.803     0.005
     0.387    61.877    15.654     8.803     0.005
     0.387    61.881    15.655     8.803     0.005
     0.387    61.885    15.656     8.803     0.005
     0.387    61.889    15.657     8.803     0.005
     0.387    61.893    15.658     8.803     0.005
     0.387    61.897    15.659     8.803     0.005
     0.387    61.901    15.660     8.803     0.005
     0.387    61.905    15.661     8.804     0.005
     0.387    61.909    15.662     8.804     0.005
     0.387    61.912    15.663     8.804     0.005
     0.387    61.916    15.664     8.804     0.005
     0.387    61.920    15.665     8.804     0.005
     0.387    61.924    15.666     8.804     0.005
     0.387    61.928    15.667     8.804     0.005
     0.387    61.932    15.668     8.804     0.005
     0.387    61.936    15.669     8.804     0.005
     0.387    61.940    15.670     8.804     0.005
     0.387    61.944    15.671     8.804     0.005
     0.387    61.948    15.672     8.804     0.005
     0.387    61.952    15.673     8.804     0.005
     0.387    61.956    15.674     8.805     0.005
     0.387    61.960    15.675     8.805     0.005
     0.387    61.964    15.676     8.805     0.005
     0.387    61.968    15.677     8.805     0.005
     0.387    61.972    15.678     8.805     0.005
     0.387    61.976    15.679     8.805     0.005
     0.387    61.980    15.680     8.805     0.005
     0.387    61.984    15.681     8.805     0.005
     0.387    61.988    15.682     8.805     0.005
     0.387    61.992    15.683     8.805     0.005
     0.387    61.996    15.684     8.805     0.005
     0.387    62.000    15.685     8.805     0.005
     0.387    62.004    15.686     8.806     0.005
     0.387    62.008    15.687     8.806     0.005
     0.386    62.012    15.688     8.806     0.005
     0.386    62.016    15.689     8.806     0.005
     0.386    62.020    15.690     8.806     0.005
     0.386    62.024    15.691     8.806     0.005
     0.386    62.028    15.692     8.806     0.005
     0.386    62.032    15.693     8.806     0.005
     0.386    62.036    15.694     8.806     0.005
     0.386    62.040    15.695     8.806     0.005
     0.386    62.044    15.696     8.806     0.005
     0.386    62.048    15.697     8.806     0.005
     0.386    62.052    15.698     8.806     0.005
     0.386    62.056    15.699     8.807     0.005
     0.386    62.060    15.700     8.807     0.005
     0.386    62.064    15.701     8.807     0.005
     0.386    62.068    15.702     8.807     0.005
     0.386    62.072    15.703     8.807     0.005
     0.386    62.076    15.704     8.807     0.005
     0.386    62.079    15.705     8.807     0.005
     0.386    62.083    15.706     8.807     0.005
     0.386    62.087    15.707     8.807     0.005
     0.386    62.091    15.708     8.807     0.005
     0.386    62.095    15.709     8.807     0.005
     0.386    62.099    15.710     8.807     0.005
     0.386    62.103    15.711     8.808     0.005
     0.386    62.107    15.712     8.808     0.005
     0.386    62.111    15.713     8.808     0.005
     0.386    62.115    15.714     8.808     0.005
     0.386    62.119    15.715     8.808     0.005
     0.386    62.123    15.716     8.808     0.005
     0.386    62.127    15.717     8.808     0.005
     0.386    62.131    15.718     8.808     0.005
     0.386    62.135    15.719     8.808     0.005
     0.386    62.139    15.720     8.808     0.005
     0.386    62.143    15.721     8.808     0.005
     0.386    62.147    15.722     8.808     0.005
     0.386    62.151    15.723     8.808     0.005
     0.386    62.155    15.724     8.809     0.005
     0.386    62.159    15.725     8.809     0.005
     0.386    62.163    15.726     8.809     0.005
     0.386    62.167    15.727     8.809     0.005
     0.386    62.171    15.728     8.809     0.005
     0.385    62.175    15.729     8.809     0.005
     0.385    62.179    15.730     8.809     0.005
     0.385    62.183    15.731     8.809     0.005
     0.385    62.187    15.732     8.809     0.005
     0.385    62.191    15.733     8.809     0.005
     0.385    62.195    15.734     8.809     0.005
     0.385    62.199    15.735     8.809     0.005
     0.385    62.202    15.736     8.810     0.005
     0.385    62.206    15.737     8.810     0.005
     0.385    62.210    15.738     8.810     0.005
     0.385    62.214    15.739     8.810     0.005
     0.385    62.218    15.740     8.810     0.005
     0.385    62.222    15.741     8.810     0.005
     0.385    62.226    15.742     8.810     0.005
     0.385    62.230    15.743     8.810     0.005
     0.385    62.234    15.744     8.810     0.005
     0.385    62.238    15.745     8.810     0.005
     0.385    62.242    15.746     8.810     0.005
     0.385    62.246    15.747     8.810     0.005
     0.385    62.250    15.748     8.810     0.005
     0.385    62.254    15.749     8.811     0.005
     0.385    62.258    15.750     8.811     0.005
     0.385    62.262    15.751     8.811     0.005
     0.385    62.266    15.752     8.811     0.005
     0.385    62.270    15.753     8.811     0.005
     0.385    62.274    15.754     8.811     0.005
     0.385    62.278    15.755     8.811     0.005
     0.385    62.282    15.756     8.811     0.005
     0.385    62.286    15.757     8.811     0.005
     0.385    62.290    15.758     8.811     0.005
     0.385    62.294    15.759     8.811     0.005
     0.385    62.298    15.760     8.811     0.005
     0.385    62.301    15.761     8.812     0.005
     0.385    62.305    15.762     8.812     0.005
     0.385    62.309    15.763     8.812     0.005
     0.385    62.313    15.765     8.812     0.005
     0.385    62.317    15.766     8.812     0.005
     0.385    62.321    15.767     8.812     0.005
     0.385    62.325    15.768     8.812     0.005
     0.385    62.329    15.769     8.812     0.005
     0.384    62.333    15.770     8.812     0.005
     0.384    62.337    15.771     8.812     0.005
     0.384    62.341    15.772     8.812     0.005
     0.384    62.345    15.773     8.812     0.005
     0.384    62.349    15.774     8.812     0.005
     0.384    62.353    15.775     8.813     0.005
     0.384    62.357    15.776     8.813     0.005
     0.384    62.361    15.777     8.813     0.005
     0.384    62.365    15.778     8.813     0.005
     0.384    62.369    15.779     8.813     0.005
     0.384    62.373    15.780     8.813     0.005
     0.384    62.377    15.781     8.813     0.005
     0.384    62.381    15.782     8.813     0.005
     0.384    62.385    15.783     8.813     0.005
     0.384    62.388    15.784     8.813     0.005
     0.384    62.392    15.785     8.813     0.005
     0.384    62.396    15.786     8.813     0.005
     0.384    62.400    15.787     8.814     0.005
     0.384    62.404    15.788     8.814     0.005
     0.384    62.408    15.789     8.814     0.005
     0.384    62.412    15.790     8.814     0.005
     0.384    62.416    15.791     8.814     0.005
     0.384    62.420    15.792     8.814     0.005
     0.384    62.424    15.793     8.814     0.005
     0.384    62.428    15.794     8.814     0.005
     0.384    62.432    15.795     8.814     0.005
     0.384    62.436    15.796     8.814     0.005
     0.384    62.440    15.797     8.814     0.005
     0.384    62.444    15.798     8.814     0.005
     0.384    62.448    15.799     8.814     0.005
     0.384    62.452    15.800     8.815     0.005
     0.384    62.456    15.801     8.815     0.005
     0.384    62.460    15.802     8.815     0.005
     0.384    62.463    15.803     8.815     0.005
     0.384    62.467    15.804     8.815     0.005
     0.384    62.471    15.805     8.815     0.005
     0.384    62.475    15.806     8.815     0.005
     0.384    62.479    15.807     8.815     0.005
     0.384    62.483    15.808     8.815     0.005
     0.384    62.487    15.809     8.815     0.005
     0.384    62.491    15.810     8.815     0.005
     0.384    62.495    15.811     8.815     0.005
     0.383    62.499    15.812     8.816     0.005
     0.383    62.503    15.813     8.816     0.005
     0.383    62.507    15.814     8.816     0.005
     0.383    62.511    15.815     8.816     0.005
     0.383    62.515    15.816     8.816     0.005
     0.383    62.519    15.817     8.816     0.005
     0.383    62.523    15.818     8.816     0.005
     0.383    62.527    15.819     8.816     0.005
     0.383    62.531    15.820     8.816     0.005
     0.383    62.534    15.821     8.816     0.005
     0.383    62.538    15.822     8.816     0.005
     0.383    62.542    15.823     8.816     0.005
     0.383    62.546    15.824     8.816     0.005
     0.383    62.550    15.825     8.817     0.005
     0.383    62.554    15.826     8.817     0.005
     0.383    62.558    15.827     8.817     0.005
     0.383    62.562    15.828     8.817     0.005
     0.383    62.566    15.829     8.817     0.005
     0.383    62.570    15.830     8.817     0.005
     0.383    62.574    15.831     8.817     0.005
     0.383    62.578    15.832     8.817     0.005
     0.383    62.582    15.833     8.817     0.005
     0.383    62.586    15.834     8.817     0.005
     0.383    62.590    15.835     8.817     0.005
     0.383    62.594    15.836     8.817     0.005
     0.383    62.598    15.837     8.818     0.005
     0.383    62.601    15.838     8.818     0.005
     0.383    62.605    15.839     8.818     0.005
     0.383    62.609    15.840     8.818     0.005
     0.383    62.613    15.841     8.818     0.005
     0.383    62.617    15.842     8.818     0.005
     0.383    62.621    15.843     8.818     0.005
     0.383    62.625    15.844     8.818     0.005
     0.383    62.629    15.845     8.818     0.005
     0.383    62.633    15.846     8.818     0.005
     0.383    62.637    15.847     8.818     0.005
     0.383    62.641    15.848     8.818     0.005
     0.383    62.645    15.849     8.818     0.005
     0.383    62.649    15.850     8.819     0.005
     0.383    62.653    15.851     8.819     0.005
     0.383    62.657    15.852     8.819     0.005
     0.382    62.661    15.853     8.819     0.005
     0.382    62.664    15.854     8.819     0.005
     0.382    62.668    15.855     8.819     0.005
     0.382    62.672    15.855     8.819     0.005
     0.382    62.676    15.856     8.819     0.005
     0.382    62.680    15.857     8.819     0.005
     0.382    62.684    15.858     8.819     0.005
     0.382    62.688    15.859     8.819     0.005
     0.382    62.692    15.860     8.819     0.005
     0.382    62.696    15.861     8.820     0.005
     0.382    62.700    15.862     8.820     0.005
     0.382    62.704    15.863     8.820     0.005
     0.382    62.708    15.864     8.820     0.005
     0.382    62.712    15.865     8.820     0.005
     0.382    62.716    15.866     8.820     0.005
     0.382    62.720    15.867     8.820     0.005
     0.382    62.723    15.868     8.820     0.005
     0.382    62.727    15.869     8.820     0.005
     0.382    62.731    15.870     8.820     0.005
     0.382    62.735    15.871     8.820     0.005
     0.382    62.739    15.872     8.820     0.005
     0.382    62.743    15.873     8.820     0.005
     0.382    62.747    15.874     8.821     0.005
     0.382    62.751    15.875     8.821     0.005
     0.382    62.755    15.876     8.821     0.005
     0.382    62.759    15.877     8.821     0.005
     0.382    62.763    15.878     8.821     0.005
     0.382    62.767    15.879     8.821     0.005
     0.382    62.771    15.880     8.821     0.005
     0.382    62.775    15.881     8.821     0.005
     0.382    62.778    15.882     8.821     0.005
     0.382    62.782    15.883     8.821     0.005
     0.382    62.786    15.884     8.821     0.005
     0.382    62.790    15.885     8.821     0.005
     0.382    62.794    15.886     8.822     0.005
     0.382    62.798    15.887     8.822     0.005
     0.382    62.802    15.888     8.822     0.005
     0.382    62.806    15.889     8.822     0.005
     0.382    62.810    15.890     8.822     0.005
     0.382    62.814    15.891     8.822     0.005
     0.382    62.818    15.892     8.822     0.005
     0.382    62.822    15.893     8.822     0.005
     0.381    62.826    15.894     8.822     0.005
     0.381    62.829    15.895     8.822     0.005
     0.381    62.833    15.896     8.822     0.005
     0.381    62.837    15.897     8.822     0.005
     0.381    62.841    15.898     8.822     0.005
     0.381    62.845    15.899     8.823     0.005
     0.381    62.849    15.900     8.823     0.005
     0.381    62.853    15.901     8.823     0.005
     0.381    62.857    15.902     8.823     0.005
     0.381    62.861    15.903     8.823     0.005
     0.381    62.865    15.904     8.823     0.005
     0.381    62.869    15.905     8.823     0.005
     0.381    62.873    15.906     8.823     0.005
     0.381    62.877    15.907     8.823     0.005
     0.381    62.880    15.908     8.823     0.005
     0.381    62.884    15.909     8.823     0.005
     0.381    62.888    15.910     8.823     0.005
     0.381    62.892    15.911     8.824     0.005
     0.381    62.896    15.912     8.824     0.005
     0.381    62.900    15.913     8.824     0.005
     0.381    62.904    15.914     8.824     0.005
     0.381    62.908    15.915     8.824     0.005
     0.381    62.912    15.916     8.824     0.005
     0.381    62.916    15.917     8.824     0.005
     0.381    62.920    15.918     8.824     0.005
     0.381    62.924    15.919     8.824     0.005
     0.381    62.927    15.920     8.824     0.005
     0.381    62.931    15.921     8.824     0.005
     0.381    62.935    15.922     8.824     0.005
     0.381    62.939    15.923     8.824     0.005
     0.381    62.943    15.924     8.825     0.005
     0.381    62.947    15.925     8.825     0.005
     0.381    62.951    15.926     8.825     0.005
     0.381    62.955    15.927     8.825     0.005
     0.381    62.959    15.928     8.825     0.005
     0.381    62.963    15.929     8.825     0.005
     0.381    62.967    15.930     8.825     0.005
     0.381    62.971    15.931     8.825     0.005
     0.381    62.974    15.932     8.825     0.005
     0.381    62.978    15.933     8.825     0.005
     0.381    62.982    15.934     8.825     0.005
     0.381    62.986    15.935     8.825     0.005
     0.380    62.990    15.936     8.826     0.005
     0.380    62.994    15.937     8.826     0.005
     0.380    62.998    15.938     8.826     0.005
     0.380    63.002    15.939     8.826     0.005
     0.380    63.006    15.940     8.826     0.005
     0.380    63.010    15.941     8.826     0.005
     0.380    63.014    15.942     8.826     0.005
     0.380    63.018    15.943     8.826     0.005
     0.380    63.021    15.944     8.826     0.005
     0.380    63.025    15.945     8.826     0.005
     0.380    63.029    15.946     8.826     0.005
     0.380    63.033    15.947     8.826     0.005
     0.380    63.037    15.948     8.826     0.005
     0.380    63.041    15.949     8.827     0.005
     0.380    63.045    15.950     8.827     0.005
     0.380    63.049    15.951     8.827     0.005
     0.380    63.053    15.952     8.827     0.005
     0.380    63.057    15.953     8.827     0.005
     0.380    63.061    15.954     8.827     0.005
     0.380    63.064    15.955     8.827     0.005
     0.380    63.068    15.956     8.827     0.005
     0.380    63.072    15.957     8.827     0.005
     0.380    63.076    15.958     8.827     0.005
     0.380    63.080    15.959     8.827     0.005
     0.380    63.084    15.960     8.827     0.005
     0.380    63.088    15.961     8.828     0.005
     0.380    63.092    15.962     8.828     0.005
     0.380    63.096    15.963     8.828     0.005
     0.380    63.100    15.964     8.828     0.005
     0.380    63.104    15.965     8.828     0.005
     0.380    63.107    15.966     8.828     0.005
     0.380    63.111    15.967     8.828     0.005
     0.380    63.115    15.968     8.828     0.005
     0.380    63.119    15.969     8.828     0.005
     0.380    63.123    15.970     8.828     0.005
     0.380    63.127    15.971     8.828     0.005
     0.380    63.131    15.972     8.828     0.005
     0.380    63.135    15.973     8.828     0.005
     0.380    63.139    15.974     8.829     0.005
     0.380    63.143    15.975     8.829     0.005
     0.380    63.146    15.976     8.829     0.005
     0.380    63.150    15.977     8.829     0.005
     0.379    63.154    15.978     8.829     0.005
     0.379    63.158    15.979     8.829     0.005
     0.379    63.162    15.980     8.829     0.005
     0.379    63.166    15.981     8.829     0.005
     0.379    63.170    15.982     8.829     0.005
     0.379    63.174    15.983     8.829     0.005
     0.379    63.178    15.984     8.829     0.005
     0.379    63.182    15.985     8.829     0.005
     0.379    63.186    15.986     8.830     0.005
     0.379    63.189    15.987     8.830     0.005
     0.379    63.193    15.988     8.830     0.005
     0.379    63.197    15.989     8.830     0.005
     0.379    63.201    15.990     8.830     0.005
     0.379    63.205    15.991     8.830     0.005
     0.379    63.209    15.992     8.830     0.005
     0.379    63.213    15.993     8.830     0.005
     0.379    63.217    15.993     8.830     0.005
     0.379    63.221    15.994     8.830     0.005
     0.379    63.225    15.995     8.830     0.005
     0.379    63.228    15.996     8.830     0.005
     0.379    63.232    15.997     8.830     0.005
     0.379    63.236    15.998     8.831     0.005
     0.379    63.240    15.999     8.831     0.005
     0.379    63.244    16.000     8.831     0.005
     0.379    63.248    16.001     8.831     0.005
     0.379    63.252    16.002     8.831     0.005
     0.379    63.256    16.003     8.831     0.005
     0.379    63.260    16.004     8.831     0.005
     0.379    63.264    16.005     8.831     0.005
     0.379    63.267    16.006     8.831     0.005
     0.379    63.271    16.007     8.831     0.005
     0.379    63.275    16.008     8.831     0.005
     0.379    63.279    16.009     8.831     0.005
     0.379    63.283    16.010     8.832     0.005
     0.379    63.287    16.011     8.832     0.005
     0.379    63.291    16.012     8.832     0.005
     0.379    63.295    16.013     8.832     0.005
     0.379    63.299    16.014     8.832     0.005
     0.379    63.302    16.015     8.832     0.005
     0.379    63.306    16.016     8.832     0.005
     0.379    63.310    16.017     8.832     0.005
     0.379    63.314    16.018     8.832     0.005
     0.379    63.318    16.019     8.832     0.005
     0.378    63.322    16.020     8.832     0.005
     0.378    63.326    16.021     8.832     0.005
     0.378    63.330    16.022     8.832     0.005
     0.378    63.334    16.023     8.833     0.005
     0.378    63.338    16.024     8.833     0.005
     0.378    63.341    16.025     8.833     0.005
     0.378    63.345    16.026     8.833     0.005
     0.378    63.349    16.027     8.833     0.005
     0.378    63.353    16.028     8.833     0.005
     0.378    63.357    16.029     8.833     0.005
     0.378    63.361    16.030     8.833     0.005
     0.378    63.365    16.031     8.833     0.005
     0.378    63.369    16.032     8.833     0.005
     0.378    63.373    16.033     8.833     0.005
     0.378    63.376    16.034     8.833     0.005
     0.378    63.380    16.035     8.834     0.005
     0.378    63.384    16.036     8.834     0.005
     0.378    63.388    16.037     8.834     0.005
     0.378    63.392    16.038     8.834     0.005
     0.378    63.396    16.039     8.834     0.005
     0.378    63.400    16.040     8.834     0.005
     0.378    63.404    16.041     8.834     0.005
     0.378    63.408    16.042     8.834     0.005
     0.378    63.411    16.043     8.834     0.005
     0.378    63.415    16.044     8.834     0.005
     0.378    63.419    16.045     8.834     0.005
     0.378    63.423    16.046     8.834     0.005
     0.378    63.427    16.047     8.834     0.005
     0.378    63.431    16.048     8.835     0.005
     0.378    63.435    16.049     8.835     0.005
     0.378    63.439    16.050     8.835     0.005
     0.378    63.443    16.051     8.835     0.005
     0.378    63.446    16.052     8.835     0.005
     0.378    63.450    16.053     8.835     0.005
     0.378    63.454    16.054     8.835     0.005
     0.378    63.458    16.055     8.835     0.005
     0.378    63.462    16.056     8.835     0.005
     0.378    63.466    16.057     8.835     0.005
     0.378    63.470    16.058     8.835     0.005
     0.378    63.474    16.059     8.835     0.005
     0.378    63.477    16.060     8.836     0.005
     0.378    63.481    16.061     8.836     0.005
     0.378    63.485    16.062     8.836     0.005
     0.377    63.489    16.063     8.836     0.005
     0.377    63.493    16.064     8.836     0.005
     0.377    63.497    16.065     8.836     0.005
     0.377    63.501    16.065     8.836     0.005
     0.377    63.505    16.066     8.836     0.005
     0.377    63.509    16.067     8.836     0.005
     0.377    63.512    16.068     8.836     0.005
     0.377    63.516    16.069     8.836     0.005
     0.377    63.520    16.070     8.836     0.005
     0.377    63.524    16.071     8.836     0.005
     0.377    63.528    16.072     8.837     0.005
     0.377    63.532    16.073     8.837     0.005
     0.377    63.536    16.074     8.837     0.005
     0.377    63.540    16.075     8.837     0.005
     0.377    63.543    16.076     8.837     0.005
     0.377    63.547    16.077     8.837     0.005
     0.377    63.551    16.078     8.837     0.005
     0.377    63.555    16.079     8.837     0.005
     0.377    63.559    16.080     8.837     0.005
     0.377    63.563    16.081     8.837     0.005
     0.377    63.567    16.082     8.837     0.005
     0.377    63.571    16.083     8.837     0.005
     0.377    63.575    16.084     8.838     0.005
     0.377    63.578    16.085     8.838     0.005
     0.377    63.582    16.086     8.838     0.005
     0.377    63.586    16.087     8.838     0.005
     0.377    63.590    16.088     8.838     0.005
     0.377    63.594    16.089     8.838     0.005
     0.377    63.598    16.090     8.838     0.005
     0.377    63.602    16.091     8.838     0.005
     0.377    63.606    16.092     8.838     0.005
     0.377    63.609    16.093     8.838     0.005
     0.377    63.613    16.094     8.838     0.005
     0.377    63.617    16.095     8.838     0.005
     0.377    63.621    16.096     8.838     0.005
     0.377    63.625    16.097     8.839     0.005
     0.377    63.629    16.098     8.839     0.005
     0.377    63.633    16.099     8.839     0.005
     0.377    63.637    16.100     8.839     0.005
     0.377    63.640    16.101     8.839     0.005
     0.377    63.644    16.102     8.839     0.005
     0.377    63.648    16.103     8.839     0.005
     0.377    63.652    16.104     8.839     0.005
     0.377    63.656    16.105     8.839     0.005
     0.376    63.660    16.106     8.839     0.005
     0.376    63.664    16.107     8.839     0.005
     0.376    63.668    16.108     8.839     0.005
     0.376    63.671    16.109     8.840     0.005
     0.376    63.675    16.110     8.840     0.005
     0.376    63.679    16.111     8.840     0.005
     0.376    63.683    16.112     8.840     0.005
     0.376    63.687    16.113     8.840     0.005
     0.376    63.691    16.114     8.840     0.005
     0.376    63.695    16.115     8.840     0.005
     0.376    63.698    16.116     8.840     0.005
     0.376    63.702    16.117     8.840     0.005
     0.376    63.706    16.118     8.840     0.005
     0.376    63.710    16.119     8.840     0.005
     0.376    63.714    16.120     8.840     0.005
     0.376    63.718    16.121     8.840     0.005
     0.376    63.722    16.121     8.841     0.005
     0.376    63.726    16.122     8.841     0.005
     0.376    63.729    16.123     8.841     0.005
     0.376    63.733    16.124     8.841     0.005
     0.376    63.737    16.125     8.841     0.005
     0.376    63.741    16.126     8.841     0.005
     0.376    63.745    16.127     8.841     0.005
     0.376    63.749    16.128     8.841     0.005
     0.376    63.753    16.129     8.841     0.005
     0.376    63.757    16.130     8.841     0.005
     0.376    63.760    16.131     8.841     0.005
     0.376    63.764    16.132     8.841     0.005
     0.376    63.768    16.133     8.842     0.005
     0.376    63.772    16.134     8.842     0.005
     0.376    63.776    16.135     8.842     0.005
     0.376    63.780    16.136     8.842     0.005
     0.376    63.784    16.137     8.842     0.005
     0.376    63.787    16.138     8.842     0.005
     0.376    63.791    16.139     8.842     0.005
     0.376    63.795    16.140     8.842     0.005
     0.376    63.799    16.141     8.842     0.005
     0.376    63.803    16.142     8.842     0.005
     0.376    63.807    16.143     8.842     0.005
     0.376    63.811    16.144     8.842     0.005
     0.376    63.814    16.145     8.842     0.005
     0.376    63.818    16.146     8.843     0.005
     0.376    63.822    16.147     8.843     0.005
     0.376    63.826    16.148     8.843     0.005
     0.375    63.830    16.149     8.843     0.005
     0.375    63.834    16.150     8.843     0.005
     0.375    63.838    16.151     8.843     0.005
     0.375    63.842    16.152     8.843     0.005
     0.375    63.845    16.153     8.843     0.005
     0.375    63.849    16.154     8.843     0.005
     0.375    63.853    16.155     8.843     0.005
     0.375    63.857    16.156     8.843     0.005
     0.375    63.861    16.157     8.843     0.005
     0.375    63.865    16.158     8.844     0.005
     0.375    63.869    16.159     8.844     0.005
     0.375    63.872    16.160     8.844     0.005
     0.375    63.876    16.161     8.844     0.005
     0.375    63.880    16.162     8.844     0.005
     0.375    63.884    16.163     8.844     0.005
     0.375    63.888    16.164     8.844     0.005
     0.375    63.892    16.165     8.844     0.005
     0.375    63.896    16.166     8.844     0.005
     0.375    63.899    16.167     8.844     0.005
     0.375    63.903    16.168     8.844     0.005
     0.375    63.907    16.168     8.844     0.005
     0.375    63.911    16.169     8.844     0.005
     0.375    63.915    16.170     8.845     0.005
     0.375    63.919    16.171     8.845     0.005
     0.375    63.923    16.172     8.845     0.005
     0.375    63.926    16.173     8.845     0.005
     0.375    63.930    16.174     8.845     0.005
     0.375    63.934    16.175     8.845     0.005
     0.375    63.938    16.176     8.845     0.005
     0.375    63.942    16.177     8.845     0.005
     0.375    63.946    16.178     8.845     0.005
     0.375    63.950    16.179     8.845     0.005
     0.375    63.953    16.180     8.845     0.005
     0.375    63.957    16.181     8.845     0.005
     0.375    63.961    16.182     8.846     0.005
     0.375    63.965    16.183     8.846     0.005
     0.375    63.969    16.184     8.846     0.005
     0.375    63.973    16.185     8.846     0.005
     0.375    63.977    16.186     8.846     0.005
     0.375    63.980    16.187     8.846     0.005
     0.375    63.984    16.188     8.846     0.005
     0.375    63.988    16.189     8.846     0.005
     0.375    63.992    16.190     8.846     0.005
     0.375    63.996    16.191     8.846     0.005
     0.374    64.000    16.192     8.846     0.005
     0.374    64.004    16.193     8.846     0.005
     0.374    64.007    16.194     8.846     0.005
     0.374    64.011    16.195     8.847     0.005
     0.374    64.015    16.196     8.847     0.005
     0.374    64.019    16.197     8.847     0.005
     0.374    64.023    16.198     8.847     0.005
     0.374    64.027    16.199     8.847     0.005
     0.374    64.030    16.200     8.847     0.005
     0.374    64.034    16.201     8.847     0.005
     0.374    64.038    16.202     8.847     0.005
     0.374    64.042    16.203     8.847     0.005
     0.374    64.046    16.204     8.847     0.005
     0.374    64.050    16.205     8.847     0.005
     0.374    64.054    16.206     8.847     0.005
     0.374    64.057    16.207     8.848     0.005
     0.374    64.061    16.208     8.848     0.005
     0.374    64.065    16.209     8.848     0.005
     0.374    64.069    16.210     8.848     0.005
     0.374    64.073    16.210     8.848     0.005
     0.374    64.077    16.211     8.848     0.005
     0.374    64.081    16.212     8.848     0.005
     0.374    64.084    16.213     8.848     0.005
     0.374    64.088    16.214     8.848     0.005
     0.374    64.092    16.215     8.848     0.005
     0.374    64.096    16.216     8.848     0.005
     0.374    64.100    16.217     8.848     0.005
     0.374    64.104    16.218     8.848     0.005
     0.374    64.107    16.219     8.849     0.005
     0.374    64.111    16.220     8.849     0.005
     0.374    64.115    16.221     8.849     0.005
     0.374    64.119    16.222     8.849     0.005
     0.374    64.123    16.223     8.849     0.005
     0.374    64.127    16.224     8.849     0.005
     0.374    64.131    16.225     8.849     0.005
     0.374    64.134    16.226     8.849     0.005
     0.374    64.138    16.227     8.849     0.005
     0.374    64.142    16.228     8.849     0.005
     0.374    64.146    16.229     8.849     0.005
     0.374    64.150    16.230     8.849     0.005
     0.374    64.154    16.231     8.850     0.005
     0.374    64.157    16.232     8.850     0.005
     0.374    64.161    16.233     8.850     0.005
     0.374    64.165    16.234     8.850     0.005
     0.373    64.169    16.235     8.850     0.005
     0.373    64.173    16.236     8.850     0.005
     0.373    64.177    16.237     8.850     0.005
     0.373    64.180    16.238     8.850     0.005
     0.373    64.184    16.239     8.850     0.005
     0.373    64.188    16.240     8.850     0.005
     0.373    64.192    16.241     8.850     0.005
     0.373    64.196    16.242     8.850     0.005
     0.373    64.200    16.243     8.850     0.005
     0.373    64.204    16.244     8.851     0.005
     0.373    64.207    16.245     8.851     0.005
     0.373    64.211    16.246     8.851     0.005
     0.373    64.215    16.247     8.851     0.005
     0.373    64.219    16.248     8.851     0.005
     0.373    64.223    16.248     8.851     0.005
     0.373    64.227    16.249     8.851     0.005
     0.373    64.230    16.250     8.851     0.005
     0.373    64.234    16.251     8.851     0.005
     0.373    64.238    16.252     8.851     0.005
     0.373    64.242    16.253     8.851     0.005
     0.373    64.246    16.254     8.851     0.005
     0.373    64.250    16.255     8.852     0.005
     0.373    64.253    16.256     8.852     0.005
     0.373    64.257    16.257     8.852     0.005
     0.373    64.261    16.258     8.852     0.005
     0.373    64.265    16.259     8.852     0.005
     0.373    64.269    16.260     8.852     0.005
     0.373    64.273    16.261     8.852     0.005
     0.373    64.276    16.262     8.852     0.005
     0.373    64.280    16.263     8.852     0.005
     0.373    64.284    16.264     8.852     0.005
     0.373    64.288    16.265     8.852     0.005
     0.373    64.292    16.266     8.852     0.005
     0.373    64.296    16.267     8.852     0.005
     0.373    64.299    16.268     8.853     0.005
     0.373    64.303    16.269     8.853     0.005
     0.373    64.307    16.270     8.853     0.005
     0.373    64.311    16.271     8.853     0.005
     0.373    64.315    16.272     8.853     0.005
     0.373    64.319    16.273     8.853     0.005
     0.373    64.322    16.274     8.853     0.005
     0.373    64.326    16.275     8.853     0.005
     0.373    64.330    16.276     8.853     0.005
     0.373    64.334    16.277     8.853     0.005
     0.373    64.338    16.278     8.853     0.005
     0.372    64.342    16.279     8.853     0.005
     0.372    64.345    16.280     8.854     0.005
     0.372    64.349    16.281     8.854     0.005
     0.372    64.353    16.282     8.854     0.005
     0.372    64.357    16.282     8.854     0.005
     0.372    64.361    16.283     8.854     0.005
     0.372    64.365    16.284     8.854     0.005
     0.372    64.368    16.285     8.854     0.005
     0.372    64.372    16.286     8.854     0.005
     0.372    64.376    16.287     8.854     0.005
     0.372    64.380    16.288     8.854     0.005
     0.372    64.384    16.289     8.854     0.005
     0.372    64.388    16.290     8.854     0.005
     0.372    64.391    16.291     8.854     0.005
     0.372    64.395    16.292     8.855     0.005
     0.372    64.399    16.293     8.855     0.005
     0.372    64.403    16.294     8.855     0.005
     0.372    64.407    16.295     8.855     0.005
     0.372    64.411    16.296     8.855     0.005
     0.372    64.414    16.297     8.855     0.005
     0.372    64.418    16.298     8.855     0.005
     0.372    64.422    16.299     8.855     0.005
     0.372    64.426    16.300     8.855     0.005
     0.372    64.430    16.301     8.855     0.005
     0.372    64.434    16.302     8.855     0.005
     0.372    64.437    16.303     8.855     0.005
     0.372    64.441    16.304     8.856     0.005
     0.372    64.445    16.305     8.856     0.005
     0.372    64.449    16.306     8.856     0.005
     0.372    64.453    16.307     8.856     0.005
     0.372    64.456    16.308     8.856     0.005
     0.372    64.460    16.309     8.856     0.005
     0.372    64.464    16.310     8.856     0.005
     0.372    64.468    16.311     8.856     0.005
     0.372    64.472    16.312     8.856     0.005
     0.372    64.476    16.313     8.856     0.005
     0.372    64.479    16.314     8.856     0.005
     0.372    64.483    16.315     8.856     0.005
     0.372    64.487    16.315     8.856     0.005
     0.372    64.491    16.316     8.857     0.005
     0.372    64.495    16.317     8.857     0.005
     0.372    64.499    16.318     8.857     0.005
     0.372    64.502    16.319     8.857     0.005
     0.372    64.506    16.320     8.857     0.005
     0.372    64.510    16.321     8.857     0.005
     0.372    64.514    16.322     8.857     0.005
     0.371    64.518    16.323     8.857     0.005
     0.371    64.521    16.324     8.857     0.005
     0.371    64.525    16.325     8.857     0.005
     0.371    64.529    16.326     8.857     0.005
     0.371    64.533    16.327     8.857     0.005
     0.371    64.537    16.328     8.858     0.005
     0.371    64.541    16.329     8.858     0.005
     0.371    64.544    16.330     8.858     0.005
     0.371    64.548    16.331     8.858     0.005
     0.371    64.552    16.332     8.858     0.005
     0.371    64.556    16.333     8.858     0.005
     0.371    64.560    16.334     8.858     0.005
     0.371    64.563    16.335     8.858     0.005
     0.371    64.567    16.336     8.858     0.005
     0.371    64.571    16.337     8.858     0.005
     0.371    64.575    16.338     8.858     0.005
     0.371    64.579    16.339     8.858     0.005
     0.371    64.583    16.340     8.858     0.005
     0.371    64.586    16.341     8.859     0.005
     0.371    64.590    16.342     8.859     0.005
     0.371    64.594    16.343     8.859     0.005
     0.371    64.598    16.344     8.859     0.005
     0.371    64.602    16.345     8.859     0.005
     0.371    64.605    16.345     8.859     0.005
     0.371    64.609    16.346     8.859     0.005
     0.371    64.613    16.347     8.859     0.005
     0.371    64.617    16.348     8.859     0.005
     0.371    64.621    16.349     8.859     0.005
     0.371    64.625    16.350     8.859     0.005
     0.371    64.628    16.351     8.859     0.005
     0.371    64.632    16.352     8.860     0.005
     0.371    64.636    16.353     8.860     0.005
     0.371    64.640    16.354     8.860     0.005
     0.371    64.644    16.355     8.860     0.005
     0.371    64.647    16.356     8.860     0.005
     0.371    64.651    16.357     8.860     0.005
     0.371    64.655    16.358     8.860     0.005
     0.371    64.659    16.359     8.860     0.005
     0.371    64.663    16.360     8.860     0.005
     0.371    64.667    16.361     8.860     0.005
     0.371    64.670    16.362     8.860     0.005
     0.371    64.674    16.363     8.860     0.005
     0.371    64.678    16.364     8.860     0.005
     0.371    64.682    16.365     8.861     0.005
     0.371    64.686    16.366     8.861     0.005
     0.370    64.689    16.367     8.861     0.005
     0.370    64.693    16.368     8.861     0.005
     0.370    64.697    16.369     8.861     0.005
     0.370    64.701    16.370     8.861     0.005
     0.370    64.705    16.371     8.861     0.005
     0.370    64.708    16.372     8.861     0.005
     0.370    64.712    16.373     8.861     0.005
     0.370    64.716    16.374     8.861     0.005
     0.370    64.720    16.374     8.861     0.005
     0.370    64.724    16.375     8.861     0.005
     0.370    64.727    16.376     8.862     0.005
     0.370    64.731    16.377     8.862     0.005
     0.370    64.735    16.378     8.862     0.005
     0.370    64.739    16.379     8.862     0.005
     0.370    64.743    16.380     8.862     0.005
     0.370    64.747    16.381     8.862     0.005
     0.370    64.750    16.382     8.862     0.005
     0.370    64.754    16.383     8.862     0.005
     0.370    64.758    16.384     8.862     0.005
     0.370    64.762    16.385     8.862     0.005
     0.370    64.766    16.386     8.862     0.005
     0.370    64.769    16.387     8.862     0.005
     0.370    64.773    16.388     8.862     0.005
     0.370    64.777    16.389     8.863     0.005
     0.370    64.781    16.390     8.863     0.005
     0.370    64.785    16.391     8.863     0.005
     0.370    64.788    16.392     8.863     0.005
     0.370    64.792    16.393     8.863     0.005
     0.370    64.796    16.394     8.863     0.005
     0.370    64.800    16.395     8.863     0.005
     0.370    64.804    16.396     8.863     0.005
     0.370    64.807    16.397     8.863     0.005
     0.370    64.811    16.398     8.863     0.005
     0.370    64.815    16.399     8.863     0.005
     0.370    64.819    16.400     8.863     0.005
     0.370    64.823    16.401     8.864     0.005
     0.370    64.826    16.401     8.864     0.005
     0.370    64.830    16.402     8.864     0.005
     0.370    64.834    16.403     8.864     0.005
     0.370    64.838    16.404     8.864     0.005
     0.370    64.842    16.405     8.864     0.005
     0.370    64.845    16.406     8.864     0.005
     0.370    64.849    16.407     8.864     0.005
     0.370    64.853    16.408     8.864     0.005
     0.370    64.857    16.409     8.864     0.005
     0.370    64.861    16.410     8.864     0.005
     0.369    64.864    16.411     8.864     0.005
     0.369    64.868    16.412     8.864     0.005
     0.369    64.872    16.413     8.865     0.005
     0.369    64.876    16.414     8.865     0.005
     0.369    64.880    16.415     8.865     0.005
     0.369    64.883    16.416     8.865     0.005
     0.369    64.887    16.417     8.865     0.005
     0.369    64.891    16.418     8.865     0.005
     0.369    64.895    16.419     8.865     0.005
     0.369    64.899    16.420     8.865     0.005
     0.369    64.902    16.421     8.865     0.005
     0.369    64.906    16.422     8.865     0.005
     0.369    64.910    16.423     8.865     0.005
     0.369    64.914    16.424     8.865     0.005
     0.369    64.918    16.425     8.866     0.005
     0.369    64.921    16.426     8.866     0.005
     0.369    64.925    16.427     8.866     0.005
     0.369    64.929    16.427     8.866     0.005
     0.369    64.933    16.428     8.866     0.005
     0.369    64.937    16.429     8.866     0.005
     0.369    64.940    16.430     8.866     0.005
     0.369    64.944    16.431     8.866     0.005
     0.369    64.948    16.432     8.866     0.005
     0.369    64.952    16.433     8.866     0.005
     0.369    64.956    16.434     8.866     0.005
     0.369    64.959    16.435     8.866     0.005
     0.369    64.963    16.436     8.866     0.005
     0.369    64.967    16.437     8.867     0.005
     0.369    64.971    16.438     8.867     0.005
     0.369    64.975    16.439     8.867     0.005
     0.369    64.978    16.440     8.867     0.005
     0.369    64.982    16.441     8.867     0.005
     0.369    64.986    16.442     8.867     0.005
     0.369    64.990    16.443     8.867     0.005
     0.369    64.994    16.444     8.867     0.005
     0.369    64.997    16.445     8.867     0.005
     0.369    65.001    16.446     8.867     0.005
     0.369    65.005    16.447     8.867     0.005
     0.369    65.009    16.448     8.867     0.005
     0.369    65.013    16.449     8.868     0.005
     0.369    65.016    16.450     8.868     0.005
     0.369    65.020    16.451     8.868     0.005
     0.369    65.024    16.452     8.868     0.005
     0.369    65.028    16.453     8.868     0.005
     0.369    65.032    16.453     8.868     0.005
     0.369    65.035    16.454     8.868     0.005
     0.369    65.039    16.455     8.868     0.005
     0.368    65.043    16.456     8.868     0.005
     0.368    65.047    16.457     8.868     0.005
     0.368    65.050    16.458     8.868     0.005
     0.368    65.054    16.459     8.868     0.005
     0.368    65.058    16.460     8.868     0.005
     0.368    65.062    16.461     8.869     0.005
     0.368    65.066    16.462     8.869     0.005
     0.368    65.069    16.463     8.869     0.005
     0.368    65.073    16.464     8.869     0.005
     0.368    65.077    16.465     8.869     0.005
     0.368    65.081    16.466     8.869     0.005
     0.368    65.085    16.467     8.869     0.005
     0.368    65.088    16.468     8.869     0.005
     0.368    65.092    16.469     8.869     0.005
     0.368    65.096    16.470     8.869     0.005
     0.368    65.100    16.471     8.869     0.005
     0.368    65.104    16.472     8.869     0.005
     0.368    65.107    16.473     8.870     0.005
     0.368    65.111    16.474     8.870     0.005
     0.368    65.115    16.475     8.870     0.005
     0.368    65.119    16.476     8.870     0.005
     0.368    65.122    16.477     8.870     0.005
     0.368    65.126    16.477     8.870     0.005
     0.368    65.130    16.478     8.870     0.005
     0.368    65.134    16.479     8.870     0.005
     0.368    65.138    16.480     8.870     0.005
     0.368    65.141    16.481     8.870     0.005
     0.368    65.145    16.482     8.870     0.005
     0.368    65.149    16.483     8.870     0.005
     0.368    65.153    16.484     8.870     0.005
     0.368    65.157    16.485     8.871     0.005
     0.368    65.160    16.486     8.871     0.005
     0.368    65.164    16.487     8.871     0.005
     0.368    65.168    16.488     8.871     0.005
     0.368    65.172    16.489     8.871     0.005
     0.368    65.175    16.490     8.871     0.005
     0.368    65.179    16.491     8.871     0.005
     0.368    65.183    16.492     8.871     0.005
     0.368    65.187    16.493     8.871     0.005
     0.368    65.191    16.494     8.871     0.005
     0.368    65.194    16.495     8.871     0.005
     0.368    65.198    16.496     8.871     0.005
     0.368    65.202    16.497     8.872     0.005
     0.368    65.206    16.498     8.872     0.005
     0.368    65.209    16.499     8.872     0.005
     0.368    65.213    16.500     8.872     0.005
     0.367    65.217    16.500     8.872     0.005
     0.367    65.221    16.501     8.872     0.005
     0.367    65.225    16.502     8.872     0.005
     0.367    65.228    16.503     8.872     0.005
     0.367    65.232    16.504     8.872     0.005
     0.367    65.236    16.505     8.872     0.005
     0.367    65.240    16.506     8.872     0.005
     0.367    65.243    16.507     8.872     0.005
     0.367    65.247    16.508     8.872     0.005
     0.367    65.251    16.509     8.873     0.005
     0.367    65.255    16.510     8.873     0.005
     0.367    65.259    16.511     8.873     0.005
     0.367    65.262    16.512     8.873     0.005
     0.367    65.266    16.513     8.873     0.005
     0.367    65.270    16.514     8.873     0.005
     0.367    65.274    16.515     8.873     0.005
     0.367    65.277    16.516     8.873     0.005
     0.367    65.281    16.517     8.873     0.005
     0.367    65.285    16.518     8.873     0.005
     0.367    65.289    16.519     8.873     0.005
     0.367    65.293    16.520     8.873     0.005
     0.367    65.296    16.521     8.874     0.005
     0.367    65.300    16.522     8.874     0.005
     0.367    65.304    16.523     8.874     0.005
     0.367    65.308    16.523     8.874     0.005
     0.367    65.311    16.524     8.874     0.005
     0.367    65.315    16.525     8.874     0.005
     0.367    65.319    16.526     8.874     0.005
     0.367    65.323    16.527     8.874     0.005
     0.367    65.327    16.528     8.874     0.005
     0.367    65.330    16.529     8.874     0.005
     0.367    65.334    16.530     8.874     0.005
     0.367    65.338    16.531     8.874     0.005
     0.367    65.342    16.532     8.874     0.005
     0.367    65.345    16.533     8.875     0.005
     0.367    65.349    16.534     8.875     0.005
     0.367    65.353    16.535     8.875     0.005
     0.367    65.357    16.536     8.875     0.005
     0.367    65.361    16.537     8.875     0.005
     0.367    65.364    16.538     8.875     0.005
     0.367    65.368    16.539     8.875     0.005
     0.367    65.372    16.540     8.875     0.005
     0.367    65.376    16.541     8.875     0.005
     0.367    65.379    16.542     8.875     0.005
     0.367    65.383    16.543     8.875     0.005
     0.367    65.387    16.544     8.875     0.005
     0.367    65.391    16.544     8.876     0.005
     0.366    65.394    16.545     8.876     0.005
     0.366    65.398    16.546     8.876     0.005
     0.366    65.402    16.547     8.876     0.005
     0.366    65.406    16.548     8.876     0.005
     0.366    65.410    16.549     8.876     0.005
     0.366    65.413    16.550     8.876     0.005
     0.366    65.417    16.551     8.876     0.005
     0.366    65.421    16.552     8.876     0.005
     0.366    65.425    16.553     8.876     0.005
     0.366    65.428    16.554     8.876     0.005
     0.366    65.432    16.555     8.876     0.005
     0.366    65.436    16.556     8.876     0.005
     0.366    65.440    16.557     8.877     0.005
     0.366    65.443    16.558     8.877     0.005
     0.366    65.447    16.559     8.877     0.005
     0.366    65.451    16.560     8.877     0.005
     0.366    65.455    16.561     8.877     0.005
     0.366    65.459    16.562     8.877     0.005
     0.366    65.462    16.563     8.877     0.005
     0.366    65.466    16.564     8.877     0.005
     0.366    65.470    16.565     8.877     0.005
     0.366    65.474    16.566     8.877     0.005
     0.366    65.477    16.566     8.877     0.005
     0.366    65.481    16.567     8.877     0.005
     0.366    65.485    16.568     8.878     0.005
     0.366    65.489    16.569     8.878     0.005
     0.366    65.492    16.570     8.878     0.005
     0.366    65.496    16.571     8.878     0.005
     0.366    65.500    16.572     8.878     0.005
     0.366    65.504    16.573     8.878     0.005
     0.366    65.507    16.574     8.878     0.005
     0.366    65.511    16.575     8.878     0.005
     0.366    65.515    16.576     8.878     0.005
     0.366    65.519    16.577     8.878     0.005
     0.366    65.523    16.578     8.878     0.005
     0.366    65.526    16.579     8.878     0.005
     0.366    65.530    16.580     8.878     0.005
     0.366    65.534    16.581     8.879     0.005
     0.366    65.538    16.582     8.879     0.005
     0.366    65.541    16.583     8.879     0.005
     0.366    65.545    16.584     8.879     0.005
     0.366    65.549    16.585     8.879     0.005
     0.366    65.553    16.586     8.879     0.005
     0.366    65.556    16.586     8.879     0.005
     0.366    65.560    16.587     8.879     0.005
     0.366    65.564    16.588     8.879     0.005
     0.366    65.568    16.589     8.879     0.005
     0.366    65.571    16.590     8.879     0.005
     0.365    65.575    16.591     8.879     0.005
     0.365    65.579    16.592     8.880     0.005
     0.365    65.583    16.593     8.880     0.005
     0.365    65.586    16.594     8.880     0.005
     0.365    65.590    16.595     8.880     0.005
     0.365    65.594    16.596     8.880     0.005
     0.365    65.598    16.597     8.880     0.005
     0.365    65.602    16.598     8.880     0.005
     0.365    65.605    16.599     8.880     0.005
     0.365    65.609    16.600     8.880     0.005
     0.365    65.613    16.601     8.880     0.005
     0.365    65.617    16.602     8.880     0.005
     0.365    65.620    16.603     8.880     0.005
     0.365    65.624    16.604     8.880     0.005
     0.365    65.628    16.605     8.881     0.005
     0.365    65.632    16.606     8.881     0.005
     0.365    65.635    16.606     8.881     0.005
     0.365    65.639    16.607     8.881     0.005
     0.365    65.643    16.608     8.881     0.005
     0.365    65.647    16.609     8.881     0.005
     0.365    65.650    16.610     8.881     0.005
     0.365    65.654    16.611     8.881     0.005
     0.365    65.658    16.612     8.881     0.005
     0.365    65.662    16.613     8.881     0.005
     0.365    65.665    16.614     8.881     0.005
     0.365    65.669    16.615     8.881     0.005
     0.365    65.673    16.616     8.882     0.005
     0.365    65.677    16.617     8.882     0.005
     0.365    65.680    16.618     8.882     0.005
     0.365    65.684    16.619     8.882     0.005
     0.365    65.688    16.620     8.882     0.005
     0.365    65.692    16.621     8.882     0.005
     0.365    65.695    16.622     8.882     0.005
     0.365    65.699    16.623     8.882     0.005
     0.365    65.703    16.624     8.882     0.005
     0.365    65.707    16.625     8.882     0.005
     0.365    65.710    16.626     8.882     0.005
     0.365    65.714    16.626     8.882     0.005
     0.365    65.718    16.627     8.882     0.005
     0.365    65.722    16.628     8.883     0.005
     0.365    65.725    16.629     8.883     0.005
     0.365    65.729    16.630     8.883     0.005
     0.365    65.733    16.631     8.883     0.005
     0.365    65.737    16.632     8.883     0.005
     0.365    65.740    16.633     8.883     0.005
     0.365    65.744    16.634     8.883     0.005
     0.365    65.748    16.635     8.883     0.005
     0.365    65.752    16.636     8.883     0.005
     0.364    65.755    16.637     8.883     0.005
     0.364    65.759    16.638     8.883     0.005
     0.364    65.763    16.639     8.883     0.005
     0.364    65.767    16.640     8.884     0.005
     0.364    65.770    16.641     8.884     0.005
     0.364    65.774    16.642     8.884     0.005
     0.364    65.778    16.643     8.884     0.005
     0.364    65.782    16.644     8.884     0.005
     0.364    65.785    16.645     8.884     0.005
     0.364    65.789    16.645     8.884     0.005
     0.364    65.793    16.646     8.884     0.005
     0.364    65.797    16.647     8.884     0.005
     0.364    65.800    16.648     8.884     0.005
     0.364    65.804    16.649     8.884     0.005
     0.364    65.808    16.650     8.884     0.005
     0.364    65.812    16.651     8.884     0.005
     0.364    65.815    16.652     8.885     0.005
     0.364    65.819    16.653     8.885     0.005
     0.364    65.823    16.654     8.885     0.005
     0.364    65.827    16.655     8.885     0.005
     0.364    65.830    16.656     8.885     0.005
     0.364    65.834    16.657     8.885     0.005
     0.364    65.838    16.658     8.885     0.005
     0.364    65.842    16.659     8.885     0.005
     0.364    65.845    16.660     8.885     0.005
     0.364    65.849    16.661     8.885     0.005
     0.364    65.853    16.662     8.885     0.005
     0.364    65.857    16.663     8.885     0.005
     0.364    65.860    16.664     8.886     0.005
     0.364    65.864    16.664     8.886     0.005
     0.364    65.868    16.665     8.886     0.005
     0.364    65.872    16.666     8.886     0.005
     0.364    65.875    16.667     8.886     0.005
     0.364    65.879    16.668     8.886     0.005
     0.364    65.883    16.669     8.886     0.005
     0.364    65.887    16.670     8.886     0.005
     0.364    65.890    16.671     8.886     0.005
     0.364    65.894    16.672     8.886     0.005
     0.364    65.898    16.673     8.886     0.005
     0.364    65.902    16.674     8.886     0.005
     0.364    65.905    16.675     8.886     0.005
     0.364    65.909    16.676     8.887     0.005
     0.364    65.913    16.677     8.887     0.005
     0.364    65.916    16.678     8.887     0.005
     0.364    65.920    16.679     8.887     0.005
     0.364    65.924    16.680     8.887     0.005
     0.364    65.928    16.681     8.887     0.005
     0.364    65.931    16.682     8.887     0.005
     0.363    65.935    16.682     8.887     0.005
     0.363    65.939    16.683     8.887     0.005
     0.363    65.943    16.684     8.887     0.005
     0.363    65.946    16.685     8.887     0.005
     0.363    65.950    16.686     8.887     0.005
     0.363    65.954    16.687     8.888     0.005
     0.363    65.958    16.688     8.888     0.005
     0.363    65.961    16.689     8.888     0.005
     0.363    65.965    16.690     8.888     0.005
     0.363    65.969    16.691     8.888     0.005
     0.363    65.973    16.692     8.888     0.005
     0.363    65.976    16.693     8.888     0.005
     0.363    65.980    16.694     8.888     0.005
     0.363    65.984    16.695     8.888     0.005
     0.363    65.988    16.696     8.888     0.005
     0.363    65.991    16.697     8.888     0.005
     0.363    65.995    16.698     8.888     0.005
     0.363    65.999    16.699     8.888     0.005
     0.363    66.002    16.700     8.889     0.005
     0.363    66.006    16.700     8.889     0.005
     0.363    66.010    16.701     8.889     0.005
     0.363    66.014    16.702     8.889     0.005
     0.363    66.017    16.703     8.889     0.005
     0.363    66.021    16.704     8.889     0.005
     0.363    66.025    16.705     8.889     0.005
     0.363    66.029    16.706     8.889     0.005
     0.363    66.032    16.707     8.889     0.005
     0.363    66.036    16.708     8.889     0.005
     0.363    66.040    16.709     8.889     0.005
     0.363    66.044    16.710     8.889     0.005
     0.363    66.047    16.711     8.890     0.005
     0.363    66.051    16.712     8.890     0.005
     0.363    66.055    16.713     8.890     0.005
     0.363    66.058    16.714     8.890     0.005
     0.363    66.062    16.715     8.890     0.005
     0.363    66.066    16.716     8.890     0.005
     0.363    66.070    16.717     8.890     0.005
     0.363    66.073    16.718     8.890     0.005
     0.363    66.077    16.718     8.890     0.005
     0.363    66.081    16.719     8.890     0.005
     0.363    66.085    16.720     8.890     0.005
     0.363    66.088    16.721     8.890     0.005
     0.363    66.092    16.722     8.890     0.005
     0.363    66.096    16.723     8.891     0.005
     0.363    66.100    16.724     8.891     0.005
     0.363    66.103    16.725     8.891     0.005
     0.363    66.107    16.726     8.891     0.005
     0.363    66.111    16.727     8.891     0.005
     0.363    66.114    16.728     8.891     0.005
     0.362    66.118    16.729     8.891     0.005
     0.362    66.122    16.730     8.891     0.005
     0.362    66.126    16.731     8.891     0.005
     0.362    66.129    16.732     8.891     0.005
     0.362    66.133    16.733     8.891     0.005
     0.362    66.137    16.734     8.891     0.005
     0.362    66.141    16.735     8.892     0.005
     0.362    66.144    16.735     8.892     0.005
     0.362    66.148    16.736     8.892     0.005
     0.362    66.152    16.737     8.892     0.005
     0.362    66.155    16.738     8.892     0.005
     0.362    66.159    16.739     8.892     0.005
     0.362    66.163    16.740     8.892     0.005
     0.362    66.167    16.741     8.892     0.005
     0.362    66.170    16.742     8.892     0.005
     0.362    66.174    16.743     8.892     0.005
     0.362    66.178    16.744     8.892     0.005
     0.362    66.182    16.745     8.892     0.005
     0.362    66.185    16.746     8.892     0.005
     0.362    66.189    16.747     8.893     0.005
     0.362    66.193    16.748     8.893     0.005
     0.362    66.196    16.749     8.893     0.005
     0.362    66.200    16.750     8.893     0.005
     0.362    66.204    16.751     8.893     0.005
     0.362    66.208    16.752     8.893     0.005
     0.362    66.211    16.752     8.893     0.005
     0.362    66.215    16.753     8.893     0.005
     0.362    66.219    16.754     8.893     0.005
     0.362    66.223    16.755     8.893     0.005
     0.362    66.226    16.756     8.893     0.005
     0.362    66.230    16.757     8.893     0.005
     0.362    66.234    16.758     8.894     0.005
     0.362    66.237    16.759     8.894     0.005
     0.362    66.241    16.760     8.894     0.005
     0.362    66.245    16.761     8.894     0.005
     0.362    66.249    16.762     8.894     0.005
     0.362    66.252    16.763     8.894     0.005
     0.362    66.256    16.764     8.894     0.005
     0.362    66.260    16.765     8.894     0.005
     0.362    66.263    16.766     8.894     0.005
     0.362    66.267    16.767     8.894     0.005
     0.362    66.271    16.768     8.894     0.005
     0.362    66.275    16.768     8.894     0.005
     0.362    66.278    16.769     8.894     0.005
     0.362    66.282    16.770     8.895     0.005
     0.362    66.286    16.771     8.895     0.005
     0.362    66.290    16.772     8.895     0.005
     0.362    66.293    16.773     8.895     0.005
     0.362    66.297    16.774     8.895     0.005
     0.361    66.301    16.775     8.895     0.005
     0.361    66.304    16.776     8.895     0.005
     0.361    66.308    16.777     8.895     0.005
     0.361    66.312    16.778     8.895     0.005
     0.361    66.316    16.779     8.895     0.005
     0.361    66.319    16.780     8.895     0.005
     0.361    66.323    16.781     8.895     0.005
     0.361    66.327    16.782     8.896     0.005
     0.361    66.330    16.783     8.896     0.005
     0.361    66.334    16.784     8.896     0.005
     0.361    66.338    16.785     8.896     0.005
     0.361    66.342    16.785     8.896     0.005
     0.361    66.345    16.786     8.896     0.005
     0.361    66.349    16.787     8.896     0.005
     0.361    66.353    16.788     8.896     0.005
     0.361    66.356    16.789     8.896     0.005
     0.361    66.360    16.790     8.896     0.005
     0.361    66.364    16.791     8.896     0.005
     0.361    66.368    16.792     8.896     0.005
     0.361    66.371    16.793     8.896     0.005
     0.361    66.375    16.794     8.897     0.005
     0.361    66.379    16.795     8.897     0.005
     0.361    66.382    16.796     8.897     0.005
     0.361    66.386    16.797     8.897     0.005
     0.361    66.390    16.798     8.897     0.005
     0.361    66.394    16.799     8.897     0.005
     0.361    66.397    16.800     8.897     0.005
     0.361    66.401    16.801     8.897     0.005
     0.361    66.405    16.801     8.897     0.005
     0.361    66.408    16.802     8.897     0.005
     0.361    66.412    16.803     8.897     0.005
     0.361    66.416    16.804     8.897     0.005
     0.361    66.420    16.805     8.898     0.005
     0.361    66.423    16.806     8.898     0.005
     0.361    66.427    16.807     8.898     0.005
     0.361    66.431    16.808     8.898     0.005
     0.361    66.434    16.809     8.898     0.005
     0.361    66.438    16.810     8.898     0.005
     0.361    66.442    16.811     8.898     0.005
     0.361    66.446    16.812     8.898     0.005
     0.361    66.449    16.813     8.898     0.005
     0.361    66.453    16.814     8.898     0.005
     0.361    66.457    16.815     8.898     0.005
     0.361    66.460    16.816     8.898     0.005
     0.361    66.464    16.817     8.898     0.005
     0.361    66.468    16.817     8.899     0.005
     0.361    66.472    16.818     8.899     0.005
     0.361    66.475    16.819     8.899     0.005
     0.361    66.479    16.820     8.899     0.005
     0.360    66.483    16.821     8.899     0.005
     0.360    66.486    16.822     8.899     0.005
     0.360    66.490    16.823     8.899     0.005
     0.360    66.494    16.824     8.899     0.005
     0.360    66.497    16.825     8.899     0.005
     0.360    66.501    16.826     8.899     0.005
     0.360    66.505    16.827     8.899     0.005
     0.360    66.509    16.828     8.899     0.005
     0.360    66.512    16.829     8.900     0.005
     0.360    66.516    16.830     8.900     0.005
     0.360    66.520    16.831     8.900     0.005
     0.360    66.523    16.832     8.900     0.005
     0.360    66.527    16.832     8.900     0.005
     0.360    66.531    16.833     8.900     0.005
     0.360    66.535    16.834     8.900     0.005
     0.360    66.538    16.835     8.900     0.005
     0.360    66.542    16.836     8.900     0.005
     0.360    66.546    16.837     8.900     0.005
     0.360    66.549    16.838     8.900     0.005
     0.360    66.553    16.839     8.900     0.005
     0.360    66.557    16.840     8.900     0.005
     0.360    66.560    16.841     8.901     0.005
     0.360    66.564    16.842     8.901     0.005
     0.360    66.568    16.843     8.901     0.005
     0.360    66.572    16.844     8.901     0.005
     0.360    66.575    16.845     8.901     0.005
     0.360    66.579    16.846     8.901     0.005
     0.360    66.583    16.847     8.901     0.005
     0.360    66.586    16.848     8.901     0.005
     0.360    66.590    16.848     8.901     0.005
     0.360    66.594    16.849     8.901     0.005
     0.360    66.598    16.850     8.901     0.005
     0.360    66.601    16.851     8.901     0.005
     0.360    66.605    16.852     8.902     0.005
     0.360    66.609    16.853     8.902     0.005
     0.360    66.612    16.854     8.902     0.005
     0.360    66.616    16.855     8.902     0.005
     0.360    66.620    16.856     8.902     0.005
     0.360    66.623    16.857     8.902     0.005
     0.360    66.627    16.858     8.902     0.005
     0.360    66.631    16.859     8.902     0.005
     0.360    66.635    16.860     8.902     0.005
     0.360    66.638    16.861     8.902     0.005
     0.360    66.642    16.862     8.902     0.005
     0.360    66.646    16.863     8.902     0.005
     0.360    66.649    16.863     8.902     0.005
     0.360    66.653    16.864     8.903     0.005
     0.360    66.657    16.865     8.903     0.005
     0.360    66.660    16.866     8.903     0.005
     0.360    66.664    16.867     8.903     0.005
     0.359    66.668    16.868     8.903     0.005
     0.359    66.672    16.869     8.903     0.005
     0.359    66.675    16.870     8.903     0.005
     0.359    66.679    16.871     8.903     0.005
     0.359    66.683    16.872     8.903     0.005
     0.359    66.686    16.873     8.903     0.005
     0.359    66.690    16.874     8.903     0.005
     0.359    66.694    16.875     8.903     0.005
     0.359    66.697    16.876     8.904     0.005
     0.359    66.701    16.877     8.904     0.005
     0.359    66.705    16.878     8.904     0.005
     0.359    66.709    16.878     8.904     0.005
     0.359    66.712    16.879     8.904     0.005
     0.359    66.716    16.880     8.904     0.005
     0.359    66.720    16.881     8.904     0.005
     0.359    66.723    16.882     8.904     0.005
     0.359    66.727    16.883     8.904     0.005
     0.359    66.731    16.884     8.904     0.005
     0.359    66.734    16.885     8.904     0.005
     0.359    66.738    16.886     8.904     0.005
     0.359    66.742    16.887     8.904     0.005
     0.359    66.745    16.888     8.905     0.005
     0.359    66.749    16.889     8.905     0.005
     0.359    66.753    16.890     8.905     0.005
     0.359    66.757    16.891     8.905     0.005
     0.359    66.760    16.892     8.905     0.005
     0.359    66.764    16.892     8.905     0.005
     0.359    66.768    16.893     8.905     0.005
     0.359    66.771    16.894     8.905     0.005
     0.359    66.775    16.895     8.905     0.005
     0.359    66.779    16.896     8.905     0.005
     0.359    66.782    16.897     8.905     0.005
     0.359    66.786    16.898     8.905     0.005
     0.359    66.790    16.899     8.906     0.005
     0.359    66.793    16.900     8.906     0.005
     0.359    66.797    16.901     8.906     0.005
     0.359    66.801    16.902     8.906     0.005
     0.359    66.805    16.903     8.906     0.005
     0.359    66.808    16.904     8.906     0.005
     0.359    66.812    16.905     8.906     0.005
     0.359    66.816    16.906     8.906     0.005
     0.359    66.819    16.907     8.906     0.005
     0.359    66.823    16.907     8.906     0.005
     0.359    66.827    16.908     8.906     0.005
     0.359    66.830    16.909     8.906     0.005
     0.359    66.834    16.910     8.906     0.005
     0.359    66.838    16.911     8.907     0.005
     0.359    66.841    16.912     8.907     0.005
     0.359    66.845    16.913     8.907     0.005
     0.359    66.849    16.914     8.907     0.005
     0.359    66.853    16.915     8.907     0.005
     0.358    66.856    16.916     8.907     0.005
     0.358    66.860    16.917     8.907     0.005
     0.358    66.864    16.918     8.907     0.005
     0.358    66.867    16.919     8.907     0.005
     0.358    66.871    16.920     8.907     0.005
     0.358    66.875    16.921     8.907     0.005
     0.358    66.878    16.921     8.907     0.005
     0.358    66.882    16.922     8.908     0.005
     0.358    66.886    16.923     8.908     0.005
     0.358    66.889    16.924     8.908     0.005
     0.358    66.893    16.925     8.908     0.005
     0.358    66.897    16.926     8.908     0.005
     0.358    66.900    16.927     8.908     0.005
     0.358    66.904    16.928     8.908     0.005
     0.358    66.908    16.929     8.908     0.005
     0.358    66.912    16.930     8.908     0.005
     0.358    66.915    16.931     8.908     0.005
     0.358    66.919    16.932     8.908     0.005
     0.358    66.923    16.933     8.908     0.005
     0.358    66.926    16.934     8.908     0.005
     0.358    66.930    16.935     8.909     0.005
     0.358    66.934    16.935     8.909     0.005
     0.358    66.937    16.936     8.909     0.005
     0.358    66.941    16.937     8.909     0.005
     0.358    66.945    16.938     8.909     0.005
     0.358    66.948    16.939     8.909     0.005
     0.358    66.952    16.940     8.909     0.005
     0.358    66.956    16.941     8.909     0.005
     0.358    66.959    16.942     8.909     0.005
     0.358    66.963    16.943     8.909     0.005
     0.358    66.967    16.944     8.909     0.005
     0.358    66.970    16.945     8.909     0.005
     0.358    66.974    16.946     8.910     0.005
     0.358    66.978    16.947     8.910     0.005
     0.358    66.981    16.948     8.910     0.005
     0.358    66.985    16.949     8.910     0.005
     0.358    66.989    16.949     8.910     0.005
     0.358    66.993    16.950     8.910     0.005
     0.358    66.996    16.951     8.910     0.005
     0.358    67.000    16.952     8.910     0.005
     0.358    67.004    16.953     8.910     0.005
     0.358    67.007    16.954     8.910     0.005
     0.358    67.011    16.955     8.910     0.005
     0.358    67.015    16.956     8.910     0.005
     0.358    67.018    16.957     8.910     0.005
     0.358    67.022    16.958     8.911     0.005
     0.358    67.026    16.959     8.911     0.005
     0.358    67.029    16.960     8.911     0.005
     0.358    67.033    16.961     8.911     0.005
     0.358    67.037    16.962     8.911     0.005
     0.358    67.040    16.963     8.911     0.005
     0.357    67.044    16.963     8.911     0.006
     0.357    67.048    16.964     8.911     0.006
     0.357    67.051    16.965     8.911     0.006
     0.357    67.055    16.966     8.911     0.006
     0.357    67.059    16.967     8.911     0.006
     0.357    67.062    16.968     8.911     0.006
     0.357    67.066    16.969     8.912     0.006
     0.357    67.070    16.970     8.912     0.006
     0.357    67.073    16.971     8.912     0.006
     0.357    67.077    16.972     8.912     0.006
     0.357    67.081    16.973     8.912     0.006
     0.357    67.085    16.974     8.912     0.006
     0.357    67.088    16.975     8.912     0.006
     0.357    67.092    16.976     8.912     0.006
     0.357    67.096    16.977     8.912     0.006
     0.357    67.099    16.977     8.912     0.006
     0.357    67.103    16.978     8.912     0.006
     0.357    67.107    16.979     8.912     0.006
     0.357    67.110    16.980     8.912     0.006
     0.357    67.114    16.981     8.913     0.006
     0.357    67.118    16.982     8.913     0.006
     0.357    67.121    16.983     8.913     0.006
     0.357    67.125    16.984     8.913     0.006
     0.357    67.129    16.985     8.913     0.006
     0.357    67.132    16.986     8.913     0.006
     0.357    67.136    16.987     8.913     0.006
     0.357    67.140    16.988     8.913     0.006
     0.357    67.143    16.989     8.913     0.006
     0.357    67.147    16.990     8.913     0.006
     0.357    67.151    16.990     8.913     0.006
     0.357    67.154    16.991     8.913     0.006
     0.357    67.158    16.992     8.914     0.006
     0.357    67.162    16.993     8.914     0.006
     0.357    67.165    16.994     8.914     0.006
     0.357    67.169    16.995     8.914     0.006
     0.357    67.173    16.996     8.914     0.006
     0.357    67.176    16.997     8.914     0.006
     0.357    67.180    16.998     8.914     0.006
     0.357    67.184    16.999     8.914     0.006
     0.357    67.187    17.000     8.914     0.006
     0.357    67.191    17.001     8.914     0.006
     0.357    67.195    17.002     8.914     0.006
     0.357    67.198    17.003     8.914     0.006
     0.357    67.202    17.004     8.914     0.006
     0.357    67.206    17.004     8.915     0.006
     0.357    67.209    17.005     8.915     0.006
     0.357    67.213    17.006     8.915     0.006
     0.357    67.217    17.007     8.915     0.006
     0.357    67.220    17.008     8.915     0.006
     0.357    67.224    17.009     8.915     0.006
     0.357    67.228    17.010     8.915     0.006
     0.356    67.231    17.011     8.915     0.006
     0.356    67.235    17.012     8.915     0.006
     0.356    67.239    17.013     8.915     0.006
     0.356    67.242    17.014     8.915     0.006
     0.356    67.246    17.015     8.915     0.006
     0.356    67.250    17.016     8.916     0.006
     0.356    67.253    17.017     8.916     0.006
     0.356    67.257    17.017     8.916     0.006
     0.356    67.261    17.018     8.916     0.006
     0.356    67.264    17.019     8.916     0.006
     0.356    67.268    17.020     8.916     0.006
     0.356    67.272    17.021     8.916     0.006
     0.356    67.275    17.022     8.916     0.006
     0.356    67.279    17.023     8.916     0.006
     0.356    67.283    17.024     8.916     0.006
     0.356    67.286    17.025     8.916     0.006
     0.356    67.290    17.026     8.916     0.006
     0.356    67.294    17.027     8.916     0.006
     0.356    67.297    17.028     8.917     0.006
     0.356    67.301    17.029     8.917     0.006
     0.356    67.305    17.030     8.917     0.006
     0.356    67.308    17.030     8.917     0.006
     0.356    67.312    17.031     8.917     0.006
     0.356    67.316    17.032     8.917     0.006
     0.356    67.319    17.033     8.917     0.006
     0.356    67.323    17.034     8.917     0.006
     0.356    67.327    17.035     8.917     0.006
     0.356    67.330    17.036     8.917     0.006
     0.356    67.334    17.037     8.917     0.006
     0.356    67.338    17.038     8.917     0.006
     0.356    67.341    17.039     8.918     0.006
     0.356    67.345    17.040     8.918     0.006
     0.356    67.349    17.041     8.918     0.006
     0.356    67.352    17.042     8.918     0.006
     0.356    67.356    17.043     8.918     0.006
     0.356    67.360    17.043     8.918     0.006
     0.356    67.363    17.044     8.918     0.006
     0.356    67.367    17.045     8.918     0.006
     0.356    67.371    17.046     8.918     0.006
     0.356    67.374    17.047     8.918     0.006
     0.356    67.378    17.048     8.918     0.006
     0.356    67.382    17.049     8.918     0.006
     0.356    67.385    17.050     8.918     0.006
     0.356    67.389    17.051     8.919     0.006
     0.356    67.393    17.052     8.919     0.006
     0.356    67.396    17.053     8.919     0.006
     0.356    67.400    17.054     8.919     0.006
     0.356    67.404    17.055     8.919     0.006
     0.356    67.407    17.055     8.919     0.006
     0.356    67.411    17.056     8.919     0.006
     0.356    67.415    17.057     8.919     0.006
     0.355    67.418    17.058     8.919     0.006
     0.355    67.422    17.059     8.919     0.006
     0.355    67.425    17.060     8.919     0.006
     0.355    67.429    17.061     8.919     0.006
     0.355    67.433    17.062     8.920     0.006
     0.355    67.436    17.063     8.920     0.006
     0.355    67.440    17.064     8.920     0.006
     0.355    67.444    17.065     8.920     0.006
     0.355    67.447    17.066     8.920     0.006
     0.355    67.451    17.067     8.920     0.006
     0.355    67.455    17.068     8.920     0.006
     0.355    67.458    17.068     8.920     0.006
     0.355    67.462    17.069     8.920     0.006
     0.355    67.466    17.070     8.920     0.006
     0.355    67.469    17.071     8.920     0.006
     0.355    67.473    17.072     8.920     0.006
     0.355    67.477    17.073     8.920     0.006
     0.355    67.480    17.074     8.921     0.006
     0.355    67.484    17.075     8.921     0.006
     0.355    67.488    17.076     8.921     0.006
     0.355    67.491    17.077     8.921     0.006
     0.355    67.495    17.078     8.921     0.006
     0.355    67.499    17.079     8.921     0.006
     0.355    67.502    17.080     8.921     0.006
     0.355    67.506    17.081     8.921     0.006
     0.355    67.510    17.081     8.921     0.006
     0.355    67.513    17.082     8.921     0.006
     0.355    67.517    17.083     8.921     0.006
     0.355    67.521    17.084     8.921     0.006
     0.355    67.524    17.085     8.922     0.006
     0.355    67.528    17.086     8.922     0.006
     0.355    67.531    17.087     8.922     0.006
     0.355    67.535    17.088     8.922     0.006
     0.355    67.539    17.089     8.922     0.006
     0.355    67.542    17.090     8.922     0.006
     0.355    67.546    17.091     8.922     0.006
     0.355    67.550    17.092     8.922     0.006
     0.355    67.553    17.093     8.922     0.006
     0.355    67.557    17.093     8.922     0.006
     0.355    67.561    17.094     8.922     0.006
     0.355    67.564    17.095     8.922     0.006
     0.355    67.568    17.096     8.922     0.006
     0.355    67.572    17.097     8.923     0.006
     0.355    67.575    17.098     8.923     0.006
     0.355    67.579    17.099     8.923     0.006
     0.355    67.583    17.100     8.923     0.006
     0.355    67.586    17.101     8.923     0.006
     0.355    67.590    17.102     8.923     0.006
     0.355    67.594    17.103     8.923     0.006
     0.355    67.597    17.104     8.923     0.006
     0.355    67.601    17.105     8.923     0.006
     0.355    67.604    17.105     8.923     0.006
     0.354    67.608    17.106     8.923     0.006
     0.354    67.612    17.107     8.923     0.006
     0.354    67.615    17.108     8.924     0.006
     0.354    67.619    17.109     8.924     0.006
     0.354    67.623    17.110     8.924     0.006
     0.354    67.626    17.111     8.924     0.006
     0.354    67.630    17.112     8.924     0.006
     0.354    67.634    17.113     8.924     0.006
     0.354    67.637    17.114     8.924     0.006
     0.354    67.641    17.115     8.924     0.006
     0.354    67.645    17.116     8.924     0.006
     0.354    67.648    17.117     8.924     0.006
     0.354    67.652    17.117     8.924     0.006
     0.354    67.656    17.118     8.924     0.006
     0.354    67.659    17.119     8.924     0.006
     0.354    67.663    17.120     8.925     0.006
     0.354    67.666    17.121     8.925     0.006
     0.354    67.670    17.122     8.925     0.006
     0.354    67.674    17.123     8.925     0.006
     0.354    67.677    17.124     8.925     0.006
     0.354    67.681    17.125     8.925     0.006
     0.354    67.685    17.126     8.925     0.006
     0.354    67.688    17.127     8.925     0.006
     0.354    67.692    17.128     8.925     0.006
     0.354    67.696    17.129     8.925     0.006
     0.354    67.699    17.129     8.925     0.006
     0.354    67.703    17.130     8.925     0.006
     0.354    67.707    17.131     8.926     0.006
     0.354    67.710    17.132     8.926     0.006
     0.354    67.714    17.133     8.926     0.006
     0.354    67.717    17.134     8.926     0.006
     0.354    67.721    17.135     8.926     0.006
     0.354    67.725    17.136     8.926     0.006
     0.354    67.728    17.137     8.926     0.006
     0.354    67.732    17.138     8.926     0.006
     0.354    67.736    17.139     8.926     0.006
     0.354    67.739    17.140     8.926     0.006
     0.354    67.743    17.141     8.926     0.006
     0.354    67.747    17.141     8.926     0.006
     0.354    67.750    17.142     8.926     0.006
     0.354    67.754    17.143     8.927     0.006
     0.354    67.757    17.144     8.927     0.006
     0.354    67.761    17.145     8.927     0.006
     0.354    67.765    17.146     8.927     0.006
     0.354    67.768    17.147     8.927     0.006
     0.354    67.772    17.148     8.927     0.006
     0.354    67.776    17.149     8.927     0.006
     0.354    67.779    17.150     8.927     0.006
     0.354    67.783    17.151     8.927     0.006
     0.354    67.787    17.152     8.927     0.006
     0.354    67.790    17.153     8.927     0.006
     0.354    67.794    17.153     8.927     0.006
     0.354    67.798    17.154     8.928     0.006
     0.353    67.801    17.155     8.928     0.006
     0.353    67.805    17.156     8.928     0.006
     0.353    67.808    17.157     8.928     0.006
     0.353    67.812    17.158     8.928     0.006
     0.353    67.816    17.159     8.928     0.006
     0.353    67.819    17.160     8.928     0.006
     0.353    67.823    17.161     8.928     0.006
     0.353    67.827    17.162     8.928     0.006
     0.353    67.830    17.163     8.928     0.006
     0.353    67.834    17.164     8.928     0.006
     0.353    67.837    17.165     8.928     0.006
     0.353    67.841    17.165     8.928     0.006
     0.353    67.845    17.166     8.929     0.006
     0.353    67.848    17.167     8.929     0.006
     0.353    67.852    17.168     8.929     0.006
     0.353    67.856    17.169     8.929     0.006
     0.353    67.859    17.170     8.929     0.006
     0.353    67.863    17.171     8.929     0.006
     0.353    67.867    17.172     8.929     0.006
     0.353    67.870    17.173     8.929     0.006
     0.353    67.874    17.174     8.929     0.006
     0.353    67.877    17.175     8.929     0.006
     0.353    67.881    17.176     8.929     0.006
     0.353    67.885    17.176     8.929     0.006
     0.353    67.888    17.177     8.930     0.006
     0.353    67.892    17.178     8.930     0.006
     0.353    67.896    17.179     8.930     0.006
     0.353    67.899    17.180     8.930     0.006
     0.353    67.903    17.181     8.930     0.006
     0.353    67.907    17.182     8.930     0.006
     0.353    67.910    17.183     8.930     0.006
     0.353    67.914    17.184     8.930     0.006
     0.353    67.917    17.185     8.930     0.006
     0.353    67.921    17.186     8.930     0.006
     0.353    67.925    17.187     8.930     0.006
     0.353    67.928    17.188     8.930     0.006
     0.353    67.932    17.188     8.930     0.006
     0.353    67.936    17.189     8.931     0.006
     0.353    67.939    17.190     8.931     0.006
     0.353    67.943    17.191     8.931     0.006
     0.353    67.946    17.192     8.931     0.006
     0.353    67.950    17.193     8.931     0.006
     0.353    67.954    17.194     8.931     0.006
     0.353    67.957    17.195     8.931     0.006
     0.353    67.961    17.196     8.931     0.006
     0.353    67.965    17.197     8.931     0.006
     0.353    67.968    17.198     8.931     0.006
     0.353    67.972    17.199     8.931     0.006
     0.353    67.975    17.199     8.931     0.006
     0.353    67.979    17.200     8.932     0.006
     0.353    67.983    17.201     8.932     0.006
     0.353    67.986    17.202     8.932     0.006
     0.353    67.990    17.203     8.932     0.006
     0.352    67.994    17.204     8.932     0.006
     0.352    67.997    17.205     8.932     0.006
     0.352    68.001    17.206     8.932     0.006
     0.352    68.005    17.207     8.932     0.006
     0.352    68.008    17.208     8.932     0.006
     0.352    68.012    17.209     8.932     0.006
     0.352    68.015    17.210     8.932     0.006
     0.352    68.019    17.211     8.932     0.006
     0.352    68.023    17.211     8.932     0.006
     0.352    68.026    17.212     8.933     0.006
     0.352    68.030    17.213     8.933     0.006
     0.352    68.034    17.214     8.933     0.006
     0.352    68.037    17.215     8.933     0.006
     0.352    68.041    17.216     8.933     0.006
     0.352    68.044    17.217     8.933     0.006
     0.352    68.048    17.218     8.933     0.006
     0.352    68.052    17.219     8.933     0.006
     0.352    68.055    17.220     8.933     0.006
     0.352    68.059    17.221     8.933     0.006
     0.352    68.063    17.222     8.933     0.006
     0.352    68.066    17.222     8.933     0.006
     0.352    68.070    17.223     8.934     0.006
     0.352    68.073    17.224     8.934     0.006
     0.352    68.077    17.225     8.934     0.006
     0.352    68.081    17.226     8.934     0.006
     0.352    68.084    17.227     8.934     0.006
     0.352    68.088    17.228     8.934     0.006
     0.352    68.091    17.229     8.934     0.006
     0.352    68.095    17.230     8.934     0.006
     0.352    68.099    17.231     8.934     0.006
     0.352    68.102    17.232     8.934     0.006
     0.352    68.106    17.233     8.934     0.006
     0.352    68.110    17.233     8.934     0.006
     0.352    68.113    17.234     8.934     0.006
     0.352    68.117    17.235     8.935     0.006
     0.352    68.120    17.236     8.935     0.006
     0.352    68.124    17.237     8.935     0.006
     0.352    68.128    17.238     8.935     0.006
     0.352    68.131    17.239     8.935     0.006
     0.352    68.135    17.240     8.935     0.006
     0.352    68.139    17.241     8.935     0.006
     0.352    68.142    17.242     8.935     0.006
     0.352    68.146    17.243     8.935     0.006
     0.352    68.149    17.244     8.935     0.006
     0.352    68.153    17.244     8.935     0.006
     0.352    68.157    17.245     8.935     0.006
     0.352    68.160    17.246     8.936     0.006
     0.352    68.164    17.247     8.936     0.006
     0.352    68.167    17.248     8.936     0.006
     0.352    68.171    17.249     8.936     0.006
     0.352    68.175    17.250     8.936     0.006
     0.352    68.178    17.251     8.936     0.006
     0.352    68.182    17.252     8.936     0.006
     0.351    68.186    17.253     8.936     0.006
     0.351    68.189    17.254     8.936     0.006
     0.351    68.193    17.255     8.936     0.006
     0.351    68.196    17.255     8.936     0.006
     0.351    68.200    17.256     8.936     0.006
     0.351    68.204    17.257     8.936     0.006
     0.351    68.207    17.258     8.937     0.006
     0.351    68.211    17.259     8.937     0.006
     0.351    68.215    17.260     8.937     0.006
     0.351    68.218    17.261     8.937     0.006
     0.351    68.222    17.262     8.937     0.006
     0.351    68.225    17.263     8.937     0.006
     0.351    68.229    17.264     8.937     0.006
     0.351    68.233    17.265     8.937     0.006
     0.351    68.236    17.266     8.937     0.006
     0.351    68.240    17.266     8.937     0.006
     0.351    68.243    17.267     8.937     0.006
     0.351    68.247    17.268     8.937     0.006
     0.351    68.251    17.269     8.938     0.006
     0.351    68.254    17.270     8.938     0.006
     0.351    68.258    17.271     8.938     0.006
     0.351    68.261    17.272     8.938     0.006
     0.351    68.265    17.273     8.938     0.006
     0.351    68.269    17.274     8.938     0.006
     0.351    68.272    17.275     8.938     0.006
     0.351    68.276    17.276     8.938     0.006
     0.351    68.280    17.277     8.938     0.006
     0.351    68.283    17.277     8.938     0.006
     0.351    68.287    17.278     8.938     0.006
     0.351    68.290    17.279     8.938     0.006
     0.351    68.294    17.280     8.938     0.006
     0.351    68.298    17.281     8.939     0.006
     0.351    68.301    17.282     8.939     0.006
     0.351    68.305    17.283     8.939     0.006
     0.351    68.308    17.284     8.939     0.006
     0.351    68.312    17.285     8.939     0.006
     0.351    68.316    17.286     8.939     0.006
     0.351    68.319    17.287     8.939     0.006
     0.351    68.323    17.288     8.939     0.006
     0.351    68.326    17.288     8.939     0.006
     0.351    68.330    17.289     8.939     0.006
     0.351    68.334    17.290     8.939     0.006
     0.351    68.337    17.291     8.939     0.006
     0.351    68.341    17.292     8.940     0.006
     0.351    68.345    17.293     8.940     0.006
     0.351    68.348    17.294     8.940     0.006
     0.351    68.352    17.295     8.940     0.006
     0.351    68.355    17.296     8.940     0.006
     0.351    68.359    17.297     8.940     0.006
     0.351    68.363    17.298     8.940     0.006
     0.351    68.366    17.298     8.940     0.006
     0.351    68.370    17.299     8.940     0.006
     0.351    68.373    17.300     8.940     0.006
     0.351    68.377    17.301     8.940     0.006
     0.350    68.381    17.302     8.940     0.006
     0.350    68.384    17.303     8.940     0.006
     0.350    68.388    17.304     8.941     0.006
     0.350    68.391    17.305     8.941     0.006
     0.350    68.395    17.306     8.941     0.006
     0.350    68.399    17.307     8.941     0.006
     0.350    68.402    17.308     8.941     0.006
     0.350    68.406    17.309     8.941     0.006
     0.350    68.409    17.309     8.941     0.006
     0.350    68.413    17.310     8.941     0.006
     0.350    68.417    17.311     8.941     0.006
     0.350    68.420    17.312     8.941     0.006
     0.350    68.424    17.313     8.941     0.006
     0.350    68.427    17.314     8.941     0.006
     0.350    68.431    17.315     8.942     0.006
     0.350    68.435    17.316     8.942     0.006
     0.350    68.438    17.317     8.942     0.006
     0.350    68.442    17.318     8.942     0.006
     0.350    68.445    17.319     8.942     0.006
     0.350    68.449    17.319     8.942     0.006
     0.350    68.453    17.320     8.942     0.006
     0.350    68.456    17.321     8.942     0.006
     0.350    68.460    17.322     8.942     0.006
     0.350    68.463    17.323     8.942     0.006
     0.350    68.467    17.324     8.942     0.006
     0.350    68.471    17.325     8.942     0.006
     0.350    68.474    17.326     8.942     0.006
     0.350    68.478    17.327     8.943     0.006
     0.350    68.482    17.328     8.943     0.006
     0.350    68.485    17.329     8.943     0.006
     0.350    68.489    17.330     8.943     0.006
     0.350    68.492    17.330     8.943     0.006
     0.350    68.496    17.331     8.943     0.006
     0.350    68.500    17.332     8.943     0.006
     0.350    68.503    17.333     8.943     0.006
     0.350    68.507    17.334     8.943     0.006
     0.350    68.510    17.335     8.943     0.006
     0.350    68.514    17.336     8.943     0.006
     0.350    68.518    17.337     8.943     0.006
     0.350    68.521    17.338     8.944     0.006
     0.350    68.525    17.339     8.944     0.006
     0.350    68.528    17.340     8.944     0.006
     0.350    68.532    17.340     8.944     0.006
     0.350    68.535    17.341     8.944     0.006
     0.350    68.539    17.342     8.944     0.006
     0.350    68.543    17.343     8.944     0.006
     0.350    68.546    17.344     8.944     0.006
     0.350    68.550    17.345     8.944     0.006
     0.350    68.553    17.346     8.944     0.006
     0.350    68.557    17.347     8.944     0.006
     0.350    68.561    17.348     8.944     0.006
     0.350    68.564    17.349     8.944     0.006
     0.350    68.568    17.350     8.945     0.006
     0.350    68.571    17.350     8.945     0.006
     0.349    68.575    17.351     8.945     0.006
     0.349    68.579    17.352     8.945     0.006
     0.349    68.582    17.353     8.945     0.006
     0.349    68.586    17.354     8.945     0.006
     0.349    68.589    17.355     8.945     0.006
     0.349    68.593    17.356     8.945     0.006
     0.349    68.597    17.357     8.945     0.006
     0.349    68.600    17.358     8.945     0.006
     0.349    68.604    17.359     8.945     0.006
     0.349    68.607    17.360     8.945     0.006
     0.349    68.611    17.361     8.946     0.006
     0.349    68.615    17.361     8.946     0.006
     0.349    68.618    17.362     8.946     0.006
     0.349    68.622    17.363     8.946     0.006
     0.349    68.625    17.364     8.946     0.006
     0.349    68.629    17.365     8.946     0.006
     0.349    68.633    17.366     8.946     0.006
     0.349    68.636    17.367     8.946     0.006
     0.349    68.640    17.368     8.946     0.006
     0.349    68.643    17.369     8.946     0.006
     0.349    68.647    17.370     8.946     0.006
     0.349    68.651    17.371     8.946     0.006
     0.349    68.654    17.371     8.946     0.006
     0.349    68.658    17.372     8.947     0.006
     0.349    68.661    17.373     8.947     0.006
     0.349    68.665    17.374     8.947     0.006
     0.349    68.669    17.375     8.947     0.006
     0.349    68.672    17.376     8.947     0.006
     0.349    68.676    17.377     8.947     0.006
     0.349    68.679    17.378     8.947     0.006
     0.349    68.683    17.379     8.947     0.006
     0.349    68.686    17.380     8.947     0.006
     0.349    68.690    17.381     8.947     0.006
     0.349    68.694    17.381     8.947     0.006
     0.349    68.697    17.382     8.947     0.006
     0.349    68.701    17.383     8.948     0.006
     0.349    68.704    17.384     8.948     0.006
     0.349    68.708    17.385     8.948     0.006
     0.349    68.712    17.386     8.948     0.006
     0.349    68.715    17.387     8.948     0.006
     0.349    68.719    17.388     8.948     0.006
     0.349    68.722    17.389     8.948     0.006
     0.349    68.726    17.390     8.948     0.006
     0.349    68.730    17.391     8.948     0.006
     0.349    68.733    17.391     8.948     0.006
     0.349    68.737    17.392     8.948     0.006
     0.349    68.740    17.393     8.948     0.006
     0.349    68.744    17.394     8.948     0.006
     0.349    68.747    17.395     8.949     0.006
     0.349    68.751    17.396     8.949     0.006
     0.349    68.755    17.397     8.949     0.006
     0.349    68.758    17.398     8.949     0.006
     0.349    68.762    17.399     8.949     0.006
     0.349    68.765    17.400     8.949     0.006
     0.349    68.769    17.401     8.949     0.006
     0.348    68.773    17.401     8.949     0.006
     0.348    68.776    17.402     8.949     0.006
     0.348    68.780    17.403     8.949     0.006
     0.348    68.783    17.404     8.949     0.006
     0.348    68.787    17.405     8.949     0.006
     0.348    68.790    17.406     8.950     0.006
     0.348    68.794    17.407     8.950     0.006
     0.348    68.798    17.408     8.950     0.006
     0.348    68.801    17.409     8.950     0.006
     0.348    68.805    17.410     8.950     0.006
     0.348    68.808    17.411     8.950     0.006
     0.348    68.812    17.411     8.950     0.006
     0.348    68.816    17.412     8.950     0.006
     0.348    68.819    17.413     8.950     0.006
     0.348    68.823    17.414     8.950     0.006
     0.348    68.826    17.415     8.950     0.006
     0.348    68.830    17.416     8.950     0.006
     0.348    68.834    17.417     8.950     0.006
     0.348    68.837    17.418     8.951     0.006
     0.348    68.841    17.419     8.951     0.006
     0.348    68.844    17.420     8.951     0.006
     0.348    68.848    17.421     8.951     0.006
     0.348    68.851    17.421     8.951     0.006
     0.348    68.855    17.422     8.951     0.006
     0.348    68.859    17.423     8.951     0.006
     0.348    68.862    17.424     8.951     0.006
     0.348    68.866    17.425     8.951     0.006
     0.348    68.869    17.426     8.951     0.006
     0.348    68.873    17.427     8.951     0.006
     0.348    68.876    17.428     8.951     0.006
     0.348    68.880    17.429     8.952     0.006
     0.348    68.884    17.430     8.952     0.006
     0.348    68.887    17.430     8.952     0.006
     0.348    68.891    17.431     8.952     0.006
     0.348    68.894    17.432     8.952     0.006
     0.348    68.898    17.433     8.952     0.006
     0.348    68.902    17.434     8.952     0.006
     0.348    68.905    17.435     8.952     0.006
     0.348    68.909    17.436     8.952     0.006
     0.348    68.912    17.437     8.952     0.006
     0.348    68.916    17.438     8.952     0.006
     0.348    68.919    17.439     8.952     0.006
     0.348    68.923    17.440     8.952     0.006
     0.348    68.927    17.440     8.953     0.006
     0.348    68.930    17.441     8.953     0.006
     0.348    68.934    17.442     8.953     0.006
     0.348    68.937    17.443     8.953     0.006
     0.348    68.941    17.444     8.953     0.006
     0.348    68.944    17.445     8.953     0.006
     0.348    68.948    17.446     8.953     0.006
     0.348    68.952    17.447     8.953     0.006
     0.348    68.955    17.448     8.953     0.006
     0.348    68.959    17.449     8.953     0.006
     0.348    68.962    17.450     8.953     0.006
     0.348    68.966    17.450     8.953     0.006
     0.348    68.970    17.451     8.954     0.006
     0.347    68.973    17.452     8.954     0.006
     0.347    68.977    17.453     8.954     0.006
     0.347    68.980    17.454     8.954     0.006
     0.347    68.984    17.455     8.954     0.006
     0.347    68.987    17.456     8.954     0.006
     0.347    68.991    17.457     8.954     0.006
     0.347    68.995    17.458     8.954     0.006
     0.347    68.998    17.459     8.954     0.006
     0.347    69.002    17.459     8.954     0.006
     0.347    69.005    17.460     8.954     0.006
     0.347    69.009    17.461     8.954     0.006
     0.347    69.012    17.462     8.954     0.006
     0.347    69.016    17.463     8.955     0.006
     0.347    69.020    17.464     8.955     0.006
     0.347    69.023    17.465     8.955     0.006
     0.347    69.027    17.466     8.955     0.006
     0.347    69.030    17.467     8.955     0.006
     0.347    69.034    17.468     8.955     0.006
     0.347    69.037    17.469     8.955     0.006
     0.347    69.041    17.469     8.955     0.006
     0.347    69.045    17.470     8.955     0.006
     0.347    69.048    17.471     8.955     0.006
     0.347    69.052    17.472     8.955     0.006
     0.347    69.055    17.473     8.955     0.006
     0.347    69.059    17.474     8.956     0.006
     0.347    69.062    17.475     8.956     0.006
     0.347    69.066    17.476     8.956     0.006
     0.347    69.070    17.477     8.956     0.006
     0.347    69.073    17.478     8.956     0.006
     0.347    69.077    17.479     8.956     0.006
     0.347    69.080    17.479     8.956     0.006
     0.347    69.084    17.480     8.956     0.006
     0.347    69.087    17.481     8.956     0.006
     0.347    69.091    17.482     8.956     0.006
     0.347    69.095    17.483     8.956     0.006
     0.347    69.098    17.484     8.956     0.006
     0.347    69.102    17.485     8.956     0.006
     0.347    69.105    17.486     8.957     0.006
     0.347    69.109    17.487     8.957     0.006
     0.347    69.112    17.488     8.957     0.006
     0.347    69.116    17.488     8.957     0.006
     0.347    69.120    17.489     8.957     0.006
     0.347    69.123    17.490     8.957     0.006
     0.347    69.127    17.491     8.957     0.006
     0.347    69.130    17.492     8.957     0.006
     0.347    69.134    17.493     8.957     0.006
     0.347    69.137    17.494     8.957     0.006
     0.347    69.141    17.495     8.957     0.006
     0.347    69.144    17.496     8.957     0.006
     0.347    69.148    17.497     8.958     0.006
     0.347    69.152    17.497     8.958     0.006
     0.347    69.155    17.498     8.958     0.006
     0.347    69.159    17.499     8.958     0.006
     0.347    69.162    17.500     8.958     0.006
     0.347    69.166    17.501     8.958     0.006
     0.346    69.169    17.502     8.958     0.006
     0.346    69.173    17.503     8.958     0.006
     0.346    69.177    17.504     8.958     0.006
     0.346    69.180    17.505     8.958     0.006
     0.346    69.184    17.506     8.958     0.006
     0.346    69.187    17.507     8.958     0.006
     0.346    69.191    17.507     8.958     0.006
     0.346    69.194    17.508     8.959     0.006
     0.346    69.198    17.509     8.959     0.006
     0.346    69.202    17.510     8.959     0.006
     0.346    69.205    17.511     8.959     0.006
     0.346    69.209    17.512     8.959     0.006
     0.346    69.212    17.513     8.959     0.006
     0.346    69.216    17.514     8.959     0.006
     0.346    69.219    17.515     8.959     0.006
     0.346    69.223    17.516     8.959     0.006
     0.346    69.226    17.516     8.959     0.006
     0.346    69.230    17.517     8.959     0.006
     0.346    69.234    17.518     8.959     0.006
     0.346    69.237    17.519     8.960     0.006
     0.346    69.241    17.520     8.960     0.006
     0.346    69.244    17.521     8.960     0.006
     0.346    69.248    17.522     8.960     0.006
     0.346    69.251    17.523     8.960     0.006
     0.346    69.255    17.524     8.960     0.006
     0.346    69.259    17.525     8.960     0.006
     0.346    69.262    17.525     8.960     0.006
     0.346    69.266    17.526     8.960     0.006
     0.346    69.269    17.527     8.960     0.006
     0.346    69.273    17.528     8.960     0.006
     0.346    69.276    17.529     8.960     0.006
     0.346    69.280    17.530     8.960     0.006
     0.346    69.283    17.531     8.961     0.006
     0.346    69.287    17.532     8.961     0.006
     0.346    69.291    17.533     8.961     0.006
     0.346    69.294    17.534     8.961     0.006
     0.346    69.298    17.534     8.961     0.006
     0.346    69.301    17.535     8.961     0.006
     0.346    69.305    17.536     8.961     0.006
     0.346    69.308    17.537     8.961     0.006
     0.346    69.312    17.538     8.961     0.006
     0.346    69.315    17.539     8.961     0.006
     0.346    69.319    17.540     8.961     0.006
     0.346    69.323    17.541     8.961     0.006
     0.346    69.326    17.542     8.962     0.006
     0.346    69.330    17.543     8.962     0.006
     0.346    69.333    17.544     8.962     0.006
     0.346    69.337    17.544     8.962     0.006
     0.346    69.340    17.545     8.962     0.006
     0.346    69.344    17.546     8.962     0.006
     0.346    69.347    17.547     8.962     0.006
     0.346    69.351    17.548     8.962     0.006
     0.346    69.355    17.549     8.962     0.006
     0.346    69.358    17.550     8.962     0.006
     0.346    69.362    17.551     8.962     0.006
     0.346    69.365    17.552     8.962     0.006
     0.346    69.369    17.553     8.962     0.006
     0.345    69.372    17.553     8.963     0.006
     0.345    69.376    17.554     8.963     0.006
     0.345    69.379    17.555     8.963     0.006
     0.345    69.383    17.556     8.963     0.006
     0.345    69.387    17.557     8.963     0.006
     0.345    69.390    17.558     8.963     0.006
     0.345    69.394    17.559     8.963     0.006
     0.345    69.397    17.560     8.963     0.006
     0.345    69.401    17.561     8.963     0.006
     0.345    69.404    17.562     8.963     0.006
     0.345    69.408    17.562     8.963     0.006
     0.345    69.411    17.563     8.963     0.006
     0.345    69.415    17.564     8.964     0.006
     0.345    69.419    17.565     8.964     0.006
     0.345    69.422    17.566     8.964     0.006
     0.345    69.426    17.567     8.964     0.006
     0.345    69.429    17.568     8.964     0.006
     0.345    69.433    17.569     8.964     0.006
     0.345    69.436    17.570     8.964     0.006
     0.345    69.440    17.571     8.964     0.006
     0.345    69.443    17.571     8.964     0.006
     0.345    69.447    17.572     8.964     0.006
     0.345    69.451    17.573     8.964     0.006
     0.345    69.454    17.574     8.964     0.006
     0.345    69.458    17.575     8.964     0.006
     0.345    69.461    17.576     8.965     0.006
     0.345    69.465    17.577     8.965     0.006
     0.345    69.468    17.578     8.965     0.006
     0.345    69.472    17.579     8.965     0.006
     0.345    69.475    17.580     8.965     0.006
     0.345    69.479    17.580     8.965     0.006
     0.345    69.482    17.581     8.965     0.006
     0.345    69.486    17.582     8.965     0.006
     0.345    69.490    17.583     8.965     0.006
     0.345    69.493    17.584     8.965     0.006
     0.345    69.497    17.585     8.965     0.006
     0.345    69.500    17.586     8.965     0.006
     0.345    69.504    17.587     8.966     0.006
     0.345    69.507    17.588     8.966     0.006
     0.345    69.511    17.589     8.966     0.006
     0.345    69.514    17.589     8.966     0.006
     0.345    69.518    17.590     8.966     0.006
     0.345    69.522    17.591     8.966     0.006
     0.345    69.525    17.592     8.966     0.006
     0.345    69.529    17.593     8.966     0.006
     0.345    69.532    17.594     8.966     0.006
     0.345    69.536    17.595     8.966     0.006
     0.345    69.539    17.596     8.966     0.006
     0.345    69.543    17.597     8.966     0.006
     0.345    69.546    17.597     8.966     0.006
     0.345    69.550    17.598     8.967     0.006
     0.345    69.553    17.599     8.967     0.006
     0.345    69.557    17.600     8.967     0.006
     0.345    69.561    17.601     8.967     0.006
     0.345    69.564    17.602     8.967     0.006
     0.345    69.568    17.603     8.967     0.006
     0.344    69.571    17.604     8.967     0.006
     0.344    69.575    17.605     8.967     0.006
     0.344    69.578    17.606     8.967     0.006
     0.344    69.582    17.606     8.967     0.006
     0.344    69.585    17.607     8.967     0.006
     0.344    69.589    17.608     8.967     0.006
     0.344    69.592    17.609     8.968     0.006
     0.344    69.596    17.610     8.968     0.006
     0.344    69.600    17.611     8.968     0.006
     0.344    69.603    17.612     8.968     0.006
     0.344    69.607    17.613     8.968     0.006
     0.344    69.610    17.614     8.968     0.006
     0.344    69.614    17.615     8.968     0.006
     0.344    69.617    17.615     8.968     0.006
     0.344    69.621    17.616     8.968     0.006
     0.344    69.624    17.617     8.968     0.006
     0.344    69.628    17.618     8.968     0.006
     0.344    69.631    17.619     8.968     0.006
     0.344    69.635    17.620     8.968     0.006
     0.344    69.638    17.621     8.969     0.006
     0.344    69.642    17.622     8.969     0.006
     0.344    69.646    17.623     8.969     0.006
     0.344    69.649    17.624     8.969     0.006
     0.344    69.653    17.624     8.969     0.006
     0.344    69.656    17.625     8.969     0.006
     0.344    69.660    17.626     8.969     0.006
     0.344    69.663    17.627     8.969     0.006
     0.344    69.667    17.628     8.969     0.006
     0.344    69.670    17.629     8.969     0.006
     0.344    69.674    17.630     8.969     0.006
     0.344    69.677    17.631     8.969     0.006
     0.344    69.681    17.632     8.970     0.006
     0.344    69.685    17.632     8.970     0.006
     0.344    69.688    17.633     8.970     0.006
     0.344    69.692    17.634     8.970     0.006
     0.344    69.695    17.635     8.970     0.006
     0.344    69.699    17.636     8.970     0.006
     0.344    69.702    17.637     8.970     0.006
     0.344    69.706    17.638     8.970     0.006
     0.344    69.709    17.639     8.970     0.006
     0.344    69.713    17.640     8.970     0.006
     0.344    69.716    17.641     8.970     0.006
     0.344    69.720    17.641     8.970     0.006
     0.344    69.723    17.642     8.970     0.006
     0.344    69.727    17.643     8.971     0.006
     0.344    69.731    17.644     8.971     0.006
     0.344    69.734    17.645     8.971     0.006
     0.344    69.738    17.646     8.971     0.006
     0.344    69.741    17.647     8.971     0.006
     0.344    69.745    17.648     8.971     0.006
     0.344    69.748    17.649     8.971     0.006
     0.344    69.752    17.650     8.971     0.006
     0.344    69.755    17.650     8.971     0.006
     0.344    69.759    17.651     8.971     0.006
     0.344    69.762    17.652     8.971     0.006
     0.344    69.766    17.653     8.971     0.006
     0.344    69.769    17.654     8.972     0.006
     0.343    69.773    17.655     8.972     0.006
     0.343    69.776    17.656     8.972     0.006
     0.343    69.780    17.657     8.972     0.006
     0.343    69.784    17.658     8.972     0.006
     0.343    69.787    17.658     8.972     0.006
     0.343    69.791    17.659     8.972     0.006
     0.343    69.794    17.660     8.972     0.006
     0.343    69.798    17.661     8.972     0.006
     0.343    69.801    17.662     8.972     0.006
     0.343    69.805    17.663     8.972     0.006
     0.343    69.808    17.664     8.972     0.006
     0.343    69.812    17.665     8.972     0.006
     0.343    69.815    17.666     8.973     0.006
     0.343    69.819    17.667     8.973     0.006
     0.343    69.822    17.667     8.973     0.006
     0.343    69.826    17.668     8.973     0.006
     0.343    69.829    17.669     8.973     0.006
     0.343    69.833    17.670     8.973     0.006
     0.343    69.837    17.671     8.973     0.006
     0.343    69.840    17.672     8.973     0.006
     0.343    69.844    17.673     8.973     0.006
     0.343    69.847    17.674     8.973     0.006
     0.343    69.851    17.675     8.973     0.006
     0.343    69.854    17.675     8.973     0.006
     0.343    69.858    17.676     8.974     0.006
     0.343    69.861    17.677     8.974     0.006
     0.343    69.865    17.678     8.974     0.006
     0.343    69.868    17.679     8.974     0.006
     0.343    69.872    17.680     8.974     0.006
     0.343    69.875    17.681     8.974     0.006
     0.343    69.879    17.682     8.974     0.006
     0.343    69.882    17.683     8.974     0.006
     0.343    69.886    17.684     8.974     0.006
     0.343    69.889    17.684     8.974     0.006
     0.343    69.893    17.685     8.974     0.006
     0.343    69.897    17.686     8.974     0.006
     0.343    69.900    17.687     8.974     0.006
     0.343    69.904    17.688     8.975     0.006
     0.343    69.907    17.689     8.975     0.006
     0.343    69.911    17.690     8.975     0.006
     0.343    69.914    17.691     8.975     0.006
     0.343    69.918    17.692     8.975     0.006
     0.343    69.921    17.692     8.975     0.006
     0.343    69.925    17.693     8.975     0.006
     0.343    69.928    17.694     8.975     0.006
     0.343    69.932    17.695     8.975     0.006
     0.343    69.935    17.696     8.975     0.006
     0.343    69.939    17.697     8.975     0.006
     0.343    69.942    17.698     8.975     0.006
     0.343    69.946    17.699     8.976     0.006
     0.343    69.949    17.700     8.976     0.006
     0.343    69.953    17.701     8.976     0.006
     0.343    69.956    17.701     8.976     0.006
     0.343    69.960    17.702     8.976     0.006
     0.343    69.964    17.703     8.976     0.006
     0.343    69.967    17.704     8.976     0.006
     0.343    69.971    17.705     8.976     0.006
     0.343    69.974    17.706     8.976     0.006
     0.342    69.978    17.707     8.976     0.006
     0.342    69.981    17.708     8.976     0.006
     0.342    69.985    17.709     8.976     0.006
     0.342    69.988    17.709     8.976     0.006
     0.342    69.992    17.710     8.977     0.006
     0.342    69.995    17.711     8.977     0.006
     0.342    69.999    17.712     8.977     0.006
     0.342    70.002    17.713     8.977     0.006
     0.342    70.006    17.714     8.977     0.006
     0.342    70.009    17.715     8.977     0.006
     0.342    70.013    17.716     8.977     0.006
     0.342    70.016    17.717     8.977     0.006
     0.342    70.020    17.717     8.977     0.006
     0.342    70.023    17.718     8.977     0.006
     0.342    70.027    17.719     8.977     0.006
     0.342    70.030    17.720     8.977     0.006
     0.342    70.034    17.721     8.978     0.006
     0.342    70.038    17.722     8.978     0.006
     0.342    70.041    17.723     8.978     0.006
     0.342    70.045    17.724     8.978     0.006
     0.342    70.048    17.725     8.978     0.006
     0.342    70.052    17.726     8.978     0.006
     0.342    70.055    17.726     8.978     0.006
     0.342    70.059    17.727     8.978     0.006
     0.342    70.062    17.728     8.978     0.006
     0.342    70.066    17.729     8.978     0.006
     0.342    70.069    17.730     8.978     0.006
     0.342    70.073    17.731     8.978     0.006
     0.342    70.076    17.732     8.978     0.006
     0.342    70.080    17.733     8.979     0.006
     0.342    70.083    17.734     8.979     0.006
     0.342    70.087    17.734     8.979     0.006
     0.342    70.090    17.735     8.979     0.006
     0.342    70.094    17.736     8.979     0.006
     0.342    70.097    17.737     8.979     0.006
     0.342    70.101    17.738     8.979     0.006
     0.342    70.104    17.739     8.979     0.006
     0.342    70.108    17.740     8.979     0.006
     0.342    70.111    17.741     8.979     0.006
     0.342    70.115    17.742     8.979     0.006
     0.342    70.118    17.742     8.979     0.006
     0.342    70.122    17.743     8.980     0.006
     0.342    70.126    17.744     8.980     0.006
     0.342    70.129    17.745     8.980     0.006
     0.342    70.133    17.746     8.980     0.006
     0.342    70.136    17.747     8.980     0.006
     0.342    70.140    17.748     8.980     0.006
     0.342    70.143    17.749     8.980     0.006
     0.342    70.147    17.750     8.980     0.006
     0.342    70.150    17.750     8.980     0.006
     0.342    70.154    17.751     8.980     0.006
     0.342    70.157    17.752     8.980     0.006
     0.342    70.161    17.753     8.980     0.006
     0.342    70.164    17.754     8.980     0.006
     0.342    70.168    17.755     8.981     0.006
     0.342    70.171    17.756     8.981     0.006
     0.342    70.175    17.757     8.981     0.006
     0.342    70.178    17.758     8.981     0.006
     0.341    70.182    17.758     8.981     0.006
     0.341    70.185    17.759     8.981     0.006
     0.341    70.189    17.760     8.981     0.006
     0.341    70.192    17.761     8.981     0.006
     0.341    70.196    17.762     8.981     0.006
     0.341    70.199    17.763     8.981     0.006
     0.341    70.203    17.764     8.981     0.006
     0.341    70.206    17.765     8.981     0.006
     0.341    70.210    17.766     8.982     0.006
     0.341    70.213    17.766     8.982     0.006
     0.341    70.217    17.767     8.982     0.006
     0.341    70.220    17.768     8.982     0.006
     0.341    70.224    17.769     8.982     0.006
     0.341    70.227    17.770     8.982     0.006
     0.341    70.231    17.771     8.982     0.006
     0.341    70.234    17.772     8.982     0.006
     0.341    70.238    17.773     8.982     0.006
     0.341    70.241    17.774     8.982     0.006
     0.341    70.245    17.774     8.982     0.006
     0.341    70.248    17.775     8.982     0.006
     0.341    70.252    17.776     8.982     0.006
     0.341    70.256    17.777     8.983     0.006
     0.341    70.259    17.778     8.983     0.006
     0.341    70.263    17.779     8.983     0.006
     0.341    70.266    17.780     8.983     0.006
     0.341    70.270    17.781     8.983     0.006
     0.341    70.273    17.782     8.983     0.006
     0.341    70.277    17.782     8.983     0.006
     0.341    70.280    17.783     8.983     0.006
     0.341    70.284    17.784     8.983     0.006
     0.341    70.287    17.785     8.983     0.006
     0.341    70.291    17.786     8.983     0.006
     0.341    70.294    17.787     8.983     0.006
     0.341    70.298    17.788     8.984     0.006
     0.341    70.301    17.789     8.984     0.006
     0.341    70.305    17.790     8.984     0.006
     0.341    70.308    17.790     8.984     0.006
     0.341    70.312    17.791     8.984     0.006
     0.341    70.315    17.792     8.984     0.006
     0.341    70.319    17.793     8.984     0.006
     0.341    70.322    17.794     8.984     0.006
     0.341    70.326    17.795     8.984     0.006
     0.341    70.329    17.796     8.984     0.006
     0.341    70.333    17.797     8.984     0.006
     0.341    70.336    17.798     8.984     0.006
     0.341    70.340    17.798     8.984     0.006
     0.341    70.343    17.799     8.985     0.006
     0.341    70.347    17.800     8.985     0.006
     0.341    70.350    17.801     8.985     0.006
     0.341    70.354    17.802     8.985     0.006
     0.341    70.357    17.803     8.985     0.006
     0.341    70.361    17.804     8.985     0.006
     0.341    70.364    17.805     8.985     0.006
     0.341    70.368    17.806     8.985     0.006
     0.341    70.371    17.806     8.985     0.006
     0.341    70.375    17.807     8.985     0.006
     0.341    70.378    17.808     8.985     0.006
     0.341    70.382    17.809     8.985     0.006
     0.341    70.385    17.810     8.986     0.006
     0.340    70.389    17.811     8.986     0.006
     0.340    70.392    17.812     8.986     0.006
     0.340    70.396    17.813     8.986     0.006
     0.340    70.399    17.814     8.986     0.006
     0.340    70.403    17.814     8.986     0.006
     0.340    70.406    17.815     8.986     0.006
     0.340    70.410    17.816     8.986     0.006
     0.340    70.413    17.817     8.986     0.006
     0.340    70.417    17.818     8.986     0.006
     0.340    70.420    17.819     8.986     0.006
     0.340    70.424    17.820     8.986     0.006
     0.340    70.427    17.821     8.986     0.006
     0.340    70.431    17.822     8.987     0.006
     0.340    70.434    17.822     8.987     0.006
     0.340    70.438    17.823     8.987     0.006
     0.340    70.441    17.824     8.987     0.006
     0.340    70.445    17.825     8.987     0.006
     0.340    70.448    17.826     8.987     0.006
     0.340    70.452    17.827     8.987     0.006
     0.340    70.455    17.828     8.987     0.006
     0.340    70.459    17.829     8.987     0.006
     0.340    70.462    17.830     8.987     0.006
     0.340    70.466    17.830     8.987     0.006
     0.340    70.469    17.831     8.987     0.006
     0.340    70.473    17.832     8.988     0.006
     0.340    70.476    17.833     8.988     0.006
     0.340    70.480    17.834     8.988     0.006
     0.340    70.483    17.835     8.988     0.006
     0.340    70.487    17.836     8.988     0.006
     0.340    70.490    17.837     8.988     0.006
     0.340    70.494    17.838     8.988     0.006
     0.340    70.497    17.838     8.988     0.006
     0.340    70.501    17.839     8.988     0.006
     0.340    70.504    17.840     8.988     0.006
     0.340    70.508    17.841     8.988     0.006
     0.340    70.511    17.842     8.988     0.006
     0.340    70.515    17.843     8.988     0.006
     0.340    70.518    17.844     8.989     0.006
     0.340    70.522    17.845     8.989     0.006
     0.340    70.525    17.846     8.989     0.006
     0.340    70.529    17.846     8.989     0.006
     0.340    70.532    17.847     8.989     0.006
     0.340    70.536    17.848     8.989     0.006
     0.340    70.539    17.849     8.989     0.006
     0.340    70.543    17.850     8.989     0.006
     0.340    70.546    17.851     8.989     0.006
     0.340    70.550    17.852     8.989     0.006
     0.340    70.553    17.853     8.989     0.006
     0.340    70.557    17.853     8.989     0.006
     0.340    70.560    17.854     8.990     0.006
     0.340    70.564    17.855     8.990     0.006
     0.340    70.567    17.856     8.990     0.006
     0.340    70.571    17.857     8.990     0.006
     0.340    70.574    17.858     8.990     0.006
     0.340    70.578    17.859     8.990     0.006
     0.340    70.581    17.860     8.990     0.006
     0.340    70.585    17.861     8.990     0.006
     0.340    70.588    17.861     8.990     0.006
     0.340    70.592    17.862     8.990     0.006
     0.339    70.595    17.863     8.990     0.006
     0.339    70.599    17.864     8.990     0.006
     0.339    70.602    17.865     8.990     0.006
     0.339    70.606    17.866     8.991     0.006
     0.339    70.609    17.867     8.991     0.006
     0.339    70.613    17.868     8.991     0.006
     0.339    70.616    17.869     8.991     0.006
     0.339    70.620    17.869     8.991     0.006
     0.339    70.623    17.870     8.991     0.006
     0.339    70.627    17.871     8.991     0.006
     0.339    70.630    17.872     8.991     0.006
     0.339    70.634    17.873     8.991     0.006
     0.339    70.637    17.874     8.991     0.006
     0.339    70.641    17.875     8.991     0.006
     0.339    70.644    17.876     8.991     0.006
     0.339    70.648    17.876     8.992     0.006
     0.339    70.651    17.877     8.992     0.006
     0.339    70.655    17.878     8.992     0.006
     0.339    70.658    17.879     8.992     0.006
     0.339    70.662    17.880     8.992     0.006
     0.339    70.665    17.881     8.992     0.006
     0.339    70.669    17.882     8.992     0.006
     0.339    70.672    17.883     8.992     0.006
     0.339    70.675    17.884     8.992     0.006
     0.339    70.679    17.884     8.992     0.006
     0.339    70.682    17.885     8.992     0.006
     0.339    70.686    17.886     8.992     0.006
     0.339    70.689    17.887     8.992     0.006
     0.339    70.693    17.888     8.993     0.006
     0.339    70.696    17.889     8.993     0.006
     0.339    70.700    17.890     8.993     0.006
     0.339    70.703    17.891     8.993     0.006
     0.339    70.707    17.892     8.993     0.006
     0.339    70.710    17.892     8.993     0.006
     0.339    70.714    17.893     8.993     0.006
     0.339    70.717    17.894     8.993     0.006
     0.339    70.721    17.895     8.993     0.006
     0.339    70.724    17.896     8.993     0.006
     0.339    70.728    17.897     8.993     0.006
     0.339    70.731    17.898     8.993     0.006
     0.339    70.735    17.899     8.994     0.006
     0.339    70.738    17.899     8.994     0.006
     0.339    70.742    17.900     8.994     0.006
     0.339    70.745    17.901     8.994     0.006
     0.339    70.749    17.902     8.994     0.006
     0.339    70.752    17.903     8.994     0.006
     0.339    70.756    17.904     8.994     0.006
     0.339    70.759    17.905     8.994     0.006
     0.339    70.763    17.906     8.994     0.006
     0.339    70.766    17.907     8.994     0.006
     0.339    70.770    17.907     8.994     0.006
     0.339    70.773    17.908     8.994     0.006
     0.339    70.777    17.909     8.994     0.006
     0.339    70.780    17.910     8.995     0.006
     0.339    70.784    17.911     8.995     0.006
     0.339    70.787    17.912     8.995     0.006
     0.339    70.791    17.913     8.995     0.006
     0.339    70.794    17.914     8.995     0.006
     0.339    70.798    17.914     8.995     0.006
     0.339    70.801    17.915     8.995     0.006
     0.338    70.804    17.916     8.995     0.006
     0.338    70.808    17.917     8.995     0.006
     0.338    70.811    17.918     8.995     0.006
     0.338    70.815    17.919     8.995     0.006
     0.338    70.818    17.920     8.995     0.006
     0.338    70.822    17.921     8.996     0.006
     0.338    70.825    17.922     8.996     0.006
     0.338    70.829    17.922     8.996     0.006
     0.338    70.832    17.923     8.996     0.006
     0.338    70.836    17.924     8.996     0.006
     0.338    70.839    17.925     8.996     0.006
     0.338    70.843    17.926     8.996     0.006
     0.338    70.846    17.927     8.996     0.006
     0.338    70.850    17.928     8.996     0.006
     0.338    70.853    17.929     8.996     0.006
     0.338    70.857    17.929     8.996     0.006
     0.338    70.860    17.930     8.996     0.006
     0.338    70.864    17.931     8.996     0.006
     0.338    70.867    17.932     8.997     0.006
     0.338    70.871    17.933     8.997     0.006
     0.338    70.874    17.934     8.997     0.006
     0.338    70.878    17.935     8.997     0.006
     0.338    70.881    17.936     8.997     0.006
     0.338    70.885    17.937     8.997     0.006
     0.338    70.888    17.937     8.997     0.006
     0.338    70.892    17.938     8.997     0.006
     0.338    70.895    17.939     8.997     0.006
     0.338    70.898    17.940     8.997     0.006
     0.338    70.902    17.941     8.997     0.006
     0.338    70.905    17.942     8.997     0.006
     0.338    70.909    17.943     8.998     0.006
     0.338    70.912    17.944     8.998     0.006
     0.338    70.916    17.944     8.998     0.006
     0.338    70.919    17.945     8.998     0.006
     0.338    70.923    17.946     8.998     0.006
     0.338    70.926    17.947     8.998     0.006
     0.338    70.930    17.948     8.998     0.006
     0.338    70.933    17.949     8.998     0.006
     0.338    70.937    17.950     8.998     0.006
     0.338    70.940    17.951     8.998     0.006
     0.338    70.944    17.952     8.998     0.006
     0.338    70.947    17.952     8.998     0.006
     0.338    70.951    17.953     8.998     0.006
     0.338    70.954    17.954     8.999     0.006
     0.338    70.958    17.955     8.999     0.006
     0.338    70.961    17.956     8.999     0.006
     0.338    70.965    17.957     8.999     0.006
     0.338    70.968    17.958     8.999     0.006
     0.338    70.971    17.959     8.999     0.006
     0.338    70.975    17.959     8.999     0.006
     0.338    70.978    17.960     8.999     0.006
     0.338    70.982    17.961     8.999     0.006
     0.338    70.985    17.962     8.999     0.006
     0.338    70.989    17.963     8.999     0.006
     0.338    70.992    17.964     8.999     0.006
     0.338    70.996    17.965     9.000     0.006
     0.338    70.999    17.966     9.000     0.006
     0.338    71.003    17.966     9.000     0.006
     0.338    71.006    17.967     9.000     0.006
     0.338    71.010    17.968     9.000     0.006
     0.338    71.013    17.969     9.000     0.006
     0.337    71.017    17.970     9.000     0.006
     0.337    71.020    17.971     9.000     0.006
     0.337    71.024    17.972     9.000     0.006
     0.337    71.027    17.973     9.000     0.006
     0.337    71.031    17.974     9.000     0.006
     0.337    71.034    17.974     9.000     0.006
     0.337    71.037    17.975     9.000     0.006
     0.337    71.041    17.976     9.001     0.006
     0.337    71.044    17.977     9.001     0.006
     0.337    71.048    17.978     9.001     0.006
     0.337    71.051    17.979     9.001     0.006
     0.337    71.055    17.980     9.001     0.006
     0.337    71.058    17.981     9.001     0.006
     0.337    71.062    17.981     9.001     0.006
     0.337    71.065    17.982     9.001     0.006
     0.337    71.069    17.983     9.001     0.006
     0.337    71.072    17.984     9.001     0.006
     0.337    71.076    17.985     9.001     0.006
     0.337    71.079    17.986     9.001     0.006
     0.337    71.083    17.987     9.002     0.006
     0.337    71.086    17.988     9.002     0.006
     0.337    71.090    17.988     9.002     0.006
     0.337    71.093    17.989     9.002     0.006
     0.337    71.096    17.990     9.002     0.006
     0.337    71.100    17.991     9.002     0.006
     0.337    71.103    17.992     9.002     0.006
     0.337    71.107    17.993     9.002     0.006
     0.337    71.110    17.994     9.002     0.006
     0.337    71.114    17.995     9.002     0.006
     0.337    71.117    17.995     9.002     0.006
     0.337    71.121    17.996     9.002     0.006
     0.337    71.124    17.997     9.002     0.006
     0.337    71.128    17.998     9.003     0.006
     0.337    71.131    17.999     9.003     0.006
     0.337    71.135    18.000     9.003     0.006
     0.337    71.138    18.001     9.003     0.006
     0.337    71.142    18.002     9.003     0.006
     0.337    71.145    18.003     9.003     0.006
     0.337    71.148    18.003     9.003     0.006
     0.337    71.152    18.004     9.003     0.006
     0.337    71.155    18.005     9.003     0.006
     0.337    71.159    18.006     9.003     0.006
     0.337    71.162    18.007     9.003     0.006
     0.337    71.166    18.008     9.003     0.006
     0.337    71.169    18.009     9.004     0.006
     0.337    71.173    18.010     9.004     0.006
     0.337    71.176    18.010     9.004     0.006
     0.337    71.180    18.011     9.004     0.006
     0.337    71.183    18.012     9.004     0.006
     0.337    71.187    18.013     9.004     0.006
     0.337    71.190    18.014     9.004     0.006
     0.337    71.194    18.015     9.004     0.006
     0.337    71.197    18.016     9.004     0.006
     0.337    71.200    18.017     9.004     0.006
     0.337    71.204    18.017     9.004     0.006
     0.337    71.207    18.018     9.004     0.006
     0.337    71.211    18.019     9.004     0.006
     0.337    71.214    18.020     9.005     0.006
     0.337    71.218    18.021     9.005     0.006
     0.337    71.221    18.022     9.005     0.006
     0.336    71.225    18.023     9.005     0.006
     0.336    71.228    18.024     9.005     0.006
     0.336    71.232    18.024     9.005     0.006
     0.336    71.235    18.025     9.005     0.006
     0.336    71.239    18.026     9.005     0.006
     0.336    71.242    18.027     9.005     0.006
     0.336    71.245    18.028     9.005     0.006
     0.336    71.249    18.029     9.005     0.006
     0.336    71.252    18.030     9.005     0.006
     0.336    71.256    18.031     9.006     0.006
     0.336    71.259    18.031     9.006     0.006
     0.336    71.263    18.032     9.006     0.006
     0.336    71.266    18.033     9.006     0.006
     0.336    71.270    18.034     9.006     0.006
     0.336    71.273    18.035     9.006     0.006
     0.336    71.277    18.036     9.006     0.006
     0.336    71.280    18.037     9.006     0.006
     0.336    71.284    18.038     9.006     0.006
     0.336    71.287    18.038     9.006     0.006
     0.336    71.290    18.039     9.006     0.006
     0.336    71.294    18.040     9.006     0.006
     0.336    71.297    18.041     9.006     0.006
     0.336    71.301    18.042     9.007     0.006
     0.336    71.304    18.043     9.007     0.006
     0.336    71.308    18.044     9.007     0.006
     0.336    71.311    18.045     9.007     0.006
     0.336    71.315    18.045     9.007     0.006
     0.336    71.318    18.046     9.007     0.006
     0.336    71.322    18.047     9.007     0.006
     0.336    71.325    18.048     9.007     0.006
     0.336    71.329    18.049     9.007     0.006
     0.336    71.332    18.050     9.007     0.006
     0.336    71.335    18.051     9.007     0.006
     0.336    71.339    18.052     9.007     0.006
     0.336    71.342    18.053     9.008     0.006
     0.336    71.346    18.053     9.008     0.006
     0.336    71.349    18.054     9.008     0.006
     0.336    71.353    18.055     9.008     0.006
     0.336    71.356    18.056     9.008     0.006
     0.336    71.360    18.057     9.008     0.006
     0.336    71.363    18.058     9.008     0.006
     0.336    71.367    18.059     9.008     0.006
     0.336    71.370    18.060     9.008     0.006
     0.336    71.373    18.060     9.008     0.006
     0.336    71.377    18.061     9.008     0.006
     0.336    71.380    18.062     9.008     0.006
     0.336    71.384    18.063     9.008     0.006
     0.336    71.387    18.064     9.009     0.006
     0.336    71.391    18.065     9.009     0.006
     0.336    71.394    18.066     9.009     0.006
     0.336    71.398    18.067     9.009     0.006
     0.336    71.401    18.067     9.009     0.006
     0.336    71.405    18.068     9.009     0.006
     0.336    71.408    18.069     9.009     0.006
     0.336    71.411    18.070     9.009     0.006
     0.336    71.415    18.071     9.009     0.006
     0.336    71.418    18.072     9.009     0.006
     0.336    71.422    18.073     9.009     0.006
     0.336    71.425    18.074     9.009     0.006
     0.336    71.429    18.074     9.010     0.006
     0.336    71.432    18.075     9.010     0.006
     0.336    71.436    18.076     9.010     0.006
     0.335    71.439    18.077     9.010     0.006
     0.335    71.443    18.078     9.010     0.006
     0.335    71.446    18.079     9.010     0.006
     0.335    71.449    18.080     9.010     0.006
     0.335    71.453    18.081     9.010     0.006
     0.335    71.456    18.081     9.010     0.006
     0.335    71.460    18.082     9.010     0.006
     0.335    71.463    18.083     9.010     0.006
     0.335    71.467    18.084     9.010     0.006
     0.335    71.470    18.085     9.010     0.006
     0.335    71.474    18.086     9.011     0.006
     0.335    71.477    18.087     9.011     0.006
     0.335    71.480    18.087     9.011     0.006
     0.335    71.484    18.088     9.011     0.006
     0.335    71.487    18.089     9.011     0.006
     0.335    71.491    18.090     9.011     0.006
     0.335    71.494    18.091     9.011     0.006
     0.335    71.498    18.092     9.011     0.006
     0.335    71.501    18.093     9.011     0.006
     0.335    71.505    18.094     9.011     0.006
     0.335    71.508    18.094     9.011     0.006
     0.335    71.512    18.095     9.011     0.006
     0.335    71.515    18.096     9.012     0.006
     0.335    71.518    18.097     9.012     0.006
     0.335    71.522    18.098     9.012     0.006
     0.335    71.525    18.099     9.012     0.006
     0.335    71.529    18.100     9.012     0.006
     0.335    71.532    18.101     9.012     0.006
     0.335    71.536    18.101     9.012     0.006
     0.335    71.539    18.102     9.012     0.006
     0.335    71.543    18.103     9.012     0.006
     0.335    71.546    18.104     9.012     0.006
     0.335    71.549    18.105     9.012     0.006
     0.335    71.553    18.106     9.012     0.006
     0.335    71.556    18.107     9.012     0.006
     0.335    71.560    18.108     9.013     0.006
     0.335    71.563    18.108     9.013     0.006
     0.335    71.567    18.109     9.013     0.006
     0.335    71.570    18.110     9.013     0.006
     0.335    71.574    18.111     9.013     0.006
     0.335    71.577    18.112     9.013     0.006
     0.335    71.580    18.113     9.013     0.006
     0.335    71.584    18.114     9.013     0.006
     0.335    71.587    18.115     9.013     0.006
     0.335    71.591    18.115     9.013     0.006
     0.335    71.594    18.116     9.013     0.006
     0.335    71.598    18.117     9.013     0.006
     0.335    71.601    18.118     9.014     0.006
     0.335    71.605    18.119     9.014     0.006
     0.335    71.608    18.120     9.014     0.006
     0.335    71.611    18.121     9.014     0.006
     0.335    71.615    18.122     9.014     0.006
     0.335    71.618    18.122     9.014     0.006
     0.335    71.622    18.123     9.014     0.006
     0.335    71.625    18.124     9.014     0.006
     0.335    71.629    18.125     9.014     0.006
     0.335    71.632    18.126     9.014     0.006
     0.335    71.636    18.127     9.014     0.006
     0.335    71.639    18.128     9.014     0.006
     0.335    71.642    18.129     9.014     0.006
     0.335    71.646    18.129     9.015     0.006
     0.335    71.649    18.130     9.015     0.006
     0.334    71.653    18.131     9.015     0.006
     0.334    71.656    18.132     9.015     0.006
     0.334    71.660    18.133     9.015     0.006
     0.334    71.663    18.134     9.015     0.006
     0.334    71.667    18.135     9.015     0.006
     0.334    71.670    18.136     9.015     0.006
     0.334    71.673    18.136     9.015     0.006
     0.334    71.677    18.137     9.015     0.006
     0.334    71.680    18.138     9.015     0.006
     0.334    71.684    18.139     9.015     0.006
     0.334    71.687    18.140     9.016     0.006
     0.334    71.691    18.141     9.016     0.006
     0.334    71.694    18.142     9.016     0.006
     0.334    71.698    18.142     9.016     0.006
     0.334    71.701    18.143     9.016     0.006
     0.334    71.704    18.144     9.016     0.006
     0.334    71.708    18.145     9.016     0.006
     0.334    71.711    18.146     9.016     0.006
     0.334    71.715    18.147     9.016     0.006
     0.334    71.718    18.148     9.016     0.006
     0.334    71.722    18.149     9.016     0.006
     0.334    71.725    18.149     9.016     0.006
     0.334    71.728    18.150     9.016     0.006
     0.334    71.732    18.151     9.017     0.006
     0.334    71.735    18.152     9.017     0.006
     0.334    71.739    18.153     9.017     0.006
     0.334    71.742    18.154     9.017     0.006
     0.334    71.746    18.155     9.017     0.006
     0.334    71.749    18.156     9.017     0.006
     0.334    71.753    18.156     9.017     0.006
     0.334    71.756    18.157     9.017     0.006
     0.334    71.759    18.158     9.017     0.006
     0.334    71.763    18.159     9.017     0.006
     0.334    71.766    18.160     9.017     0.006
     0.334    71.770    18.161     9.017     0.006
     0.334    71.773    18.162     9.018     0.006
     0.334    71.777    18.163     9.018     0.006
     0.334    71.780    18.163     9.018     0.006
     0.334    71.783    18.164     9.018     0.006
     0.334    71.787    18.165     9.018     0.006
     0.334    71.790    18.166     9.018     0.006
     0.334    71.794    18.167     9.018     0.006
     0.334    71.797    18.168     9.018     0.006
     0.334    71.801    18.169     9.018     0.006
     0.334    71.804    18.169     9.018     0.006
     0.334    71.808    18.170     9.018     0.006
     0.334    71.811    18.171     9.018     0.006
     0.334    71.814    18.172     9.018     0.006
     0.334    71.818    18.173     9.019     0.006
     0.334    71.821    18.174     9.019     0.006
     0.334    71.825    18.175     9.019     0.006
     0.334    71.828    18.176     9.019     0.006
     0.334    71.832    18.176     9.019     0.006
     0.334    71.835    18.177     9.019     0.006
     0.334    71.838    18.178     9.019     0.006
     0.334    71.842    18.179     9.019     0.006
     0.334    71.845    18.180     9.019     0.006
     0.334    71.849    18.181     9.019     0.006
     0.334    71.852    18.182     9.019     0.006
     0.334    71.856    18.183     9.019     0.006
     0.334    71.859    18.183     9.020     0.006
     0.334    71.862    18.184     9.020     0.006
     0.333    71.866    18.185     9.020     0.006
     0.333    71.869    18.186     9.020     0.006
     0.333    71.873    18.187     9.020     0.006
     0.333    71.876    18.188     9.020     0.006
     0.333    71.880    18.189     9.020     0.006
     0.333    71.883    18.189     9.020     0.006
     0.333    71.886    18.190     9.020     0.006
     0.333    71.890    18.191     9.020     0.006
     0.333    71.893    18.192     9.020     0.006
     0.333    71.897    18.193     9.020     0.006
     0.333    71.900    18.194     9.020     0.006
     0.333    71.904    18.195     9.021     0.006
     0.333    71.907    18.196     9.021     0.006
     0.333    71.910    18.196     9.021     0.006
     0.333    71.914    18.197     9.021     0.006
     0.333    71.917    18.198     9.021     0.006
     0.333    71.921    18.199     9.021     0.006
     0.333    71.924    18.200     9.021     0.006
     0.333    71.928    18.201     9.021     0.006
     0.333    71.931    18.202     9.021     0.006
     0.333    71.935    18.203     9.021     0.006
     0.333    71.938    18.203     9.021     0.006
     0.333    71.941    18.204     9.021     0.006
     0.333    71.945    18.205     9.022     0.006
     0.333    71.948    18.206     9.022     0.006
     0.333    71.952    18.207     9.022     0.006
     0.333    71.955    18.208     9.022     0.006
     0.333    71.958    18.209     9.022     0.006
     0.333    71.962    18.209     9.022     0.006
     0.333    71.965    18.210     9.022     0.006
     0.333    71.969    18.211     9.022     0.006
     0.333    71.972    18.212     9.022     0.006
     0.333    71.976    18.213     9.022     0.006
     0.333    71.979    18.214     9.022     0.006
     0.333    71.982    18.215     9.022     0.006
     0.333    71.986    18.216     9.022     0.006
     0.333    71.989    18.216     9.023     0.006
     0.333    71.993    18.217     9.023     0.006
     0.333    71.996    18.218     9.023     0.006
     0.333    72.000    18.219     9.023     0.006
     0.333    72.003    18.220     9.023     0.006
     0.333    72.006    18.221     9.023     0.006
     0.333    72.010    18.222     9.023     0.006
     0.333    72.013    18.222     9.023     0.006
     0.333    72.017    18.223     9.023     0.006
     0.333    72.020    18.224     9.023     0.006
     0.333    72.024    18.225     9.023     0.006
     0.333    72.027    18.226     9.023     0.006
     0.333    72.030    18.227     9.024     0.006
     0.333    72.034    18.228     9.024     0.006
     0.333    72.037    18.229     9.024     0.006
     0.333    72.041    18.229     9.024     0.006
     0.333    72.044    18.230     9.024     0.006
     0.333    72.048    18.231     9.024     0.006
     0.333    72.051    18.232     9.024     0.006
     0.333    72.054    18.233     9.024     0.006
     0.333    72.058    18.234     9.024     0.006
     0.333    72.061    18.235     9.024     0.006
     0.333    72.065    18.235     9.024     0.006
     0.333    72.068    18.236     9.024     0.006
     0.333    72.072    18.237     9.024     0.006
     0.333    72.075    18.238     9.025     0.006
     0.333    72.078    18.239     9.025     0.006
     0.332    72.082    18.240     9.025     0.006
     0.332    72.085    18.241     9.025     0.006
     0.332    72.089    18.242     9.025     0.006
     0.332    72.092    18.242     9.025     0.006
     0.332    72.095    18.243     9.025     0.006
     0.332    72.099    18.244     9.025     0.006
     0.332    72.102    18.245     9.025     0.006
     0.332    72.106    18.246     9.025     0.006
     0.332    72.109    18.247     9.025     0.006
     0.332    72.113    18.248     9.025     0.006
     0.332    72.116    18.248     9.026     0.006
     0.332    72.119    18.249     9.026     0.006
     0.332    72.123    18.250     9.026     0.006
     0.332    72.126    18.251     9.026     0.006
     0.332    72.130    18.252     9.026     0.006
     0.332    72.133    18.253     9.026     0.006
     0.332    72.137    18.254     9.026     0.006
     0.332    72.140    18.255     9.026     0.006
     0.332    72.143    18.255     9.026     0.006
     0.332    72.147    18.256     9.026     0.006
     0.332    72.150    18.257     9.026     0.006
     0.332    72.154    18.258     9.026     0.006
     0.332    72.157    18.259     9.026     0.006
     0.332    72.160    18.260     9.027     0.006
     0.332    72.164    18.261     9.027     0.006
     0.332    72.167    18.261     9.027     0.006
     0.332    72.171    18.262     9.027     0.006
     0.332    72.174    18.263     9.027     0.006
     0.332    72.178    18.264     9.027     0.006
     0.332    72.181    18.265     9.027     0.006
     0.332    72.184    18.266     9.027     0.006
     0.332    72.188    18.267     9.027     0.006
     0.332    72.191    18.268     9.027     0.006
     0.332    72.195    18.268     9.027     0.006
     0.332    72.198    18.269     9.027     0.006
     0.332    72.201    18.270     9.028     0.006
     0.332    72.205    18.271     9.028     0.006
     0.332    72.208    18.272     9.028     0.006
     0.332    72.212    18.273     9.028     0.006
     0.332    72.215    18.274     9.028     0.006
     0.332    72.219    18.274     9.028     0.006
     0.332    72.222    18.275     9.028     0.006
     0.332    72.225    18.276     9.028     0.006
     0.332    72.229    18.277     9.028     0.006
     0.332    72.232    18.278     9.028     0.006
     0.332    72.236    18.279     9.028     0.006
     0.332    72.239    18.280     9.028     0.006
     0.332    72.242    18.281     9.028     0.006
     0.332    72.246    18.281     9.029     0.006
     0.332    72.249    18.282     9.029     0.006
     0.332    72.253    18.283     9.029     0.006
     0.332    72.256    18.284     9.029     0.006
     0.332    72.259    18.285     9.029     0.006
     0.332    72.263    18.286     9.029     0.006
     0.332    72.266    18.287     9.029     0.006
     0.332    72.270    18.287     9.029     0.006
     0.332    72.273    18.288     9.029     0.006
     0.332    72.277    18.289     9.029     0.006
     0.332    72.280    18.290     9.029     0.006
     0.332    72.283    18.291     9.029     0.006
     0.332    72.287    18.292     9.030     0.006
     0.332    72.290    18.293     9.030     0.006
     0.332    72.294    18.293     9.030     0.006
     0.332    72.297    18.294     9.030     0.006
     0.331    72.300    18.295     9.030     0.006
     0.331    72.304    18.296     9.030     0.006
     0.331    72.307    18.297     9.030     0.006
     0.331    72.311    18.298     9.030     0.006
     0.331    72.314    18.299     9.030     0.006
     0.331    72.317    18.300     9.030     0.006
     0.331    72.321    18.300     9.030     0.006
     0.331    72.324    18.301     9.030     0.006
     0.331    72.328    18.302     9.030     0.006
     0.331    72.331    18.303     9.031     0.006
     0.331    72.335    18.304     9.031     0.006
     0.331    72.338    18.305     9.031     0.006
     0.331    72.341    18.306     9.031     0.006
     0.331    72.345    18.306     9.031     0.006
     0.331    72.348    18.307     9.031     0.006
     0.331    72.352    18.308     9.031     0.006
     0.331    72.355    18.309     9.031     0.006
     0.331    72.358    18.310     9.031     0.006
     0.331    72.362    18.311     9.031     0.006
     0.331    72.365    18.312     9.031     0.006
     0.331    72.369    18.312     9.031     0.006
     0.331    72.372    18.313     9.032     0.006
     0.331    72.375    18.314     9.032     0.006
     0.331    72.379    18.315     9.032     0.006
     0.331    72.382    18.316     9.032     0.006
     0.331    72.386    18.317     9.032     0.006
     0.331    72.389    18.318     9.032     0.006
     0.331    72.392    18.319     9.032     0.006
     0.331    72.396    18.319     9.032     0.006
     0.331    72.399    18.320     9.032     0.006
     0.331    72.403    18.321     9.032     0.006
     0.331    72.406    18.322     9.032     0.006
     0.331    72.410    18.323     9.032     0.006
     0.331    72.413    18.324     9.032     0.006
     0.331    72.416    18.325     9.033     0.006
     0.331    72.420    18.325     9.033     0.006
     0.331    72.423    18.326     9.033     0.006
     0.331    72.427    18.327     9.033     0.006
     0.331    72.430    18.328     9.033     0.006
     0.331    72.433    18.329     9.033     0.006
     0.331    72.437    18.330     9.033     0.006
     0.331    72.440    18.331     9.033     0.006
     0.331    72.444    18.331     9.033     0.006
     0.331    72.447    18.332     9.033     0.006
     0.331    72.450    18.333     9.033     0.006
     0.331    72.454    18.334     9.033     0.006
     0.331    72.457    18.335     9.034     0.006
     0.331    72.461    18.336     9.034     0.006
     0.331    72.464    18.337     9.034     0.006
     0.331    72.467    18.338     9.034     0.006
     0.331    72.471    18.338     9.034     0.006
     0.331    72.474    18.339     9.034     0.006
     0.331    72.478    18.340     9.034     0.006
     0.331    72.481    18.341     9.034     0.006
     0.331    72.484    18.342     9.034     0.006
     0.331    72.488    18.343     9.034     0.006
     0.331    72.491    18.344     9.034     0.006
     0.331    72.495    18.344     9.034     0.006
     0.331    72.498    18.345     9.034     0.006
     0.331    72.501    18.346     9.035     0.006
     0.331    72.505    18.347     9.035     0.006
     0.331    72.508    18.348     9.035     0.006
     0.331    72.512    18.349     9.035     0.006
     0.331    72.515    18.350     9.035     0.006
     0.330    72.518    18.350     9.035     0.006
     0.330    72.522    18.351     9.035     0.006
     0.330    72.525    18.352     9.035     0.006
     0.330    72.529    18.353     9.035     0.006
     0.330    72.532    18.354     9.035     0.006
     0.330    72.535    18.355     9.035     0.006
     0.330    72.539    18.356     9.035     0.006
     0.330    72.542    18.356     9.036     0.006
     0.330    72.546    18.357     9.036     0.006
     0.330    72.549    18.358     9.036     0.006
     0.330    72.552    18.359     9.036     0.006
     0.330    72.556    18.360     9.036     0.006
     0.330    72.559    18.361     9.036     0.006
     0.330    72.563    18.362     9.036     0.006
     0.330    72.566    18.362     9.036     0.006
     0.330    72.569    18.363     9.036     0.006
     0.330    72.573    18.364     9.036     0.006
     0.330    72.576    18.365     9.036     0.006
     0.330    72.580    18.366     9.036     0.006
     0.330    72.583    18.367     9.036     0.006
     0.330    72.586    18.368     9.037     0.006
     0.330    72.590    18.369     9.037     0.006
     0.330    72.593    18.369     9.037     0.006
     0.330    72.597    18.370     9.037     0.006
     0.330    72.600    18.371     9.037     0.006
     0.330    72.603    18.372     9.037     0.006
     0.330    72.607    18.373     9.037     0.007
     0.330    72.610    18.374     9.037     0.007
     0.330    72.614    18.375     9.037     0.007
     0.330    72.617    18.375     9.037     0.007
     0.330    72.620    18.376     9.037     0.007
     0.330    72.624    18.377     9.037     0.007
     0.330    72.627    18.378     9.038     0.007
     0.330    72.631    18.379     9.038     0.007
     0.330    72.634    18.380     9.038     0.007
     0.330    72.637    18.381     9.038     0.007
     0.330    72.641    18.381     9.038     0.007
     0.330    72.644    18.382     9.038     0.007
     0.330    72.648    18.383     9.038     0.007
     0.330    72.651    18.384     9.038     0.007
     0.330    72.654    18.385     9.038     0.007
     0.330    72.658    18.386     9.038     0.007
     0.330    72.661    18.387     9.038     0.007
     0.330    72.665    18.387     9.038     0.007
     0.330    72.668    18.388     9.038     0.007
     0.330    72.671    18.389     9.039     0.007
     0.330    72.675    18.390     9.039     0.007
     0.330    72.678    18.391     9.039     0.007
     0.330    72.681    18.392     9.039     0.007
     0.330    72.685    18.393     9.039     0.007
     0.330    72.688    18.393     9.039     0.007
     0.330    72.692    18.394     9.039     0.007
     0.330    72.695    18.395     9.039     0.007
     0.330    72.698    18.396     9.039     0.007
     0.330    72.702    18.397     9.039     0.007
     0.330    72.705    18.398     9.039     0.007
     0.330    72.709    18.399     9.039     0.007
     0.330    72.712    18.399     9.040     0.007
     0.330    72.715    18.400     9.040     0.007
     0.330    72.719    18.401     9.040     0.007
     0.330    72.722    18.402     9.040     0.007
     0.330    72.726    18.403     9.040     0.007
     0.330    72.729    18.404     9.040     0.007
     0.330    72.732    18.405     9.040     0.007
     0.330    72.736    18.405     9.040     0.007
     0.329    72.739    18.406     9.040     0.007
     0.329    72.743    18.407     9.040     0.007
     0.329    72.746    18.408     9.040     0.007
     0.329    72.749    18.409     9.040     0.007
     0.329    72.753    18.410     9.040     0.007
     0.329    72.756    18.411     9.041     0.007
     0.329    72.760    18.411     9.041     0.007
     0.329    72.763    18.412     9.041     0.007
     0.329    72.766    18.413     9.041     0.007
     0.329    72.770    18.414     9.041     0.007
     0.329    72.773    18.415     9.041     0.007
     0.329    72.776    18.416     9.041     0.007
     0.329    72.780    18.417     9.041     0.007
     0.329    72.783    18.418     9.041     0.007
     0.329    72.787    18.418     9.041     0.007
     0.329    72.790    18.419     9.041     0.007
     0.329    72.793    18.420     9.041     0.007
     0.329    72.797    18.421     9.042     0.007
     0.329    72.800    18.422     9.042     0.007
     0.329    72.804    18.423     9.042     0.007
     0.329    72.807    18.424     9.042     0.007
     0.329    72.810    18.424     9.042     0.007
     0.329    72.814    18.425     9.042     0.007
     0.329    72.817    18.426     9.042     0.007
     0.329    72.820    18.427     9.042     0.007
